formula,target
Ac1H2,56.1556
Ag1Al1O2,99.9056
Ag1Al1O2,144.441
Ag1Al1S2,71.6539
Ag1Al1Se2,49.6298
Ag1Al1Te2,40.2719
Ag1As1Ba1,43.5877
Ag1As1Ca1,57.4669
Ag1As1S1,40.5661
Ag1As1Sr1,47.7358
Ag1Au1F4,37.0529
Ag1Au1Zn2,94.7667
Ag1Ba1P1,47.988
Ag1Ba1,20.2538
Ag1Be2,114.533
Ag1Bi1Ca1,42.1045
Ag1Bi1Ca1,39.2021
Ag1Bi1K2,15.5392
Ag1Bi1Li2,39.2944
Ag1Bi1Yb1,41.6841
Ag1Br1,38.6889
Ag1Br1,39.3874
Ag1Br1,38.5124
Ag1Br2Cs1,16.2151
Ag1C1,114.983
Ag1C2K1,27.2627
Ag1C2Li1,36.3669
Ag1Ca1P1,63.7787
Ag1Ca1Sb1,47.4612
Ag1Ca1,34.0954
Ag1Cd1Sb1,55.6611
Ag1Cd1,67.7056
Ag1Cl1,40.94
Ag1Cl1,39.5739
Ag1Co1O2,148.95600000000002
Ag1Cr2Te4,44.3111
Ag1Cu4Dy1,99.5222
Ag1Cu4Er1,97.6833
Ag1Cu4Nd1,82.6611
Ag1Cu4Tb1,98.4611
Ag1Cu4U1,90.1778
Ag1Cu4Yb1,78.6556
Ag1Dy1Ge1,80.1779
Ag1Dy1Mg1,56.2255
Ag1Dy1Pb1,61.9337
Ag1Dy1Se2,49.9846
Ag1Dy1Se2,50.461000000000006
Ag1Dy1Si1,86.20299999999999
Ag1Dy1Sn1,68.2056
Ag1Dy1Te2,40.7522
Ag1Dy1,63.2722
Ag1Er1Ge1,82.3075
Ag1Er1Ge1,80.6577
Ag1Er1S2,61.7553
Ag1Er1Se2,51.7113
Ag1Er1Si1,88.4091
Ag1Er1Sn1,68.7992
Ag1Er1Sn1,70.5476
Ag1Er1,65.6
Ag1F1,55.1611
Ag1F3K1,37.8971
Ag1F3Rb1,42.2735
Ag1F3Zn1,82.9444
Ag1Ga1O2,130.981
Ag1Ga1S2,56.5078
Ag1Ga1Te2,38.0463
Ag1Ga1,55.2944
Ag1Gd1,74.5111
Ag1Ge1La1,65.5735
Ag1Ge1Tb1,71.3366
Ag1Hf1,103.11
Ag1Hf2,104.513
Ag1Ho1Pb1,62.1442
Ag1Ho1Se2,49.6763
Ag1Ho1Sn1,68.9502
Ag1Ho1,64.7944
Ag1I1,25.9388
Ag1I1,10.8325
Ag1I1,33.6648
Ag1In1O2,102.215
Ag1In1S2,48.2976
Ag1In1Te2,34.8044
Ag1In2Na3,19.9944
Ag1In5Se8,24.7673
Ag1In5Te8,21.8088
Ag1K1O1,28.0623
Ag1La1Mg1,45.2001
Ag1La1Pb1,54.7832
Ag1La1,46.6056
Ag1La1,36.7466
Ag1Li1,38.6332
Ag1Li1,37.1278
Ag1Li2Sb1,44.0278
Ag1Mg1Sb1,54.3667
Ag1Mg1Y1,53.5309
Ag1Mg1,57.1778
Ag1Mn3N1,58.2889
Ag1N1,130.858
Ag1Na1O1,56.8722
Ag1Nb1O3,189.9
Ag1O1Rb1,23.9464
Ag1O2Sc1,110.133
Ag1O2Y1,98.1959
Ag1O3Sb1,125.922
Ag1P1Pd5,143.289
Ag1P1Pt5,194.622
Ag1P1Sr1,53.2508
Ag1Pb1Tb1,61.7026
Ag1Pb1Y1,63.7335
Ag1Pd3Se1,107.729
Ag1Pt3,191.067
Ag1Pt5Si1,198.197
Ag1S3Ta1,78.3409
Ag1S3Ta1,78.0079
Ag1Sb3Zr5,113.179
Ag1Sc1,74.1389
Ag1Se1Tl1,34.6652
Ag1Si1Y1,84.803
Ag1Sn1Tb1,67.2639
Ag1Sr1,27.1099
Ag1Tb1,61.7444
Ag1Te1Tl1,35.5085
Ag1Te2Y1,38.1973
Ag1Th2,70.487
Ag1Ti1,94.3181
Ag1Ti2,105.475
Ag1Y1,60.2167
Ag1Yb1,28.0056
Ag1Zn1,79.8833
Ag1Zr1,98.8516
Ag1Zr2,94.3041
Ag1,77.4005
Ag2Al1Sc1,86.5611
Ag2Ba1Sn2,43.3386
Ag2Ba1Te2,36.5838
Ag2Ba1,24.3671
Ag2Ca1Ge2,57.0356
Ag2Ca1,40.5794
Ag2Dy1In1,73.9667
Ag2Dy1,68.9932
Ag2Er1In1,74.9111
Ag2Er1,70.7245
Ag2Ge1Li1,56.8056
Ag2Hg1I4,12.7002
Ag2Ho1In1,74.4111
Ag2Ho1,68.243
Ag2In1La1,62.6944
Ag2In1Li1,52.9
Ag2In1Mg1,64.3944
Ag2In1Sc1,78.8722
Ag2In1Tb1,73.3722
Ag2In1Y1,72.8444
Ag2La1Si2,83.8542
Ag2Li1Sn1,53.0667
Ag2Mo1O4,64.0111
Ag2Na1,37.0
Ag2O1,56.2778
Ag2S1,55.8904
Ag2S1,61.6644
Ag2Sc1,77.9937
Ag2Si2Sr1,64.4664
Ag2Si2Tb1,91.7254
Ag2Si2Yb1,68.8878
Ag2Sn2Sr1,44.6979
Ag2Sr1,36.9429
Ag2Tb1,66.2387
Ag2Th1,74.8297
Ag2Y1,67.433
Ag2Yb1,40.5889
Ag3As1O4,65.45
Ag3I1S1,39.7649
Ag3Na1S2,29.8167
Ag3O4P1,72.2944
Ag3P1S4,41.8712
Ag3Pt1,111.094
Ag5O6Pb2,73.7187
Ag5S4Sb1,35.2376
Ag8Ca19N7,41.0222
Ag8Ca3,45.5833
Ag9In4,67.5611
Al0.4C0.2Mo0.6,221.206
Al0.4C0.2Nb0.6,188.739
Al0.4C0.2Ta0.6,201.144
Al10V1,85.8556
Al16Hf6Os7,165.09400000000002
Al16Hf6Pd7,129.078
Al16Hf6Pt7,146.267
Al16Hf6Rh7,144.122
Al16Ir7Sc6,142.356
Al16Ni7Sc6,110.706
Al16Os7Sc6,143.139
Al16Os7Zr6,158.944
Al16Pd7Sc6,109.661
Al16Pd7Ti6,127.528
Al16Pd7Zr6,127.578
Al16Pt7Ti6,140.072
Al16Pt7Zr6,145.2
Al16Rh7Sc6,127.561
Al16Ru7Sc6,128.328
Al16Ru7Zr6,146.033
Al18Cr2Mg3,87.9722
Al18Mg3Mn2,65.7611
Al18Mg3Mo2,88.7056
Al18Mg3Ta2,84.9278
Al18Mg3Ti2,76.5944
Al18Mg3V2,84.8667
Al18Mg3W2,91.0778
Al1As1,66.7646
Al1Au1Ca1,60.4457
Al1Au1Dy1,90.5828
Al1Au1Er1,93.2267
Al1Au1O2,164.69299999999998
Al1Au1Y1,87.15
Al1Au1Yb1,60.5531
Al1Au2Hf1,140.472
Al1Au2Mn1,104.55
Al1Au2Sc1,108.244
Al1Au2Ti1,131.283
Al1Au2,113.399
Al1Au2,124.199
Al1B1Be1,140.778
Al1Ba1Ge1,44.3828
Al1Ba1Si1,49.0752
Al1Bi1O3,189.289
Al1Bi1,37.8444
Al1C1Co3,171.611
Al1C1Dy3,76.9278
Al1C1Er3,84.1944
Al1C1Er3,37.0278
Al1C1Gd3,80.65
Al1C1Ho3,81.2167
Al1C1La3,56.6833
Al1C1Sc3,97.2611
Al1C1Tb3,76.8
Al1C1Tb3,35.6278
Al1C1Ti2,136.207
Al1C1Ti3,149.256
Al1C1V2,174.037
Al1C1Y3,80.6944
Al1C1Zr2,123.923
Al1C3Nb4,221.83900000000003
Al1C3Ta4,235.716
Al1C3V4,213.004
Al1Ca1Si1,55.4562
Al1Ca1Si1,56.7437
Al1Ca1Si1,57.0844
Al1Ca3Sb3,37.8383
Al1Cl4Cu1,11.9007
Al1Co2Hf1,118.944
Al1Co2Mn1,95.4667
Al1Co2Nb1,129.739
Al1Co2Ta1,135.261
Al1Co2Ti1,105.533
Al1Cr1Cu2,103.611
Al1Cr2,138.40200000000002
Al1Cu1Er1,82.458
Al1Cu1O2,168.227
Al1Cu1Ti2,94.6278
Al1Cu2Hf1,130.75
Al1Cu2Re2,198.38
Al1Cu2Sc1,105.144
Al1Cu2Ti1,125.183
Al1Cu2Zr1,127.472
Al1Dy1Ni1,94.1143
Al1Dy1Zn1,70.5259
Al1Dy1,63.5722
Al1Dy3N1,90.7667
Al1Er1Ni1,101.502
Al1Er1Pd1,98.7695
Al1Er1Zn1,71.9397
Al1Er1,66.3514
Al1Er2,56.51
Al1Er3N1,94.5722
Al1F3,124.739
Al1F4Na1,67.4022
Al1F4Rb1,54.974
Al1F5K2,26.0512
Al1F6K3,39.4778
Al1Fe2V1,210.978
Al1Gd1O3,181.021
Al1Ge1Li1,59.0611
Al1Ge1Sc1,85.6588
Al1Ge1Sr1,46.2798
Al1Ge1Y1,81.5208
Al1H3,35.0444
Al1H4Na1,35.3275
Al1H4Th2,97.5627
Al1Hf1Ni2,163.178
Al1Hf1Pd2,156.983
Al1Hf1Pt1,164.497
Al1Hf1,117.731
Al1Hf2,112.192
Al1Ho1Ni1,94.5549
Al1Ho2,57.4884
Al1Ho3N1,92.2556
Al1Ir1Th1,129.668
Al1Ir1,234.556
Al1K1O2,92.1278
Al1K1Te2,18.1246
Al1La1O3,192.322
Al1La1,54.0067
Al1La3N1,67.3722
Al1La3,39.15
Al1La3,40.2577
Al1Li1O2,92.3859
Al1Li1Si1,62.9167
Al1Li1Te2,27.9597
Al1Li1,47.0667
Al1Li1,36.9949
Al1Li2Pd1,68.6556
Al1Li2Pt1,84.3111
Al1Li2Rh1,82.5944
Al1Li5O4,80.2061
Al1Lu3N1,139.8
Al1Mg1Y1,57.4472
Al1Mg3Pt2,100.806
Al1Mn1Ni2,110.45
Al1Mn1Pd2,131.078
Al1Mn1Pt1,128.914
Al1Mn1Rh2,169.139
Al1Mn1Ti2,135.311
Al1Mo3,220.922
Al1N1Tb3,87.7222
Al1N1Zr2,142.336
Al1N1Zr3,134.756
Al1N1,253.039
Al1N1,195.129
Al1N1,204.41
Al1N1,203.557
Al1N1,192.417
Al1N3Ta4,242.926
Al1N3V4,196.139
Al1Nb1Ru2,230.602
Al1Ni1,164.578
Al1Ni2V1,211.389
Al1Ni3,169.983
Al1O2Rb1,91.7111
Al1O3Y1,190.647
Al1O3Y1,168.25099999999998
Al1O4P1,121.645
Al1Os1,239.683
Al1P1,82.8556
Al1P1,82.7112
Al1Pd1Tb1,78.3089
Al1Pd1Tb1,98.5191
Al1Pd1Th1,103.421
Al1Pd1Y1,94.7255
Al1Pd1Y1,96.0641
Al1Pd1,148.028
Al1Pd1,149.106
Al1Pd5,149.56799999999998
Al1Pt1Th1,118.665
Al1Pt1Ti1,151.205
Al1Pt1Zr1,153.749
Al1Pt1Zr1,158.246
Al1Pt1,187.872
Al1Pt1,187.544
Al1Pt2,201.149
Al1Pt3,220.334
Al1Pt3,225.972
Al1Re1,220.767
Al1Re2,256.937
Al1Rh1Th1,121.52
Al1Rh1,198.75
Al1Ru1,201.778
Al1Sb1,48.7593
Al1Sc1,71.2167
Al1Sc2Si2,99.1589
Al1Sc2,69.2389
Al1Se2Tl1,26.9027
Al1Si1Sr1,52.0558
Al1Si1Y1,87.846
Al1Sn3Zr5,104.958
Al1Ta2,158.493
Al1Tb1,62.8056
Al1Tb1,63.7286
Al1Tb2,54.138000000000005
Al1Tb3,49.8167
Al1Tc2,225.171
Al1Th1,73.4412
Al1Ti1Zr2,99.4611
Al1Ti1,105.084
Al1Ti3,114.7
Al1Y1Zn1,68.7043
Al1Y1,62.5167
Al1Y1,59.9133
Al1Y2,52.9926
Al1Y3,51.4167
Al1Zr1,107.029
Al1Zr2,99.3378
Al1Zr2,102.874
Al1Zr3,101.603
Al20La1Ti2,81.4833
Al20La1V2,86.2278
Al20Pr1V2,103.0
Al20Ti2Yb1,78.8722
Al2Au1,101.061
Al2Au2Dy1,100.266
Al2Au2Sr1,71.0228
Al2Au2Th1,111.65
Al2B1Re3,247.039
Al2B2Ru3,238.799
Al2Ba1Ge2,52.2293
Al2Ba1Si2,42.4195
Al2Ba1Si2,57.2479
Al2Ba1,42.3722
Al2C3Th2,141.463
Al2Ca1,56.3278
Al2Cd1O4,173.517
Al2Cd1Se4,63.8611
Al2Cd1Te4,25.9922
Al2Co1O4,188.778
Al2Co1Y1,87.2713
Al2Co1Zr6,107.353
Al2Cu1Mg1,78.0023
Al2Dy1,80.0111
Al2Dy3,59.1659
Al2Er1Ni1,95.6476
Al2Er1,82.5333
Al2Er3,61.4486
Al2Fe1Zr6,103.17
Al2Fe3Si4,166.49400000000003
Al2Ge1La2,63.8394
Al2Hf1,119.268
Al2Hf3,115.997
Al2Hf6Pt1,124.639
Al2Hg1S4,37.9815
Al2Hg1S4,78.4278
Al2Hg1Se4,62.1833
Al2Hg1Te4,25.3311
Al2Ho1,80.4667
Al2Ho3,60.4354
Al2I1La2,47.2802
Al2Ir1Li1,137.417
Al2La1,67.3667
Al2La5Ru3,69.4787
Al2Li1Pt1,123.767
Al2Li1Rh1,120.356
Al2Mg1O4,183.639
Al2Mg1O4,195.544
Al2Mg1,57.7423
Al2Mn1S4,79.7111
Al2N1Nb3,195.856
Al2Ni1Y1,95.177
Al2Ni1Zr6,108.464
Al2O4Zn1,186.856
Al2O5Si1,144.014
Al2O5Si1,215.252
Al2Os1,191.858
Al2Pb1S4,37.6664
Al2Pd1,110.983
Al2Pd5U1,126.016
Al2Pd5Y1,133.09799999999998
Al2Pt1,130.95
Al2Ru1,169.99200000000002
Al2Ru1,170.713
Al2S4Sr1,35.5171
Al2S4Zn1,85.15
Al2Sc1,86.8
Al2Se4Sr1,30.0517
Al2Se4Zn1,67.1389
Al2Sr1,48.0667
Al2Tb1,79.4667
Al2Tb3,57.9702
Al2Te4Zn1,29.6723
Al2Th1,88.6477
Al2Th1,86.35
Al2Th3,72.8746
Al2Y1,80.2778
Al2Y3,58.1696
Al2Yb1,49.0111
Al2Zr1,112.292
Al2Zr1,113.067
Al2Zr1,112.922
Al2Zr1,113.013
Al2Zr3,104.28
Al3B2Ru4,219.999
Al3B6Ni20,192.817
Al3C1Zr5,105.679
Al3C3Dy1,158.119
Al3C3Er1,160.144
Al3C3Gd1,154.787
Al3C3Ho1,159.593
Al3C3Sc1,165.018
Al3C3Tb1,157.295
Al3C3Y1,157.31799999999998
Al3C4Hf2,196.517
Al3C4Zr2,188.68
Al3Dy1,75.4064
Al3Dy1,72.987
Al3Dy1,77.2222
Al3Er1Ni2,116.167
Al3Er1,74.9556
Al3Hf1,106.07
Al3Hf1,107.185
Al3Hf4,115.99
Al3Hf5N1,129.498
Al3Ho1,75.1
Al3Ir1,150.901
Al3Ir1,154.372
Al3La1Pd2,103.461
Al3Li1,65.2889
Al3Nb1,128.547
Al3Ni1,115.239
Al3Ni2Th1,122.458
Al3Ni2,133.439
Al3Os1U2,98.8038
Al3Os2,205.208
Al3Pr1,84.9528
Al3Pt5,199.795
Al3Ru2,151.844
Al3Sc1,80.0167
Al3Sc1,80.3807
Al3Ta1,130.769
Al3Th1,84.28200000000001
Al3Ti1,126.58
Al3U1,79.2667
Al3V1,122.655
Al3Y1,74.8833
Al3Yb1,59.8167
Al3Zr1,103.822
Al3Zr1,101.6
Al3Zr4,107.561
Al4Ba1,50.9005
Al4C1O4,129.172
Al4C4Si1,156.225
Al4C4Th1,159.305
Al4Ce1Ni1,95.86
Al4Co1La1,88.23100000000001
Al4Cu9,118.161
Al4Er1Ni1,99.2219
Al4In3Sr11,24.5541
Al4La1,76.6923
Al4Ni1Tb1,95.9113
Al4Ni3,145.472
Al4Zr5,101.079
Al5Ba5Sn1,29.1983
Al5C3N1,163.019
Al5C3N1,167.234
Al5W1,125.39
Al6Mn1,101.121
Al6Re1,111.734
Al6Tc1,107.935
Al7Cu16Yb6,71.5278
Al7Cu16Zr6,126.144
Al7Th2,85.2668
Al8Dy1Mn4,130.601
Al8Er1Mn4,132.41299999999998
Al8Fe4La1,88.5876
Al8Fe4Y1,90.711
Al8Mo3,138.953
Al9Ba1Co2,84.9363
Al9Ba1Ni2,79.2764
Al9Co2Sr1,87.1694
As12Os4Th1,135.614
As1Au1Ba1,50.6578
As1Au1Ca1,59.8568
As1B1,132.02200000000002
As1B2P1,146.702
As1Ba1Cu1,51.2146
As1Ba1Li1,34.2294
As1Ba1Pd1,58.6726
As1Ba1Pt1,70.4766
As1Be1Na1,45.3944
As1Bi1O4,123.527
As1Br3Ca3,34.4278
As1C1Nb2,204.666
As1C1V3,186.223
As1Ca1Rb1,21.2268
As1Ca2,36.9974
As1Ca3Cl3,37.6278
As1Ca3N1,60.6222
As1Ca3N1,60.0576
As1Cd1K1,28.1584
As1Cd1Li1,47.3778
As1Cd1Li1,48.2611
As1Cd1Pd5,150.695
As1Cd1Pt5,182.313
As1Co1Nb1,171.785
As1Co1S1,116.283
As1Co1S1,115.61
As1Cr1Ni1,177.81799999999998
As1Cr1,85.46700000000001
As1Cu1K2,22.4376
As1Cu1S1,63.856
As1Cu1Sr1,56.2532
As1Cu3S4,67.9556
As1Cu3,105.567
As1Dy1O4,125.65
As1Dy1Pd1,105.508
As1Dy1,77.1889
As1Er1Pt1,116.274
As1Er1,78.6222
As1F6Na1,21.9278
As1Fe1Li1,65.92
As1Fe1Li1,88.9038
As1Fe1Nb1,137.004
As1Ga1,62.6833
As1Ga1,60.6984
As1Ga1,72.9767
As1Ga1,62.7914
As1Gd1,69.6056
As1Ge1,63.5343
As1Hf1Ru1,196.213
As1Hf1,127.466
As1Hg1K1,25.7402
As1Hg1Pd5,133.798
As1Ho1,78.0944
As1In1Pt5,192.079
As1In1,50.0778
As1In1,48.9794
As1In1,63.6111
As1K1Mg1,27.8327
As1K1Zn1,31.3194
As1K3S3,15.7344
As1K3Se3,13.5165
As1La1Te1,57.8135
As1La1,65.1667
As1Li1Mg1,48.8778
As1Li1Zn1,54.4611
As1Mg1Na1,34.5954
As1Mg1Pt5,181.709
As1Mn1Pd2,121.706
As1Mn1Ru1,142.222
As1Na1Sr1,34.647
As1Na1,42.4969
As1Na3S3,22.4879
As1Na3Se3,18.794
As1Na3,23.8489
As1Na3,25.8167
As1Nb1Ni1,197.202
As1Nb1,159.804
As1Nb3Te3,69.4018
As1Nd1,67.7944
As1Ni1S1,104.944
As1Ni1Se1,93.1785
As1Ni1,135.71200000000002
As1O4Sc1,137.499
As1O4Tb1,125.898
As1Pa1,115.722
As1Pb3Zr5,102.192
As1Pd1Se1,91.6432
As1Pd1Sr1,64.811
As1Pd1Tb1,105.813
As1Pd2,130.78799999999998
As1Pd5Sb1,137.506
As1Pd5Tl1,134.482
As1Pt1Sr1,74.1519
As1Pt5Tl1,163.105
As1Pt5Zn1,192.241
As1Pu1,87.2611
As1Pu1,79.0
As1Rb3Se16,12.1108
As1Rh1Ti1,176.612
As1Rh2,195.45
As1Rh2,204.152
As1Ru1Zr1,187.418
As1Sb3Zr5,112.66
As1Sc1,84.6556
As1Sn1,62.3889
As1Sr1,39.5598
As1Sr2,30.9491
As1Tb1,76.6222
As1Te1,62.7889
As1Th1,95.6833
As1Th1,96.5611
As1Ti1,109.431
As1Ti3,107.356
As1Tl1,39.5389
As1U1,75.7556
As1V3,185.322
As1Y1,76.6278
As1Zn1,62.7863
As1Zr1,118.449
As1Zr1,118.361
As1,84.6111
As2Ba1Cu2,59.6226
As2Ba1Ge2,43.1844
As2Ba1Pd2,76.328
As2Ba1Rh2,79.2922
As2Ba1Ru2,77.318
As2Ba1Zn2,53.0518
As2Ba1Zn2,49.8972
As2Ba2Cd1,35.1979
As2Ca1Cd2,50.6593
As2Ca1Fe2,96.2627
As2Ca1Mg2,50.5853
As2Ca1Pd2,88.3553
As2Ca1Ru2,102.609
As2Ca2Cd1,41.9188
As2Cd1Si1,59.0903
As2Cd1Sr2,39.3209
As2Cd1,36.7536
As2Cd3,47.5556
As2Co1,122.105
As2Cs1Rh2,47.4797
As2Cu1Er1,91.5268
As2Cu1Y1,89.8523
As2Dy2Ni1,95.7986
As2Er1Ni4,139.315
As2Ge1Mg1,52.4012
As2Ge1Zn1,60.2161
As2Ge1Zn1,59.0068
As2Hf1,115.707
As2Hf3,135.013
As2Hg1O6,122.942
As2Ho2Ni1,95.567
As2Ir2La1,150.494
As2K2Ni1,23.4735
As2La1Ni2,105.678
As2La1Rh2,129.317
As2Mg3,48.85
As2Mg3,49.3
As2Mg3,49.1878
As2Ni1Tb2,98.5113
As2Ni1U1,116.908
As2Ni1,130.999
As2Ni1,111.037
As2Ni2U1,137.59
As2O3,5.13889
As2O6Sr1,109.965
As2Os1,165.424
As2Pd1,109.558
As2Pt1,133.131
As2Rh2Sr1,55.3483
As2Ru1,148.416
As2Ru2Sr1,73.2524
As2Sc3,84.9777
As2Si1,79.6275
As2Sn1Zn1,52.224
As2Th1,89.0809
As2Zn3,59.2778
As2Zr1,109.262
As2Zr1,57.6155
As2Zr3,126.639
As3Co1,108.067
As3Co1,106.649
As3Co1,107.661
As3Co1,106.857
As3Co1,108.455
As3Co1,108.067
As3Co1,103.885
As3Ir1,129.44899999999998
As3Ir1,129.858
As3Ir1,129.44899999999998
As3La4,61.5407
As3Rh1,113.591
As3Rh1,114.02
As3V5,171.08900000000003
As3Yb4,54.0056
As4Ca3In2,44.1429
As4Ge3,48.3037
As4Mg1,43.8761
As4Mo5,150.238
As4Mo5,176.851
As4Na8Ti1,26.6278
As4O6,5.66667
As4Pa3,114.733
As4Sn3,33.376
As4Th3,95.2333
As6Ru7U4,164.428
As7Ho2Ni12,152.439
As7Mg6Ni16,132.417
As7Re3,159.961
Au1Ba1P1,54.1567
Au1Ba1Sb1,43.5731
Au1Ba1,30.7342
Au1Be5,134.29399999999998
Au1Bi1Ca1,48.65
Au1Bi1Li2,46.9278
Au1C2Cs1,27.0153
Au1C2K1,33.0677
Au1C2Li1,45.882
Au1C2Rb1,30.2743
Au1Ca1Cd1,52.4744
Au1Ca1Ga1,60.2652
Au1Ca1In1,53.8758
Au1Ca1In2,51.2552
Au1Ca1P1,67.7393
Au1Ca1Sb1,50.867
Au1Ca1,45.2752
Au1Ca2N1,57.6108
Au1Ca3N1,52.3056
Au1Ca3,24.758000000000003
Au1Cd1La1,68.2375
Au1Cd1Sb1,67.9
Au1Cd1Yb1,50.5777
Au1Cd1,88.95
Au1Cd1,81.3592
Au1Cl3Cs1,34.1556
Au1Cs1,11.3278
Au1Cu3,121.622
Au1Cu4Dy1,110.878
Au1Cu4Tb1,110.233
Au1Dy1Ge1,89.8574
Au1Dy1In1,82.6016
Au1Dy1Pb1,71.3278
Au1Dy1Sn1,76.9205
Au1Dy1Sn1,75.2493
Au1Dy1,85.1389
Au1Dy2,60.3744
Au1Er1In1,83.584
Au1Er1Ni4,135.511
Au1Er1Pb1,73.0389
Au1Er1Sn1,76.6421
Au1Er1Sn1,81.3389
Au1Er1,88.8556
Au1Er2,63.5208
Au1F4K1,21.8831
Au1Ga1O2,149.547
Au1Ga1Zr1,121.146
Au1Ga2,69.3167
Au1Gd1,91.8833
Au1Gd1,67.735
Au1Ge1Ho1,84.1333
Au1Ge1Sc1,92.642
Au1Ge1Tb1,90.4802
Au1Ge1Y1,88.1013
Au1Ge4Rb3,17.7023
Au1H3Ti3,128.911
Au1Hf1,139.755
Au1Hf2,130.662
Au1Ho1In1,84.6147
Au1Ho1Ni4,128.472
Au1Ho1Pb1,71.8444
Au1Ho1Sn1,75.9813
Au1Ho1Sn1,79.1444
Au1Ho1Sn1,76.3099
Au1Ho1,87.5111
Au1Ho2,60.4365
Au1In1La1,68.2084
Au1In1Li2,52.4556
Au1In1O2,117.662
Au1In1Tb1,80.3256
Au1In1Y1,82.8135
Au1In1Yb1,48.3469
Au1In2Na3,23.6778
Au1In2,53.2056
Au1K1Se1,13.8434
Au1K1Se2,20.217
Au1K1Te1,25.8159
Au1K3O1,18.5778
Au1La1O3,104.652
Au1La1Pb1,60.88399999999999
Au1La1,64.8853
Au1La1,82.8983
Au1La2,44.687
Au1Li1Sb1,51.2167
Au1Li2Sb1,51.7444
Au1Li2Sn1,52.2056
Au1Li2Tl1,42.6333
Au1Li3,32.0778
Au1Lu1Sn1,80.6389
Au1Mg1Sn1,64.0667
Au1Mg1Yb1,43.0892
Au1Mg1,78.2667
Au1Mn1Sb1,73.25
Au1Mn1Sn1,68.0889
Au1Mn1,91.7
Au1Mn2,75.9538
Au1Nb3,176.45
Au1Ni4Tb1,134.183
Au1O1Rb1,25.509
Au1O1Rb3,15.1389
Au1O2Rb1,27.7935
Au1O2Sc1,125.637
Au1O2Y1,110.221
Au1Pb1Tb1,70.9833
Au1Pb1Y1,70.3944
Au1Pb4Rb3,12.5592
Au1Pd3,147.472
Au1Rb1Te1,26.4855
Au1Rb1,13.2556
Au1S1Ta5,183.128
Au1S2V1,97.9019
Au1Sb1Yb1,43.4767
Au1Sb2,68.6401
Au1Sc1Si1,107.238
Au1Sc1Sn1,84.8333
Au1Sc1Sn1,78.5059
Au1Sc1,100.544
Au1Si1Th1,118.182
Au1Si1Y1,88.0002
Au1Sn1Tb1,76.5016
Au1Sn1Tb1,73.8226
Au1Sn1Y1,75.7279
Au1Sn1Y1,74.2983
Au1Sn1,68.8832
Au1Sn4,46.8635
Au1Ta3,192.15
Au1Tb1,82.1
Au1Tb2,58.3923
Au1Th1,95.14
Au1Ti1,95.8167
Au1Ti1,134.188
Au1Ti3,78.1722
Au1Y1,82.7944
Au1Y2,58.7927
Au1Yb1,45.1778
Au1Yb1,45.0912
Au1Zn1,111.0
Au1Zn3,91.1167
Au1Zr2,118.215
Au1Zr3,114.506
Au2Ba1,44.4335
Au2Be1,126.976
Au2Bi1Dy5,61.8313
Au2Bi1Tb5,61.4225
Au2Bi1,96.0722
Au2Br6Cs2,10.9767
Au2Ca1Ge2,67.5556
Au2Ca1Si2,88.7606
Au2Ca1,62.423
Au2Ca2Pb1,46.7352
Au2Cl6Cs2,34.0714
Au2Dy1In1,91.3333
Au2Dy1Si2,114.791
Au2Dy1,96.9161
Au2Er1In1,92.6944
Au2Er1,101.818
Au2Er2Sn1,76.5989
Au2Ga1,87.4129
Au2Ga2Sr1,62.5553
Au2Ge2Th1,99.9986
Au2Hf1In1,127.622
Au2Ho1In1,91.7889
Au2Ho1Si2,115.504
Au2Ho1,97.2217
Au2Ho5Sb1,66.4769
Au2In1Tb1,90.3333
Au2In1Tb2,79.2046
Au2In1Th1,96.9
Au2In1Ti1,117.9
Au2In1U1,79.7778
Au2In1Y1,88.7833
Au2In1Zr1,121.011
Au2In2Sr1,60.1841
Au2Mn1,98.1142
Au2Nb1,167.535
Au2Nb3,168.896
Au2Nb3,173.9
Au2P3,80.8673
Au2S1,59.3278
Au2Sc1,112.559
Au2Si2Sr1,83.4961
Au2Si2Tb1,114.352
Au2Si2Th1,121.567
Au2Si2Yb1,88.9776
Au2Sn1U1,79.0944
Au2Tb1,95.6998
Au2Th1,104.339
Au2Ti1,117.243
Au2V1,100.098
Au2Y1,94.7765
Au2Yb1,57.4776
Au3Ca5,35.6722
Au3Cu1,116.094
Au3Dy3Sb4,79.9833
Au3Er3Sb4,81.2833
Au3Ge1Na1,59.7748
Au3Ho3Sb4,80.5167
Au3K1Sn3,45.6248
Au3K2,31.7726
Au3La3Sb4,71.2833
Au3Li1,87.3778
Au3Na1Si1,66.1058
Au3Rb2,29.8058
Au3Sb4Tb3,79.4444
Au3Sb4Y3,77.7833
Au3Sr7,21.974
Au3Zn1,107.517
Au4Cr1,110.242
Au4Hf1,142.286
Au4Ho1,109.15
Au4In2K1,55.4159
Au4Li15,27.7389
Au4Ti1,132.046
Au4Yb1,74.8287
Au4Zr1,136.31799999999998
Au5K1,70.639
Au5Rb1,67.55
Au6In5Na2,57.0675
Au7Cd16Na6,45.2167
Au7I1P10,72.9895
Au7I1P10,75.8185
Au9In4,95.9944
B12Dy1,218.267
B12Er1,220.933
B12H12Tl2,12.1451
B12Hf1,237.2
B12Ho1,218.689
B12Ni1,209.072
B12Sc1,218.481
B12Sc1,217.944
B12Tb1,220.656
B12Th1,231.011
B12U1,241.739
B12Y1,217.678
B12Yb1,199.311
B12Zr1,231.972
B1Be2,145.72799999999998
B1Bi1,74.7222
B1C1Li1,154.076
B1C1Mo2,305.312
B1C2N1,374.554
B1C2N1,372.491
B1C2Sc2,137.39700000000002
B1C5,376.107
B1C7,391.956
B1C7,388.344
B1C7,385.055
B1Ce1Rh3,205.611
B1Co1Re1,251.479
B1Co1W1,327.965
B1Dy1Rh3,179.122
B1Er1Rh3,183.894
B1F5Li2,45.4326
B1Fe1W1,244.733
B1Fe2,119.39
B1Ge3Nb5,181.336
B1Ge3Ta5,196.645
B1H4Na1,20.9167
B1H4Na1,20.4
B1Hf1Rh3,227.789
B1Hf1,173.528
B1Ho1Rh3,182.35
B1In1La3,42.3444
B1In1Sc3,75.9056
B1Ir1Mg1,186.465
B1Ir3Sc1,237.917
B1Ir6Zr2,269.959
B1La1Pt2,126.411
B1La1Rh3,167.544
B1Li2Pd3,116.778
B1Li3N2,70.7332
B1Lu1Rh3,193.25
B1Mg8Pt4,87.9944
B1Mg8Rh4,77.6333
B1Mo1,303.063
B1Mo1,304.254
B1Mo2,286.296
B1N1,106.21
B1N1,99.1758
B1N1,372.276
B1N1,36.7391
B1N1,296.876
B1N1,244.572
B1N1,102.88
B1N1,101.599
B1N1,99.4936
B1N1,113.237
B1Nb1Ni1,233.911
B1Nb1O4,253.768
B1Ni3,233.751
B1Ni4Tb1,153.506
B1Ni6Si2,202.924
B1O4Ta1,265.29900000000004
B1Os1,354.63199999999995
B1P1,162.387
B1Pb1Sc3,75.3556
B1Pd2,154.184
B1Pd3Yb1,109.956
B1Pt1,250.795
B1Pt1,242.408
B1Pt2Y1,153.584
B1Rh1,284.948
B1Rh3Sc1,194.367
B1Rh3Tb1,180.33900000000003
B1Rh3Y1,181.583
B1Rh3Zr1,214.928
B1Rh6Ti2,228.317
B1S3Tb1,55.6334
B1Sb1,98.3222
B1Sc3Sn1,78.7556
B1Sc3Tl1,75.1667
B1Sn3Zr5,107.659
B1Ta1,277.103
B1Ta2,241.95
B1Tc1,299.91
B1Tc1,296.369
B1Tc1,294.911
B1Tc3,306.781
B1Ti1,201.148
B1V1,262.848
B1W1,332.806
B1W1,336.539
B1Zr1,160.072
B1,156.591
B28,223.147
B2Ba1Rh2,89.5677
B2Be1C2,193.66
B2C1Sc1,187.191
B2C1U1,187.823
B2C2Ca1,130.536
B2C2Ca1,134.68200000000002
B2C2Dy1,178.237
B2C2Er1,183.274
B2C2Gd1,168.768
B2C2La1,162.736
B2C2Mg1,157.595
B2C2Sc1,186.334
B2C2Tb1,173.294
B2C2Y1,171.47299999999998
B2Ca1Rh3,192.742
B2Ca1,122.252
B2Ce1Ir3,256.539
B2Co2Y1,144.762
B2Co3Y1,178.696
B2Dy1Os1,209.005
B2Fe1,305.453
B2Fe1,190.057
B2Gd1,146.058
B2Hf1,251.301
B2Hf3Ir5,256.661
B2Ho1Os1,210.271
B2Ho1Ru3,209.437
B2Ir1Mo2,308.087
B2Ir1V2,284.058
B2Ir3Th1,253.862
B2Ir6Sn5,162.937
B2Li2Rh3,157.835
B2Mg1Ni3,192.051
B2Mg1,147.879
B2Mn1,151.559
B2Mo1,300.23
B2Mo2Nb1,271.632
B2Mo2Os1,315.64
B2Mo2Ru1,297.819
B2Mo3,294.254
B2Nb1Ni1,268.568
B2Nb3,233.291
B2Os1Tb1,202.91
B2Pd5,174.06
B2Re1,331.769
B2Ru1Y1,166.327
B2Ru1,283.533
B2Ru3Tb1,215.717
B2Sc1,170.52200000000002
B2Sc1,184.772
B2Si1V5,219.039
B2Ta1,295.369
B2Ta3,251.52
B2Tc1,306.446
B2Ti1,244.488
B2V1,277.221
B2W1,311.017
B2W1,314.24
B2Y1,164.012
B2Zr1,238.246
B3C1Nb3,275.481
B3Co1W3,341.07199999999995
B3H12Y1,29.5333
B3Nb2,276.106
B3Ni1W3,323.746
B3Os2,338.13800000000003
B3Ru2,296.801
B3V2,273.143
B4Cr1,269.67900000000003
B4Cr1,270.686
B4Dy1Rh4,227.517
B4Er1Rh4,228.626
B4Fe1,227.572
B4H16Hf1,3.93333
B4Hf1Ir3,262.411
B4Ho1Rh4,227.86
B4In5Ir9,176.43599999999998
B4Ir3Zr1,264.416
B4Mn1,263.73900000000003
B4Mo1U1,228.02
B4Nb3,269.298
B4Os3Sc1,289.235
B4Re1Th1,234.282
B4Re1U1,243.5
B4Rh4Tb1,226.069
B4Rh4Th1,230.194
B4Rh4Y1,228.407
B4Ta3,285.326
B4Th1W1,223.171
B4Ti3,216.163
B4V3,265.906
B6Ba1,143.861
B6Ca1,143.47799999999998
B6Ce2Ni21,199.33900000000003
B6Dy1,178.59400000000002
B6Er1,169.47799999999998
B6Gd1,172.794
B6H6K2,12.0333
B6Hf2Ni21,219.95
B6Hf3Ni20,223.817
B6Ho1,169.761
B6K1,133.77200000000002
B6La1,174.15599999999998
B6Ni20Sc3,189.133
B6Ni20Ta3,236.094
B6Ni21U2,229.267
B6Ni21Zr2,216.511
B6Os1Y2,208.297
B6Pu1,151.72799999999998
B6Re1Y2,205.59
B6Ru1Y2,199.972
B6Sr1,146.361
B6Ta5,280.574
B6Tb1,165.8
B6Th1,196.85
B6Y1,171.24400000000003
B6Yb1,159.572
B7Mn1Y3,164.808
B7Mo3Y1,252.672
B7Re1Y3,171.34400000000002
B7W1Y3,174.085
B8Nb7Ru6,273.634
B9Li1,199.797
Ba1Be13,89.4444
Ba1Be2N2,98.3637
Ba1Bi1Na1,24.2806
Ba1Bi1O3,107.411
Ba1Br1H1,29.8114
Ba1C2,41.0331
Ba1C4O4,46.228
Ba1Ca1Ge1,30.316
Ba1Ca1Pb1,24.9434
Ba1Ca1Sn1,27.1197
Ba1Cd1Ge1,35.0913
Ba1Cd1,20.9778
Ba1Cd2Ge2,44.3395
Ba1Cd2,26.2245
Ba1Ce1N2,109.226
Ba1Ce1O3,114.063
Ba1Ce1O3,115.283
Ba1Cl2,32.2884
Ba1Cl2,29.2
Ba1Co1O2,80.7779
Ba1Cr1S2,50.7355
Ba1Cu1Sb1,44.1425
Ba1Cu2S2,64.381
Ba1Cu2S2,62.4481
Ba1Cu2Sb2,55.9482
Ba1Cu2Se2,54.8376
Ba1Cu2Te2,48.4049
Ba1Cu3O4,79.1342
Ba1F3Li1,69.7889
Ba1F4Mg1,55.9662
Ba1F4Ni1,59.8012
Ba1F4Pd1,52.977
Ba1Fe1O3,120.983
Ba1Ga2Se4,26.4531
Ba1Ga2,36.1038
Ba1Ga4,47.1888
Ba1Ge12Pt4,96.3092
Ba1Ge1Pt1,65.3613
Ba1Ge1Zn1,39.0083
Ba1Ge2P2,48.2724
Ba1Ge3Ir1,83.2938
Ba1Ge3Pd1,66.6438
Ba1Ge3Pt1,75.1723
Ba1H1I1,23.981
Ba1H3Li1,17.7278
Ba1H3Li1,38.8889
Ba1Hf1N2,104.323
Ba1Hg1S2,34.3488
Ba1Hg1Sn1,31.0825
Ba1Hg1,24.0
Ba1Hg2Tl2,29.8276
Ba1I2,22.6969
Ba1In2Rh1,46.6457
Ba1In2,30.2865
Ba1In4Ir1,52.693000000000005
Ba1In4,34.8494
Ba1Ir1P1,93.4903
Ba1Ir2P2,100.742
Ba1Li1P1,39.4235
Ba1Li1P1,37.4517
Ba1Li1Sb1,29.9651
Ba1Li1Si1,27.5433
Ba1Mg2Si2,49.7584
Ba1Mg4Si3,52.4247
Ba1Mn1O3,109.158
Ba1Mo3Se3,56.1744
Ba1Mo3Te3,47.4959
Ba1N2Zr1,104.11
Ba1Na1P1,34.048
Ba1Nb1O3,167.028
Ba1Nb4O6,184.378
Ba1Nb7O9,199.93400000000003
Ba1Ni1Sn3,55.2137
Ba1O1,66.7786
Ba1O2,68.0023
Ba1O3Pa1,112.428
Ba1O3Pb1,99.5833
Ba1O3Pb1,62.2
Ba1O3Pr1,115.817
Ba1O3Pu1,120.922
Ba1O3Ru1,108.048
Ba1O3Sn1,126.739
Ba1O3Tb1,86.5889
Ba1O3Th1,99.2694
Ba1O3Ti1,136.825
Ba1O3Ti1,160.017
Ba1O3Zr1,147.567
Ba1O4S1,44.0167
Ba1O6Te2,73.3669
Ba1O7U2,68.7604
Ba1Os2P2,97.3432
Ba1Os4Sb12,97.9592
Ba1P1Pt1,80.3122
Ba1P2Rh2,90.8289
Ba1P2Ru2,90.3965
Ba1Pb1Zn1,30.1519
Ba1Pb6Rh3,58.6317
Ba1Pd1S2,40.7738
Ba1Pd1Si1,61.7867
Ba1Pd1Si3,73.8455
Ba1Pd1Sn3,51.7178
Ba1Pd1,33.4513
Ba1Pt1Sb1,58.6376
Ba1Pt1Si1,73.8934
Ba1Pt1Si3,88.0085
Ba1Pt1Sn3,57.9135
Ba1Pt1,50.2714
Ba1Pt2,104.2
Ba1Pt5,150.032
Ba1Ru2Sb2,67.1134
Ba1S1,41.4
Ba1S3Zr1,70.0303
Ba1S3,33.27
Ba1Se1,35.6556
Ba1Se1,38.8944
Ba1Si1Zn1,43.3001
Ba1Si2Zn2,60.5177
Ba1Si2,52.5056
Ba1Sn1Zn1,34.0204
Ba1Sn1,27.5723
Ba1Te1,31.7389
Ba1Te1,28.4333
Ba1Te2,28.7313
Ba1Te3,22.8583
Ba1Tl2,26.449
Ba1Zn13,59.5111
Ba1Zn1,21.4167
Ba1,8.37778
Ba1,8.42265
Ba2Bi3,31.7497
Ba2Cd1,14.3604
Ba2F6Pd1,52.1936
Ba2Ge1,22.0405
Ba2Ge4S10,26.7944
Ba2Hf1S4,57.6546
Ba2Hg1,15.9586
Ba2N2Zn1,52.9613
Ba2O4Zr1,107.133
Ba2Sb1,23.5643
Ba2Si1,22.305
Ba2Si46,76.3611
Ba2Sn1,20.1375
Ba3Bi1N1,24.7958
Ba3Cr1N3,33.1987
Ba3Cr1S5,40.8419
Ba3Ge5,36.6308
Ba3Mn1N3,36.8776
Ba3O1Pb1,34.4222
Ba3O1Sn1,36.6278
Ba3O5Si1,73.9944
Ba3P4,33.8768
Ba3Pb5,26.8549
Ba3S5Ti1,37.6904
Ba3Sn5,29.4396
Ba4Bi3,25.0778
Ba5Sb4,27.7227
Ba5Sn3,21.6127
Ba6C60,72.9819
Ba6Mg23,24.8222
Ba6Si46,76.6944
Ba8Si46,72.9111
Be13Ca1,94.9278
Be13Ce1,112.539
Be13Dy1,112.367
Be13Er1,113.156
Be13Hf1,125.944
Be13Ho1,112.861
Be13La1,105.761
Be13Lu1,113.161
Be13Mg1,98.7111
Be13Pa1,124.417
Be13Sb1,100.278
Be13Sc1,111.739
Be13Sr1,94.7722
Be13Tb1,111.833
Be13Th1,117.35
Be13U1,123.556
Be13Zr1,123.939
Be1C1N2,315.641
Be1C1N2,310.247
Be1Cl2,11.6333
Be1Co1,191.517
Be1Cs1F3,79.5611
Be1Cu1,139.489
Be1F2,8.97035
Be1H3Na1,60.8333
Be1Hf1Si1,146.714
Be1Hf1,121.158
Be1Li1P1,62.7814
Be1Li1Sb1,55.3101
Be1Mo3,223.556
Be1N2Si1,219.046
Be1N2Si1,221.664
Be1Na1Sb1,35.177
Be1Ni1,185.756
Be1O1,205.991
Be1O1,196.372
Be1Pd1,167.74400000000003
Be1Pd2,158.459
Be1Pd3,154.477
Be1Rh1,208.917
Be1S1,107.2
Be1Se1,87.95
Be1Ta2,186.979
Be1Te1,66.7111
Be1Ti1,121.844
Be1Zn13,61.0111
Be22Mo1,130.806
Be22Re1,136.306
Be22Tc1,133.317
Be22W1,133.083
Be2C1,207.489
Be2Cs1F5,24.2
Be2Cu1,131.006
Be2Fe1,125.394
Be2Hf1,128.21200000000002
Be2Nb1,154.967
Be2Nb3,165.26
Be2Re1,239.603
Be2Si1,98.7278
Be2Ta1,165.672
Be2Ta3,183.144
Be2Ti1,119.689
Be2V1,149.619
Be2W1,216.044
Be2Zr1,119.782
Be3N2,211.815
Be3N2,214.13
Be3P2,99.75
Be3P2,91.7833
Be4Ca2N4,112.091
Be4N4Sr2,105.462
Be5Co1,147.672
Be5Fe1,116.528
Be5Hf1,129.435
Be5Pd1,143.511
Be5Pt1,163.983
Be5Sc1,106.802
Bi1Ca1Cu1,46.7346
Bi1Ca2,27.6617
Bi1Ca3N1,54.1722
Bi1Co1O3,73.9908
Bi1Co1Zr1,122.572
Bi1Cr1O3,166.491
Bi1Cs3O3,15.7584
Bi1Cu1Mg1,58.2944
Bi1Cu1Sr1,41.3074
Bi1Cu1Yb1,42.6794
Bi1Dy1Ni1,81.3778
Bi1Dy1Pd1,80.2444
Bi1Dy1Pt1,92.2056
Bi1Dy1Rh1,94.676
Bi1Dy1,55.6333
Bi1Dy2O2,70.8258
Bi1Er1Pt1,93.4778
Bi1Er1,56.4556
Bi1Er2O2,72.22
Bi1Er5Pt2,68.7017
Bi1F4K1,53.5778
Bi1F4Rb1,54.4389
Bi1Fe1O3,160.815
Bi1Ga1O3,177.75599999999997
Bi1Ga1O3,85.5898
Bi1Ga1,36.6389
Bi1Ho1Ni1,83.2278
Bi1Ho1Pd1,79.7278
Bi1Ho1Pt1,92.8111
Bi1Ho1,54.5889
Bi1Ho2O2,70.6742
Bi1In1O3,138.861
Bi1In1O3,89.8181
Bi1In1O3,133.127
Bi1In1,32.6667
Bi1Ir1S1,122.018
Bi1Ir1Se1,116.494
Bi1K3Se3,13.2031
Bi1K3Te3,10.2746
Bi1K3,10.4428
Bi1K3,12.2389
Bi1La1,48.7889
Bi1Li1Mg1,31.5889
Bi1Li1Sr1,29.9502
Bi1Li1Zn1,38.975
Bi1Li1,37.2932
Bi1Li3,28.2111
Bi1Lu1Ni1,84.4833
Bi1Mg1Ni1,65.6389
Bi1N1Sr3,43.8222
Bi1N2Th2,60.8904
Bi1Na1,30.3974
Bi1Nb3,155.583
Bi1Nd1Pd1,71.4
Bi1Ni1Sc1,86.9444
Bi1Ni1Se1,82.7644
Bi1Ni1Y1,83.6722
Bi1Ni1Zr1,103.594
Bi1O2Y2,68.8702
Bi1O2,132.906
Bi1O3Rb3,15.7753
Bi1O3Rh1,171.479
Bi1O3Sc1,143.244
Bi1O4V1,110.523
Bi1Pb1Pd2,85.3699
Bi1Pd1Se1,80.0401
Bi1Pd1Te1,72.5502
Bi1Pd1Y1,79.2944
Bi1Pd1Yb1,50.5667
Bi1Pt1Se1,92.2467
Bi1Pt1Te1,86.5611
Bi1Pt1Yb1,59.7222
Bi1Pt1,91.4979
Bi1Rb3Se3,11.4072
Bi1Rb3,9.93889
Bi1Rb3,9.55761
Bi1Rh1S1,105.994
Bi1Rh1Se1,99.9372
Bi1Rh1,116.985
Bi1Sc1,57.3778
Bi1Tb1,52.4889
Bi1Th1,73.9167
Bi1Ti2,73.5796
Bi1U1,48.0
Bi1Y1,55.4333
Bi1,310.346
Bi1,49.4889
Bi2Co1Hf6,114.145
Bi2Cu1Zr6,98.6665
Bi2Er6Mn1,60.3221
Bi2Ho6Rh1,57.5416
Bi2Ir1,92.3021
Bi2Ir2O7,181.517
Bi2Mg1O6,120.283
Bi2O2Se1,77.3104
Bi2O3,116.872
Bi2O3,27.0722
Bi2O3,109.979
Bi2O7Pt2,176.456
Bi2O7Rh2,172.622
Bi2O7Ru2,170.483
Bi2O7Ru2,171.55599999999998
Bi2O7Sn2,146.417
Bi2O7Ti2,168.36700000000002
Bi2Pd3S2,62.6487
Bi2Pd5,115.342
Bi2Pt1,82.8817
Bi2Th1,65.57600000000001
Bi3La4,49.7833
Bi3Ni1,41.2408
Bi3Sr1,44.9444
Bi3Sr4,29.5333
Bi3Tb4,61.4222
Bi3Tb5,60.248000000000005
Bi4Ce3Pt3,92.2874
Bi4Cu4Mn3,56.8778
Bi4La3Pt3,76.711
Bi4Th3,69.0889
Bi5La3Mg1,50.4151
Bi5La3Sc1,53.0683
Br1Cs1,12.4389
Br1Cs1,10.5778
Br1Cu1,23.5711
Br1Cu1,35.3991
Br1Cu1,50.8778
Br1Eu1I1,30.747
Br1F1Sr1,36.5448
Br1H4N1,18.0667
Br1In1,13.9493
Br1In5Se5,28.5925
Br1K1,13.8278
Br1K1,17.15
Br1K3O1,19.2167
Br1La5Sb3,57.7171
Br1La5Sn3,51.6132
Br1Li3O1,48.9389
Br1Mo1S1,49.7111
Br1Na1O3,25.0933
Br1Na1O3,25.365
Br1Na1O3,27.4095
Br1Na1,20.5333
Br1O1Rb3,16.4389
Br1O4Y3,103.299
Br1Rb1,14.3
Br1Se2Tl5,20.2106
Br1Tl1,14.9713
Br1Tl1,20.7944
Br1Tl1,16.4611
Br1,4.69922
Br2Ca1,26.1559
Br2H12Sr7,37.7601
Br3Ca1In1,16.3013
Br3Cs1Dy1,26.224
Br3Cs1Ge1,22.9833
Br3Cs1Hg1,23.5111
Br3Cs1Mg1,12.0149
Br3Cs1Pb1,19.0833
Br3Cs1Sn1,19.25
Br3Ga1La3,42.8556
Br4K2Pd1,11.1218
Br4K2Pt1,11.0131
Br4Si1,0.666667
Br4Ti1,1.7658599999999998
Br5Cs1Sn2,8.936689999999999
Br5Pb2Rb1,13.3059
Br6Cs2Pt1,8.98333
Br6Cs2Sn1,7.84444
Br6Cs2Te1,7.78333
Br6K2Pt1,12.1333
Br6K2Re1,11.3389
Br6K2Se1,10.85
Br6K2Sn1,10.0278
Br6K2Te1,8.85281
Br6K2Te1,10.4389
Br6Pd1Rb2,11.5111
Br6Rb2Sn1,8.73889
Br6Rb2Te1,9.12778
Br8Li6Mg1,23.0111
Br9Rb3Sb2,10.0446
C11N4,401.737
C11N4,327.486
C1Ca1O3,59.191
C1Ca1Pd3,126.65
C1Cd1,100.944
C1Ce1,130.533
C1Co2Mo4,203.15
C1Co2Ta4,236.617
C1Cr1,328.992
C1Cr1,223.033
C1Cr2Ga1,104.816
C1Cr3Nb3,228.894
C1Dy1Rh3,197.483
C1Dy3Ga1,43.5056
C1Dy3In1,78.1667
C1Dy3Pb1,78.45
C1Dy3Sn1,82.7333
C1Dy3Tl1,41.1722
C1Dy5Ge3,77.6066
C1Er1Rh3,202.65
C1Er3Ga1,46.4333
C1Er3Tl1,42.6111
C1Er5Ge3,81.045
C1Fe6W6,219.328
C1Ga1Ho3,45.15
C1Ga1Nb2,180.015
C1Ga1Sc2,84.9052
C1Ga1Sc3,97.8111
C1Ga1Ta2,190.394
C1Ga1Ti2,140.791
C1Ga1Y3,79.1667
C1Ge1Ni3,192.094
C1Ge1Ti2,153.614
C1Ge1V2,176.812
C1Ge1,176.45
C1Ge1,164.558
C1Ge3Mo5,208.406
C1H1N1,242.988
C1H1,177.06900000000002
C1Hf1,239.433
C1Hf1,158.306
C1Hf2In1,128.83100000000002
C1Hf2S1,176.74
C1Hf3Zn3,125.956
C1Ho1Rh3,200.678
C1Ho3Tl1,41.4944
C1In1La3,56.1611
C1In1Nb2,160.541
C1In1Pt3,193.444
C1In1Sc3,94.1444
C1In1Ti2,127.628
C1In1Y3,78.2833
C1In1Zr2,118.435
C1Ir1,325.207
C1Ir1,276.461
C1K4O4,34.5463
C1La3Pb1,60.3333
C1La3Tl1,55.6056
C1Li2O3,75.0705
C1Li4O4,70.5525
C1Lu1Rh3,202.942
C1Lu3Sn1,93.45
C1Mg1N2,235.14
C1Mg3Zn1,62.3111
C1Mn3Sn1,78.8778
C1Mn3Zn1,66.1556
C1Mo1,325.65
C1Mo1,233.828
C1Mo1,318.455
C1Mo1,340.778
C1Mo4Ni2,264.228
C1N2,81.3164
C1N2,398.685
C1N2,392.672
C1Na4O4,30.5722
C1Na4O4,46.7906
C1Nb1Ru3,282.194
C1Nb1,298.683
C1Nb1,205.122
C1Nb1,263.75
C1Nb1,230.907
C1Nb1,273.519
C1Nb2P1,221.209
C1Nb2S1,190.613
C1Nb2,228.894
C1Nb3Ni3,196.111
C1Nb4Ni2,197.894
C1Nb4Rh2,225.506
C1Nb4Zn2,182.833
C1Ni1,264.689
C1Ni2Ta4,227.933
C1Ni2W4,298.828
C1Ni3Zn1,189.711
C1O2,5.18262
C1O2,4.03889
C1O2,143.333
C1O3Sr1,56.4738
C1Os1,210.301
C1Os1,384.283
C1Os2Zr4,185.261
C1Pa1,185.272
C1Pb1Pd3,139.322
C1Pb1Sc3,91.7167
C1Pb1Ti2,114.138
C1Pb1Y3,43.0611
C1Pd1,210.867
C1Pt1,252.139
C1Pt1,215.833
C1Pt1,259.283
C1Pu1Rh3,180.25
C1Pu1Ru3,246.647
C1Re1,403.602
C1Re1,388.95
C1Re2,391.213
C1Rh1,280.367
C1Rh1,227.583
C1Rh3Sc1,211.456
C1Rh3Tb1,197.333
C1Rh3Y1,197.794
C1Rh3Yb1,151.3
C1Ru1,251.078
C1Ru1,317.922
C1Ru1,333.702
C1Ru3Sc1,231.661
C1Ru3Ta1,289.2
C1Ru3Th1,219.583
C1Ru3V1,271.967
C1Ru3Zr1,258.494
C1S1Zr2,164.0
C1Sc1,146.644
C1Sc1,138.16
C1Sc3Sn1,96.6222
C1Sc3Tl1,93.2333
C1Si1,212.703
C1Si1,213.095
C1Si1,213.155
C1Si1,212.356
C1Si1,242.211
C1Si1,212.674
C1Si1,212.889
C1Si1,212.846
C1Si1,212.965
C1Si1,213.261
C1Si1,213.322
C1Si1,212.742
C1Sn1Ti2,129.381
C1Sn1Y3,81.9889
C1Sn1,114.161
C1Sn1,119.661
C1Ta1,315.444
C1Ta1,280.156
C1Ta1,220.633
C1Tb3Tl1,40.7056
C1Tc1,230.128
C1Tc1,235.533
C1Th1,147.5
C1Ti1,238.772
C1Ti2Tl1,121.925
C1Ti2,138.1
C1Ti3Tl1,106.889
C1Tl1Y3,77.3389
C1Tl1Zr2,115.168
C1Tl1,85.1167
C1V1,295.661
C1V2,236.757
C1W1,377.431
C1W1,357.694
C1W1,356.622
C1W1,257.79400000000004
C1W2,342.38199999999995
C1W2,327.944
C1Y1,124.4
C1Y1,83.1167
C1Zn3Zr3,114.367
C1Zr1,220.867
C1Zr1,145.533
C1,401.533
C1,433.989
C1,402.61300000000006
C1,402.27
C1,415.697
C1,112.896
C1,81.2161
C1,435.267
C1,435.03
C1,434.908
C1,288.018
C1,386.978
C1,429.108
C20,332.972
C2Cd1N2,33.3278
C2Co1Ho1,168.33
C2Co1Sc1,202.833
C2Co1Tb1,167.685
C2Co1Th1,182.793
C2Cr1Sc1,148.688
C2Cs2Pt1,33.801
C2Cu1Rb1,30.9747
C2Dy1Ni1,160.686
C2Dy1,117.374
C2Dy2Re1,124.768
C2Er1,123.02
C2Er2Re1,129.76
C2Gd1Mo1,192.045
C2Ge1Ti3,172.60299999999998
C2Ho1Ni1,162.645
C2Ho1,119.045
C2Ir1,323.499
C2La1,91.149
C2Mg1,77.8056
C2N2Zn1,44.9111
C2Na1,177.833
C2Na2Pd1,45.168
C2Na2,30.6999
C2Ni1Tb1,160.57299999999998
C2Os1,355.639
C2Os1,359.207
C2Pu1W1,215.277
C2Re1Y2,122.711
C2Re1,341.245
C2Re1,346.24
C2Re1,354.598
C2Si1Ti3,181.388
C2Si1,179.82
C2Sn1Ti3,154.944
C2Tb1,114.884
C2U1W1,164.657
C2U1W1,223.621
C2U1,196.15
C2W1Y1,206.403
C2Y1,112.619
C3Ce2,138.608
C3Ir5,246.881
C3N4,407.309
C3N4,381.561
C3N4,388.65
C3N4,438.611
C3Nb4Si1,243.455
C3Nb4,268.244
C3Nb8Zn4,184.189
C3Sc4,108.044
C3Yb2,72.5313
C60K6,30.1122
C60Rb6,24.985
C60Sr6,78.8767
C6Cr3W20,309.633
C7V8,242.717
C8Cs1,90.8412
C8,310.589
Ca1Cd1Ge1,49.4701
Ca1Cd1Pb1,38.1479
Ca1Cd1Sn1,42.8373
Ca1Cd1,32.7389
Ca1Cd2P2,58.5234
Ca1Cd2,41.9007
Ca1Cd2,41.381
Ca1Cl2,32.3886
Ca1Cl2,28.1042
Ca1Cs1F3,48.15
Ca1Cs1H3,24.25
Ca1Cu1F4,76.1251
Ca1F2,76.9052
Ca1F2,66.1663
Ca1F3K1,48.1778
Ca1F3Rb1,47.8222
Ca1F4Pd1,71.8529
Ca1F6Pb1,50.4444
Ca1F6Sn1,53.7611
Ca1Ga1Ge1,48.5693
Ca1Ga2P2,64.7244
Ca1Ga2,50.705
Ca1Ga2,42.1816
Ca1Ge1Mg1,47.8437
Ca1Ge1N2,113.986
Ca1Ge1Zn1,49.3794
Ca1Ge2Ir2,118.614
Ca1Ge2Li1,43.4609
Ca1Ge2Rh2,105.568
Ca1Ge2Ru2,104.728
Ca1Ge2,50.7354
Ca1H2,47.299
Ca1H2,50.2053
Ca1H3Rb1,25.2833
Ca1Hg1Sn1,42.9326
Ca1Hg1,36.3444
Ca1Hg3,36.4153
Ca1In1Pt1,73.6303
Ca1In1Rh1,68.7184
Ca1In1,33.5778
Ca1In2O4,122.301
Ca1In2P2,53.8804
Ca1In2Pd1,54.6428
Ca1In2,39.6083
Ca1In4Pd1,54.4923
Ca1In4Rh1,61.8432
Ca1Ir1Si3,112.513
Ca1Ir1Sn2,74.4661
Ca1Ir2P2,136.833
Ca1Ir2,161.27200000000002
Ca1Li1N1,70.0445
Ca1Li1Si2,48.8646
Ca1Mg1Si1,51.6156
Ca1Mg2,30.3314
Ca1Mg2,30.4974
Ca1Mn1O2.98,145.005
Ca1Mn1O3,145.27200000000002
Ca1Mn1O3,123.558
Ca1Mn7O12,164.06
Ca1N1Ni1,102.997
Ca1N2O6,12.6517
Ca1N2,81.0231
Ca1Ni2,81.0056
Ca1O1,85.7291
Ca1O2,67.4331
Ca1O3Pt1,148.041
Ca1O3Rh1,160.752
Ca1O3Ru1,168.287
Ca1O3Si1,215.028
Ca1O3Si1,214.883
Ca1O3Si1,213.837
Ca1O3Si1,213.851
Ca1O3Sn1,139.722
Ca1O3Tc1,166.842
Ca1O3Ti1,166.123
Ca1O3Ti1,170.97799999999998
Ca1O3Ti1,169.34900000000002
Ca1O3Zr1,150.06799999999998
Ca1O3Zr1,154.461
Ca1O4Pd3,157.467
Ca1O4S1,59.0072
Ca1O4Tl2,109.553
Ca1P1,53.093
Ca1P2Pd2,112.408
Ca1P2Rh2,136.864
Ca1P2Ru2,103.02
Ca1Pb1Pd1,54.4388
Ca1Pb1Sr1,27.0474
Ca1Pb1Zn1,34.3871
Ca1Pb1,33.7766
Ca1Pd1Sn2,53.9933
Ca1Pd1,54.8278
Ca1Pd2Si2,107.023
Ca1Pd2,92.6556
Ca1Pd5,111.317
Ca1Pt1Si1,83.8297
Ca1Pt1Si3,103.651
Ca1Pt1Sn1,78.484
Ca1Pt2,126.161
Ca1Pt2,128.245
Ca1Pt5,165.618
Ca1Rh2Si2,122.663
Ca1Rh2,113.25
Ca1S1,57.1111
Ca1S3Zr1,68.3669
Ca1Se1,32.6278
Ca1Si1,53.8682
Ca1Si2Zn2,68.3956
Ca1Si2,61.4176
Ca1Si3,60.2061
Ca1Sn1Sr1,29.5621
Ca1Sn1Zn1,45.4476
Ca1Sn1Zn1,36.6868
Ca1Sn3,42.3222
Ca1Te1,37.4778
Ca1Tl1,31.4889
Ca1Tl3,38.1778
Ca1Zn13,67.65
Ca1Zn1,30.0413
Ca1,17.3889
Ca2Ge1,36.3147
Ca2Ge2Ni3,70.4623
Ca2H1N1,55.7889
Ca2H6Ru1,59.25
Ca2I1N1,50.2507
Ca2N2Zn1,81.535
Ca2Nb2O7,142.278
Ca2O4Pb1,105.002
Ca2O4Sn1,115.246
Ca2O7Ta2,148.233
Ca2Pb1,26.9385
Ca2Sb1,35.2138
Ca2Si1,36.4155
Ca2Si1,37.0111
Ca2Sn1,29.5831
Ca3Cl3P1,40.15
Ca3Co4Sn13,66.55
Ca3Cr1N3,85.6201
Ca3Ga4Ni4,76.7
Ca3Ga5,47.9536
Ca3Ge13Ir4,99.3333
Ca3Ge13Rh4,89.4944
Ca3Ge1N1,55.5111
Ca3Ge1O1,58.5667
Ca3H2Pb1,34.768
Ca3Hg1,23.8056
Ca3Hg1,21.8725
Ca3Hg2,31.2401
Ca3Ir4Si4,132.1
Ca3Ir4Sn13,74.8278
Ca3N1P1,63.3389
Ca3N1Pb1,18.9278
Ca3N1Sb1,25.2222
Ca3N1Sn1,19.8222
Ca3N1Tl1,47.9222
Ca3N2,67.3215
Ca3N2,67.1189
Ca3N2,67.1942
Ca3N2,67.4012
Ca3N2,67.3393
Ca3N3V1,85.9194
Ca3O1Pb1,51.2722
Ca3O1Sn1,54.5889
Ca3Rh4Sn13,68.7167
Ca3Tl1,21.7444
Ca4Cl6O1,38.6551
Ca4Hg9,34.7056
Ca5H1Sn3,36.5432
Ca5In2Sb6,35.7596
Ca5P8,52.1905
Ca5Sb3,36.4109
Ca7Cl2H12,46.9383
Ca7Ge1,19.35
Cd11La1,55.2111
Cd11Na2,32.9737
Cd11Th1,60.6167
Cd13Cs1,39.6333
Cd13K1,42.3389
Cd1Cl3Cs1,30.5167
Cd1Cl8Na6,21.3111
Cd1Co1Dy4,51.9722
Cd1Co1Ho4,59.1111
Cd1Co1La4,43.9073
Cd1Cr2S4,77.7389
Cd1Cr2Se4,62.4944
Cd1Cs1F3,53.85
Cd1Cu1Dy1,66.1885
Cd1Cu1F4,89.1773
Cd1Cu1Sb1,53.6056
Cd1Cu2Zr1,119.739
Cd1Cu4Er1,108.961
Cd1Cu4Yb1,78.4778
Cd1Dy1Ga1,68.2018
Cd1Dy1Ni4,117.383
Cd1Dy1,57.1
Cd1Dy2Ge2,76.4125
Cd1Dy2S4,62.9389
Cd1Dy2Se4,52.6833
Cd1Dy2Te4,40.6389
Cd1Dy4Rh1,60.9056
Cd1Er1Ga1,69.462
Cd1Er1Ni4,120.35
Cd1Er1,60.3778
Cd1Er2Ge2,78.0052
Cd1Er2S4,64.0111
Cd1Er2Se4,53.6444
Cd1F2,95.3389
Cd1F3K1,55.7556
Cd1F3Rb1,56.8111
Cd1Ga2O4,158.1
Cd1Gd1,52.6
Cd1Ge1Sr1,43.1732
Cd1Ge2Tb2,75.8725
Cd1Hf1,79.8851
Cd1Hf2,97.7755
Cd1Hg2Ti1,56.3782
Cd1Ho1Ni4,116.894
Cd1Ho1,58.4444
Cd1Ho2S4,63.5
Cd1Ho2Se4,53.5278
Cd1Ho4Rh1,61.3333
Cd1I2,10.5503
Cd1In2O4,127.789
Cd1In2O4,129.359
Cd1In2S4,65.4556
Cd1In2Se4,25.4713
Cd1In2Se4,52.5111
Cd1La1Pd1,71.1128
Cd1La1Tl1,48.913
Cd1La1,45.4611
Cd1La2Rh2,77.658
Cd1La4Ru1,47.55
Cd1Li2Pb1,32.6056
Cd1Li2Sb1,37.2389
Cd1Lu2S4,62.2333
Cd1Mg1,44.4252
Cd1Mn2O4,115.134
Cd1N1Ni3,182.581
Cd1N1,121.236
Cd1N1,62.5167
Cd1N1,104.097
Cd1Na1Sb1,32.0628
Cd1Na2Pb1,24.5056
Cd1Ni4Sc1,126.344
Cd1Ni4Tb1,116.011
Cd1Ni4Y1,117.378
Cd1O1,91.9685
Cd1O1,126.706
Cd1O2Rb2,36.7288
Cd1O2,106.922
Cd1O3Sn1,149.501
Cd1O3Ti1,184.689
Cd1O3V1,176.585
Cd1O4Rh2,166.572
Cd1O6Pt3,194.815
Cd1O6Sb2,110.543
Cd1P1Pd5,148.17700000000002
Cd1P1Pt5,195.584
Cd1P2Sn1,56.961000000000006
Cd1P2,56.5501
Cd1Pd1,110.347
Cd1Pt1,137.23
Cd1Pt2Zn1,155.091
Cd1Rh1Tb4,60.1333
Cd1Ru1Y4,59.026
Cd1S1,55.3691
Cd1S2,58.7787
Cd1S4Sc2,69.5722
Cd1S4Y2,62.6444
Cd1Sb1Tl1,37.1445
Cd1Sb2Sn1,36.1966
Cd1Sc1,66.4389
Cd1Sc2Se4,57.2
Cd1Se1,62.4556
Cd1Se1,46.3205
Cd1Se2,50.5432
Cd1Se4Y2,52.0056
Cd1Se4Yb2,48.9389
Cd1Sr1,24.95
Cd1Tb1,55.7222
Cd1Te1,36.2739
Cd1Te1,47.778
Cd1Te1,48.6389
Cd1Te1,41.0531
Cd1Y1,57.5333
Cd1Yb1,31.2667
Cd1Zr2,79.9467
Cd2Dy1,55.074
Cd2Er1,57.0273
Cd2Ge2Sr1,47.3036
Cd2Ho1,59.0107
Cd2La1Pd1,70.5489
Cd2La1,44.6994
Cd2La1,44.3663
Cd2Nb2O7,147.989
Cd2Nb2O7,181.711
Cd2O4Si1,152.922
Cd2O4Sn1,128.66899999999998
Cd2O7Sb2,153.444
Cd2O7Ta2,154.061
Cd2Pd1Sr1,45.5315
Cd2Sr1,33.3482
Cd2Tb1,56.6537
Cd2Y1,56.6826
Cd2Yb1,39.1202
Cd3Er1,59.2736
Cd3Ho1,55.4033
Cd3In1,47.7278
Cd3N2,91.5034
Cd3Nb1,95.4056
Cd3P2,54.8833
Cd3P2,57.0096
Cd3Sc1,61.4734
Cd3Y1,58.8556
Cd3Zr1,79.4459
Ce1Co1Si2,138.329
Ce1Co1Si3,123.857
Ce1Fe4P12,145.909
Ce1Ga1Ni1,105.64
Ce1Ga1O3,58.8667
Ce1Ge1Ir1,135.35
Ce1Ge3V1,107.353
Ce1Ir2,203.767
Ce1O2,189.144
Ce1O2,141.45
Ce1O3Sr1,116.268
Ce1O4Si1,159.338
Ce1O4V1,105.792
Ce1O7P2,104.947
Ce1Os2,219.611
Ce1Os2,216.698
Ce1Os2,213.009
Ce1Os4P12,176.82299999999998
Ce1P12Ru4,159.96
Ce1P1,103.039
Ce1Pb3,54.8639
Ce1Pd1Sb2,77.2101
Ce1Pt3,178.11700000000002
Ce1Rh1,104.492
Ce1Rh3,177.35
Ce1Se1,80.675
Ce1Se1,76.0667
Ce1Te1,71.3278
Ce1Te1,71.2222
Ce1Tl3,57.2667
Ce1Zn1,65.5833
Ce1,27.3944
Ce2In1Pt2,107.858
Ce2N2Se1,112.656
Ce2Ni12P7,179.19799999999998
Ce2Pd21Si6,157.167
Ce3S4,82.9111
Ce4Rh12Si1,166.972
Cl1Cs1O4,10.7389
Cl1Cs1,14.6833
Cl1Cs1,12.2278
Cl1Cu1,47.8889
Cl1Cu1,48.8718
Cl1F1Yb1,52.023
Cl1K1O4,14.7
Cl1K1,20.1444
Cl1La1Se1,61.6726
Cl1La1Te1,54.7233
Cl1La5Sn3,52.8808
Cl1Li1,32.0444
Cl1Na1O3,23.7184
Cl1Na1O3,25.7593
Cl1Na1,24.8944
Cl1Na3O1,34.6167
Cl1O1Y1,74.9141
Cl1O4Rb1,13.3722
Cl1O4Tl1,13.6278
Cl1Rb1,16.6
Cl1Tl1,22.2778
Cl2F12Pb7,40.159
Cl2H12Sr7,38.8438
Cl2H6N2,22.6938
Cl2Hg2,12.9243
Cl2Mg1,9.2777
Cl2Mg1,36.0385
Cl2O1Pd2,44.6369
Cl2Sr1,33.6611
Cl2Zn1,10.2831
Cl3Cs1Pb1,21.8944
Cl3Mn1Tl1,34.0389
Cl4Cu1Rb2,14.7766
Cl4Hg3O1,12.0611
Cl4Hg3O1,12.9538
Cl4Hg3O1,13.1426
Cl4K2Mg1,21.8829
Cl4K2Pd1,12.5149
Cl4Li2Zn1,33.3278
Cl4Mg1Na2,26.0297
Cl4Pd1Tl2,14.2664
Cl4Th1,29.9145
Cl4U1,31.3595
Cl5Cs1Pb2,13.7185
Cl6Cs2Ge1,9.0
Cl6Cs2Pb1,7.95556
Cl6Cs2Pt1,9.59444
Cl6Cs2Se1,8.43333
Cl6Cs2Sn1,7.72778
Cl6Cs2Te1,7.672219999999999
Cl6Cs2Ti1,8.227780000000001
Cl6Cs2Zr1,7.40556
Cl6K2Mn1,11.9556
Cl6K2Pd1,13.2278
Cl6K2Pt1,13.0944
Cl6K2Re1,11.25
Cl6K2Sn1,11.2222
Cl6K2Tc1,12.1667
Cl6K2Ti1,11.4833
Cl6Mn1Rb2,10.4667
Cl6Pb1Rb2,9.95556
Cl6Pd1Rb2,10.1778
Cl6Pt1Rb2,10.85
Cl6Pt1Tl2,14.0778
Cl6Rb2Se1,10.1889
Cl6Rb2Sn1,9.45556
Cl6Rb2Te1,9.0
Cl6Rb2Ti1,10.2778
Cl6Rb2Zr1,9.22778
Cl6Sn1Tl2,12.8
Cl6Te1Tl2,12.6167
Cl8Co1Li6,50.4167
Cl8Li6V1,28.4306
Co1Dy1Ge1,83.7485
Co1Dy1Ge2,108.788
Co1Dy1Sn1,73.7532
Co1Dy1Sn1,80.5705
Co1Er1Ga1,102.263
Co1Er1Ge2,106.65
Co1Er1Si2,128.70600000000002
Co1Ga1Hf1,155.732
Co1Ga2Zr6,108.729
Co1Ge1Mn1,175.537
Co1Ge1Nb1,144.755
Co1Ge1Ta1,144.315
Co1Ge1Ti1,162.90200000000002
Co1Ge1V1,191.875
Co1Hf1Sn1,102.668
Co1Hf1,123.639
Co1In2S4,68.6833
Co1In2Se4,55.8306
Co1In8Y2,62.7405
Co1K1O2,64.3279
Co1La1Si3,115.765
Co1Mo1P1,195.948
Co1Mo1P2,201.927
Co1N1,278.061
Co1N3,132.91899999999998
Co1N3,239.982
Co1Nb1P1,206.35
Co1Nb1Sb1,143.22799999999998
Co1Nb1,183.8
Co1Nb4Si1,189.129
Co1Ni1,151.739
Co1Ni2S4,76.6944
Co1O1,127.3
Co1O1,126.855
Co1O3Se1,88.9826
Co1O3Sr1,141.8
Co1O4Rh2,178.778
Co1O6Pt3,194.114
Co1O6Sb2,168.74
Co1P1Ta4,215.682
Co1P1Zr4,126.003
Co1P2W1,205.281
Co1P3,136.083
Co1P3,135.971
Co1P3,136.124
Co1P3,135.716
Co1Rh2S4,100.756
Co1S1Sb1,98.8648
Co1Sb1Ta1,164.4
Co1Sb1Ti1,143.233
Co1Sb2,58.0376
Co1Sb2,93.0396
Co1Sb3,78.8019
Co1Sb3,78.5755
Co1Sb3,78.7669
Co1Sb3,78.5536
Co1Sb3,78.5669
Co1Sb3,78.3665
Co1Sb3,78.6681
Co1Sb3,78.7576
Co1Sb3,78.3793
Co1Sb3,78.8982
Co1Sb3,78.4407
Co1Sb3,78.652
Co1Sb3,78.7669
Co1Sb3,78.3572
Co1Sb3,78.8851
Co1Sc1,70.4167
Co1Se2,96.2853
Co1Si1V1,213.528
Co1Si1,191.9
Co1Si2Tb1,124.838
Co1Si2Y1,124.083
Co1Si2,181.989
Co1Si3Th1,131.03799999999998
Co1Sn1Tb1,73.2521
Co1Sn1Th1,108.172
Co1Sn1Y1,88.0562
Co1Ta1,181.85
Co1Ta2,217.475
Co1Te2,51.118
Co1Ti1,117.133
Co1Ti2,137.828
Co1V3,206.111
Co1Y1,48.0344
Co1Zr1,109.411
Co1Zr2,121.763
Co1Zr2,98.1264
Co2Cu1S4,104.511
Co2Fe1Ga1,106.367
Co2Fe1In1,95.7
Co2Ga1Hf1,122.5
Co2Ga1Mn1,84.4556
Co2Ga1Ta1,129.694
Co2Ga1Ti1,110.267
Co2Ge1Mn1,82.3056
Co2Ge1Zn1,73.8333
Co2Hf1Sn1,103.111
Co2In1Zr2,100.481
Co2Mn1Sn1,76.2889
Co2N1Ta4,241.08900000000003
Co2N1Zr4,145.86700000000002
Co2Nb1Sn1,115.628
Co2O7Sb2,153.906
Co2S6Ta9,126.438
Co2Sc1Sn1,86.0333
Co2Se2Tl1,35.1563
Co2Si1Ti1,148.178
Co2Si1V1,181.578
Co2Si3Zr3,131.641
Co2Sn1Ti1,87.4444
Co2Sn1Zr1,103.911
Co2Y3,64.3072
Co3Fe1,110.361
Co3S4,94.1722
Co4Dy3Ge13,108.772
Co4Er3Ge13,109.094
Co4Ge13Lu3,110.428
Co4Ge13Tb3,105.594
Co4Ge13Y3,105.711
Co4Ge13Yb3,89.9889
Co5Y1,84.3919
Cr1Cu1O2,153.269
Cr1Dy4Ga12,84.5
Cr1Er1O4,128.60399999999998
Cr1F3K1,51.3095
Cr1F4Sr1,63.2277
Cr1Ge1Nb1,189.668
Cr1Ho1O4,127.123
Cr1K1O2,109.582
Cr1La1O3,180.05
Cr1La1S3,81.7422
Cr1La1Se3,67.9427
Cr1N1Nb1,274.765
Cr1N1,234.5
Cr1N1,157.29399999999998
Cr1N3Sr3,51.5257
Cr1Nb1P1,126.22
Cr1Ni1Sb1,95.8667
Cr1O2,196.956
Cr1O2,200.968
Cr1O2,224.49400000000003
Cr1O4P1,114.186
Cr1O4Tb1,122.457
Cr1O4V1,94.4833
Cr1P1,107.183
Cr1P4,117.872
Cr1Rh3,253.761
Cr1S1,61.0754
Cr1Si2,192.7
Cr1Si2,187.983
Cr1Te1,39.4056
Cr1Te1,57.5676
Cr1,49.0671
Cr2Cu1S4,82.7333
Cr2Cu1Se4,66.1
Cr2Cu1Te4,50.4889
Cr2Ga1N1,110.617
Cr2Hf1,185.433
Cr2Hg1O4,154.25
Cr2Hg1S4,76.0056
Cr2Hg1Se4,60.4229
Cr2Mg1O4,167.078
Cr2Mg1O4,166.141
Cr2Mn1O4,166.1
Cr2O4Zn1,175.50599999999997
Cr2O4Zn1,175.683
Cr2O6Te1,194.659
Cr2O6W1,202.707
Cr2S4Zn1,83.8333
Cr2Se4Zn1,66.6889
Cr2Ti1,194.439
Cr3N1Pt1,115.186
Cr3Nb1,80.5222
Cr3Si1,191.217
Cs1Cu1F4,18.985
Cs1Cu1O2,31.2322
Cs1F1,21.9111
Cs1F1,24.8444
Cs1F2H1,19.0642
Cs1F3Mg1,61.9111
Cs1F3Pb1,38.8778
Cs1F3Sr1,40.176
Cs1F3Yb1,45.4889
Cs1Fe1O2,86.9222
Cs1Gd1S2,39.2709
Cs1H1,12.3667
Cs1H1,9.59444
Cs1H3Mg1,24.0836
Cs1I1,10.0944
Cs1I1,8.39444
Cs1I2Li1,11.7691
Cs1I3Pb1,15.1129
Cs1I3Sn1,13.0419
Cs1I3Sn1,15.4593
Cs1In3,21.6987
Cs1K2Sb1,12.5833
Cs1N2Nb1,95.4056
Cs1N3,14.4859
Cs1Na1S1,21.1088
Cs1Na2,5.11304
Cs1O2Y1,76.5456
Cs1S2Tb1,41.0232
Cs1,2.07222
Cs1,2.22778
Cs2.67O16Te5.33,103.689
Cs2F6Ge1,16.902
Cs2F6Si1,16.4472
Cs2H4Mg1,16.3598
Cs2Hf1I6,7.01667
Cs2I6Pd1,7.77222
Cs2I6Pt1,7.47222
Cs2I6Sn1,7.14444
Cs2I6Te1,7.11667
Cs2Pt1,13.2204
Cs2S2,12.3374
Cs2Te1,10.0147
Cs2Te5,12.2012
Cs3Hg20,13.6611
Cs3I9Sb2,8.44548
Cs3Ni1O2,23.6792
Cs3O3Sb1,17.063
Cu1Dy1Pb1,68.9934
Cu1Dy1Si1,95.6611
Cu1Dy1Sn1,75.8607
Cu1Dy1,66.8444
Cu1Dy2Ge6,82.0243
Cu1Er1Pb1,69.3702
Cu1Er1Si1,97.5258
Cu1Er1Sn1,75.6198
Cu1Er1,78.5
Cu1F3K1,50.551
Cu1F3K1,51.8476
Cu1F3Rb1,41.8237
Cu1F4Sr1,65.7564
Cu1Fe2Ge2,154.83100000000002
Cu1Ga1O2,152.366
Cu1Ga1Pt2,186.011
Cu1Ga1S2,73.9709
Cu1Ga1Te2,46.4076
Cu1Ga1Zr1,118.171
Cu1Ga2,79.102
Cu1Ge1Hf1,137.066
Cu1Ge1Sc1,100.099
Cu1Ge1Zr1,132.46200000000002
Cu1Ge6Ho2,82.2454
Cu1Ge6Y2,77.9372
Cu1Hf1Hg2,100.961
Cu1Hf1Si1,156.431
Cu1Hf2,118.017
Cu1Hf4P1,131.21
Cu1Hf5Pb3,109.819
Cu1Hf5Sn3,116.877
Cu1Hg2Zr1,101.061
Cu1Ho1Si1,97.6782
Cu1Ho1Sn1,73.9639
Cu1Ho1,70.3889
Cu1I1,37.7333
Cu1In1La1,60.056
Cu1In1O2,122.671
Cu1In1Se2,52.3168
Cu1Ir2S4,108.733
Cu1K1S1,18.0358
Cu1K1Se1,34.4176
Cu1K1Te1,28.5064
Cu1La1Pb1,58.7884
Cu1La1Si1,79.4908
Cu1La1,47.5025
Cu1Li2Sb1,49.7556
Cu1Li2Sn1,50.7222
Cu1Mg1P1,90.6306
Cu1Mg1Sb1,64.5333
Cu1Mg1Sn1,48.4
Cu1Mg1Sn1,62.1667
Cu1Mg1Y1,59.1007
Cu1Mn1P1,93.1208
Cu1Mn1Sb1,69.3111
Cu1Mn3N1,66.7944
Cu1Na1Se1,40.7854
Cu1Nb3Te4,70.8251
Cu1Nb4Si1,181.289
Cu1Ni2Sb1,142.122
Cu1Ni2Sn1,149.02200000000002
Cu1O1,147.555
Cu1O2Sc1,129.387
Cu1O2Sr1,89.6702
Cu1O2Y1,116.761
Cu1P1Sr1,65.1628
Cu1Pd1,137.239
Cu1Pt7,220.533
Cu1Rh2Se4,82.4944
Cu1Rh2Sn1,169.25
Cu1S2Tl1,54.9243
Cu1S2,74.5217
Cu1S4Zr2,84.5389
Cu1Sb1Se2,38.3451
Cu1Sb1Sr1,47.5113
Cu1Sb1Yb1,52.3379
Cu1Sb1Yb1,52.6928
Cu1Sb2Ti5,117.01
Cu1Sc1Sn1,78.1267
Cu1Sc1,82.0
Cu1Se2,62.1951
Cu1Si1Tb1,92.8228
Cu1Si1Ti1,123.637
Cu1Si1Y1,93.6134
Cu1Sn1Tb1,74.4397
Cu1Sn1Y1,75.902
Cu1Sn1Y1,74.6421
Cu1Sn3Zr5,110.123
Cu1Tb1,65.75
Cu1Te2,47.9281
Cu1Ti2,120.345
Cu1Ti3,96.4902
Cu1Y1,64.7833
Cu1Zn1,105.444
Cu1Zr1,138.203
Cu1Zr2,110.953
Cu2Dy1Ge2,97.9549
Cu2Dy1In1,83.7389
Cu2Dy2In1,72.2142
Cu2Er1In1,87.8167
Cu2Er1Si2,114.858
Cu2Ga1Sc1,99.3278
Cu2Ge1Li1,87.5778
Cu2Ge2La1,90.4249
Cu2Ge2Sr1,68.6387
Cu2Ge2Tb1,95.1506
Cu2Hf1In1,121.528
Cu2Ho1In1,83.0333
Cu2Ho2In1,69.3729
Cu2In1Lu1,73.2667
Cu2In1Mn1,88.3833
Cu2In1Sc1,91.6333
Cu2In1Ti1,117.0
Cu2In1Y1,85.7722
Cu2In1Zr1,112.878
Cu2La1Si2,103.318
Cu2Li1P2,87.235
Cu2Li1Si1,102.656
Cu2O1,110.394
Cu2O3Sr1,96.4704
Cu2S1,96.9944
Cu2Sb1,89.6924
Cu2Sc1,93.9396
Cu2Se1,83.3778
Cu2Te2Tl1,32.9523
Cu2Zn1Zr1,116.35
Cu3Dy3Sb4,76.8714
Cu3Ho3Sb4,77.4722
Cu3N1Pd0.25,119.562
Cu3N1,114.428
Cu3Nb1S4,35.8444
Cu3Nb1Se4,32.25
Cu3Nb1Te4,28.0889
Cu3P1S4,73.166
Cu3Pt1,159.392
Cu3S4V1,38.8083
Cu3Sb4Tb3,74.8667
Cu3Sb4Y3,75.8833
Cu3Se2,69.1684
Cu3Se4Ta1,31.4389
Cu3Te4V1,27.275
Cu4Er1Pd1,114.8
Cu4Hf3Si2,148.511
Cu4In1Sc1,105.961
Cu4In1Tb1,97.7944
Cu4In1Y1,96.0667
Cu4In1Yb1,82.3611
Cu4Mg1Sn1,90.2944
Cu4Mg1Y1,88.3327
Cu4Mn1Sn1,99.5167
Cu4Ni1Yb1,100.506
Cu4O3,121.537
Cu5Nd1,101.426
Cu6Ga5Mg2,85.7398
Cu6O10Sr4,100.782
Cu6O8Pb1,121.228
Cu7Hf6Zn16,102.478
Cu7Zn16Zr6,99.4444
Cu9Ga4,118.55
Cu9In4,98.5278
Dy1Ga1Pd1,97.7786
Dy1Ga1Pt1,115.576
Dy1Ga1Zn1,73.65
Dy1Ga2Ni1,96.8957
Dy1Ga3Ru1,112.789
Dy1Ga3,90.0722
Dy1Ga4Ni1,91.3146
Dy1Ge1Ir1,136.721
Dy1Ge1Ir1,138.981
Dy1Ge1Li1,63.7099
Dy1Ge1Ni1,106.225
Dy1Ge1Pt1,121.774
Dy1Ge1Ru1,124.78
Dy1Ge1Sn1,67.4281
Dy1Ge1,83.6831
Dy1Ge2Ni2,119.019
Dy1Ge2Rh2,136.035
Dy1Ge2Ru2,137.976
Dy1H2,86.1833
Dy1Hg1,67.4111
Dy1Hg2,66.5747
Dy1Hg3,63.3825
Dy1In1Ir1,115.463
Dy1In1Ni1,90.6672
Dy1In1Pd2,104.633
Dy1In1Pt2,123.975
Dy1In1Pt4,164.822
Dy1In1Rh1,98.7365
Dy1In1Zn1,64.9651
Dy1In1,58.8278
Dy1In3,62.9056
Dy1Ir1Si1,141.547
Dy1Ir1Si3,132.84
Dy1Ir2Si2,179.847
Dy1Ir2Si2,183.903
Dy1Ir2,200.644
Dy1Ir3,216.133
Dy1Li1O2,122.211
Dy1Mg1Pd1,72.2429
Dy1Mg1Sn1,57.1123
Dy1Mg1,41.5389
Dy1Mg2,42.8884
Dy1Mg3,41.2556
Dy1N1,162.61700000000002
Dy1Ni1P1,128.009
Dy1Ni1Sb1,92.7889
Dy1Ni2P2,150.375
Dy1Ni2Si2,134.585
Dy1O4P1,139.17600000000002
Dy1O4V1,127.149
Dy1O4V1,145.01
Dy1Os2Si2,168.899
Dy1Os2,213.191
Dy1P1Pt1,127.903
Dy1P1,86.9389
Dy1Pb1Pd1,83.1196
Dy1Pd1Sb1,87.0193
Dy1Pd1Sb1,90.0052
Dy1Pd1Sn1,93.8396
Dy1Pd1Tl1,78.9629
Dy1Pd1,90.4778
Dy1Pd2Si2,133.829
Dy1Pd3,133.561
Dy1Pt1Sb1,100.7
Dy1Pt1Si1,133.988
Dy1Pt1Sn1,107.788
Dy1Pt2Si2,145.601
Dy1Pt2Si2,157.09799999999998
Dy1Pt2,164.956
Dy1Pt3,173.58900000000003
Dy1Re2,203.805
Dy1Re2,204.423
Dy1Re2,202.465
Dy1Rh1Sn1,107.041
Dy1Rh1Zn1,119.821
Dy1Rh1,114.672
Dy1Rh2Si2,159.715
Dy1Rh2,155.506
Dy1Rh3Si2,176.926
Dy1Rh5,181.91
Dy1Ru1Si1,127.562
Dy1Ru2Si2,154.545
Dy1S1,97.8944
Dy1S2,93.3265
Dy1Sb1,60.7833
Dy1Se1,81.7778
Dy1Se2,77.7037
Dy1Si1,90.8953
Dy1Si1,91.5451
Dy1Si2,87.2413
Dy1Sn2,58.5548
Dy1Sn3,55.2944
Dy1Te1,64.5333
Dy1Te2,58.5496
Dy1Tl1Zn1,62.9937
Dy1Tl1,55.1111
Dy1Tl3,48.3
Dy1Zn1,55.8389
Dy1,39.3711
Dy1,41.1506
Dy2Ge2In1,70.3233
Dy2Ge2Mg1,74.1739
Dy2Hf2O7,173.03900000000002
Dy2In1Pd2,87.5686
Dy2In1,54.4768
Dy2Mg1Si2,79.2668
Dy2O1S2,79.5296
Dy2O7Ru2,189.467
Dy2O7Sn2,160.95600000000002
Dy2O7Tc2,186.522
Dy2O7Ti2,185.922
Dy2O7V2,190.278
Dy2Rh3Sn5,96.4456
Dy2S3,81.5018
Dy2Se3,67.3716
Dy2Tl1,54.4566
Dy3Ga1O6,140.315
Dy3Ge13Os4,119.0
Dy3Ge13Rh4,107.983
Dy3Ge13Ru4,111.794
Dy3Ge4,79.4727
Dy3In1N1,89.0667
Dy3Ni2,60.2706
Dy3Os1,70.5379
Dy3Pt1,56.8403
Dy3Rh1,58.1985
Dy3Ru1,61.9295
Dy4Ga12Pd1,80.5722
Dy4Ge6Ir7,158.067
Dy4Ge6Rh7,135.822
Dy4In1Rh1,64.0278
Dy4Mg1Rh1,55.5611
Dy4Sb3,67.4778
Dy5Ni1Pb3,57.0882
Dy5Rh3,80.7106
Dy5Ru2,64.0694
Dy5S7,78.9387
Er1Ga1Ir1,128.023
Er1Ga1Pd1,94.4612
Er1Ga1Rh1,120.151
Er1Ga1,70.4689
Er1Ga2Ni1,102.839
Er1Ga2Pd1,97.2234
Er1Ga3Ru1,115.083
Er1Ga3,78.9444
Er1Ge1Ir1,141.88299999999998
Er1Ge1Rh1,125.257
Er1Ge1Ru1,122.16
Er1Ge1Sn1,67.9867
Er1Ge1,82.5778
Er1Ge2Rh2,138.213
Er1Ge3Ni1,99.2194
Er1H1,69.6361
Er1H1,69.1015
Er1H2,89.9389
Er1H2,82.1074
Er1Hg1,71.3222
Er1Hg2,67.7116
Er1Hg3,63.4793
Er1In1Pt1,108.374
Er1In1Pt4,167.667
Er1In1Zn1,65.8719
Er1In1,59.1361
Er1In3,63.8
Er1Ir1Si1,148.257
Er1Ir1Sn1,118.796
Er1Ir1,143.11700000000002
Er1Ir2Si2,181.96400000000003
Er1Ir2,205.167
Er1Mg1Pd1,75.524
Er1Mg1,42.7056
Er1Mg2,43.8606
Er1Mg2,44.0289
Er1Ni1P1,132.002
Er1Ni1Sb1,93.1556
Er1Ni2P2,156.93200000000002
Er1Ni2Si2,139.889
Er1O4P1,142.135
Er1Os2Si2,171.893
Er1Os2,217.087
Er1P1Pd1,121.268
Er1P1,88.8
Er1P2Ru2,171.778
Er1Pb1Pd1,84.2982
Er1Pd1Sb1,91.0667
Er1Pd1Sn1,88.7951
Er1Pd1Sn1,97.5334
Er1Pd1Tl1,80.7439
Er1Pd1,93.0222
Er1Pd2Si2,134.759
Er1Pd2Sn1,109.294
Er1Pd3S4,103.094
Er1Pd3,131.70600000000002
Er1Pt1Sb1,102.822
Er1Pt1Si1,134.315
Er1Pt1Sn1,110.394
Er1Pt1Zn1,107.242
Er1Pt1,114.728
Er1Pt2Si1,150.684
Er1Pt2Si2,157.442
Er1Pt2,168.25
Er1Pt3,178.778
Er1Rh1Sn1,110.449
Er1Rh1,120.072
Er1Rh2Si2,160.6
Er1Rh2,158.38299999999998
Er1Rh3Si2,178.05200000000002
Er1Rh5,182.014
Er1Ru2Si2,157.89700000000002
Er1S1,100.606
Er1S2,95.2256
Er1Sb1,60.6722
Er1Se1,83.7111
Er1Si1,94.8216
Er1Si2,88.8262
Er1Sn2,57.9944
Er1Sn3,56.1056
Er1Te1,65.6167
Er1Te2,60.0458
Er1Tl1Zn1,63.6009
Er1Tl1,61.0612
Er1Tl1,56.5056
Er1Tl3,47.7111
Er1Zn1,59.5056
Er1,44.2931
Er2Ge2Mg1,75.9031
Er2Hf2O7,172.767
Er2In1Ni2,87.5861
Er2In1Pd2,89.2177
Er2In1,56.4123
Er2Mg1Se4,52.9444
Er2Mg1,42.764
Er2Ni12P7,180.55
Er2Ni1Sn6,62.7274
Er2O3,145.077
Er2O7Ru2,191.189
Er2O7Sn2,161.939
Er2O7Sn2,161.939
Er2O7Tc2,185.906
Er2O7Ti2,187.311
Er2O7V2,196.035
Er2Pb1Pd2,85.0512
Er2S3,81.6774
Er3F10K1,91.75
Er3Ga1O6,143.07399999999998
Er3Ge13Ir4,120.483
Er3Ge13Rh4,107.744
Er3Ge4,78.0387
Er3In1N1,90.4944
Er3Os1,71.8146
Er3Os4Si13,142.765
Er3P6Pd20,151.7
Er3Pd8Sb4,117.0
Er3Rh1,61.0089
Er3Ru2,91.0634
Er3Sn7,58.7421
Er4Fe1Ga12,74.9
Er4Ga12Pd1,81.0167
Er4Ge6Ir7,164.55599999999998
Er4Ge6Os7,166.622
Er4Ge6Rh7,139.65
Er4In1Ir1,69.6314
Er4In1Rh1,66.2889
Er4Sb3,69.0241
Er5Ge3,72.7202
Er5Ni1Pb3,60.85
Er5S7,80.4114
Er5Sb3,69.3305
Er5Si3,77.4364
Er7Rh3,65.7052
Eu1F2,66.6833
Eu1F4Mg1,52.3918
Eu1Hg1,36.2222
Eu1O3Ti1,183.133
Eu1S1,48.3889
Eu1S1,59.9
Eu1Se1,38.6444
Eu1Se1,45.0861
Eu1Te1,38.9556
F10K1Tb3,85.7722
F10K1Y3,84.05
F1Gd1S1,103.094
F1Ho1S1,110.267
F1K1,32.5111
F1La1S1,90.7319
F1Na1,46.8833
F1Rb1,29.1722
F1Rb1,25.3278
F1S1Y1,83.1611
F2H1K1,24.9762
F2Hg2,29.9839
F2Kr1,6.958539999999999
F2Mg1,94.1324
F2Mg1,97.4883
F2Mg1,104.974
F2Ni1,110.201
F2Ni1,114.146
F2Pb1,67.5389
F2Pd1,95.7347
F2Pd1,85.6779
F2Ti1,104.861
F2V1,93.3374
F2Xe1,6.9032800000000005
F2Zn1,105.725
F2Zn1,102.328
F3Hg1Rb1,50.2056
F3K1Mg1,69.5833
F3K1Mn1,61.2056
F3K1Ni1,75.55
F3K1Pd1,61.2889
F3K1V1,66.3
F3K1Zn1,73.4722
F3La1,121.316
F3La1,63.7948
F3Mg1Na1,71.5333
F3Mg1Rb1,64.7722
F3Mg3N1,117.872
F3Mn1Rb1,60.5278
F3Mo1,94.0778
F3Na1Ni1,64.6318
F3Na1V1,67.8389
F3Na1Zn1,74.6982
F3Pb1Rb1,39.4611
F3Pd1Rb1,60.1944
F3Rb1V1,65.4611
F3Rb1Yb1,45.7111
F3Sc1,85.1278
F3Y1,96.7167
F3Y1,67.2303
F4K2Mg1,46.0564
F4K2Zn1,45.1362
F4Mg1Rb2,39.4891
F4Nb1,35.126999999999995
F4Ni1Rb2,40.2276
F4Pb1Pd1,64.1358
F4Pb1,32.3623
F4Pd1Sr1,63.4892
F4Si1,5.65556
F4Sn1,41.7668
F5Mn1Rb2,20.4749
F5U1,23.0708
F6Ge1Rb2,19.0778
F6Hf1K2,9.25
F6Hf1V1,75.2056
F6K2Mn1,17.3389
F6K2Ni1,22.4556
F6K2Si1,20.0278
F6K3W1,33.3556
F6Li1V2,77.5726
F6Mn1Rb2,17.3611
F6Na1P1,21.1111
F6Na1Sb1,20.3
F6Na1Sb1,21.75
F6Ni1Rb2,17.8944
F6Pb1Zr1,74.5071
F6Pd1Rb2,14.1889
F6Rb2Si1,19.0917
F6S1,4.28333
F6Si1Tl2,19.8944
F6Sn2,49.8444
F6V1Zr1,72.9417
Fe1Ga12Ho4,75.3556
Fe1Ga12Tb4,72.1722
Fe1Ga12Y4,74.1222
Fe1Ga1Ni2,158.406
Fe1Ga2Hf6,118.117
Fe1Ge1,79.1666
Fe1H6Mg2,82.9167
Fe1H6Sr2,53.7611
Fe1Hf1P1,144.145
Fe1Hf1Si1,129.486
Fe1Hf4P1,121.766
Fe1La1O3,168.08900000000003
Fe1N2W1,261.332
Fe1Nb1P1,249.944
Fe1Nb1Sb1,166.75599999999997
Fe1Nb4P1,188.633
Fe1O1,181.35
Fe1O2Sr1,100.326
Fe1O3Sr1,128.594
Fe1P1Ta1,259.303
Fe1P1Ta4,185.86
Fe1P1V1,243.892
Fe1P1Zr1,135.995
Fe1Pd3,100.2
Fe1Rh2S4,107.511
Fe1Ru2Si1,237.0
Fe1Ru2Sn1,185.767
Fe1S2,105.171
Fe1Sb1V1,155.444
Fe1Sb2Zr6,105.706
Fe1Se2,84.1869
Fe1Si1Ta1,167.584
Fe1Si1Tb1,99.5431
Fe1Si1Zr1,165.084
Fe1Si1,222.095
Fe1Te1,32.3845
Fe1Te2Zr6,113.505
Fe1Te2,65.3472
Fe1Ti1,176.84400000000002
Fe1V3,213.006
Fe1Zr2,92.141
Fe1,291.462
Fe2Ga1V1,207.99400000000003
Fe2Ge1Ti1,200.25
Fe2Hf1,133.194
Fe2In1Ti1,158.561
Fe2Re3,325.661
Fe2S6Ta9,119.614
Fe2Si2Tb1,138.27700000000002
Fe2Ta1,149.34799999999998
Fe2Ta1,144.27200000000002
Fe2Ta1,146.57
Fe2Ta1,145.666
Fe2W1,191.453
Fe4O11Sr4,130.731
Fe6Ge6Hf1,97.8351
Ga0.4N0.2V0.6,191.011
Ga12Ho4Ni1,78.1333
Ga12Ho4Pd1,82.4
Ga12Lu4Pd1,83.7778
Ga12Pd1Tb4,78.9111
Ga12Pd1Y4,75.0111
Ga1Gd3O6,131.762
Ga1Ge1Li1,54.8006
Ga1Hf1Ni1,147.547
Ga1Hf1Ni2,163.489
Ga1Hf1Pd1,143.889
Ga1Hf1Pt1,162.539
Ga1Hf1Rh1,160.222
Ga1Ho1O3,180.294
Ga1Ho1Pt1,118.03
Ga1Ho3O6,141.463
Ga1In1O3,175.393
Ga1In1Te2,21.603
Ga1Ir1Li2,96.9944
Ga1Ir1Th1,127.142
Ga1Ir1Y1,128.069
Ga1Ir1,217.956
Ga1La1Mg1,50.392
Ga1La1Pd2,92.1304
Ga1La1Pt1,91.5926
Ga1La1Zn1,59.6166
Ga1La3,39.7556
Ga1Li1Mg2,40.7333
Ga1Li1O2,89.8657
Ga1Li1S2,43.7995
Ga1Li1Se2,36.3455
Ga1Li1Si1,58.4222
Ga1Li2Pd1,66.2556
Ga1Li2Pt1,82.2667
Ga1Mg1Sm1,58.9574
Ga1Mg1Y1,60.3629
Ga1Mn1Ni2,136.183
Ga1Mn1Ti2,139.45
Ga1Mn1,61.452
Ga1Mo3,222.439
Ga1N1,175.264
Ga1N1,178.46099999999998
Ga1Nb1Ni2,162.45600000000002
Ga1Ni1Ti1,134.605
Ga1Ni2Ta1,190.24400000000003
Ga1Ni2V1,180.317
Ga1Ni3,162.072
Ga1O3Pr1,109.994
Ga1O6Tb3,139.804
Ga1O6Y3,136.067
Ga1P1Pt5,212.71400000000003
Ga1P1,78.7833
Ga1P1,90.05
Ga1P1,79.0344
Ga1Pd1Tb1,94.1726
Ga1Pd1,125.235
Ga1Pd2Sc1,121.089
Ga1Pt1Th1,115.891
Ga1Pt1Ti1,149.243
Ga1Pt1Y1,106.601
Ga1Pt1Zr1,156.607
Ga1Pt1Zr1,155.532
Ga1Pt1,164.415
Ga1Pt3,211.667
Ga1Pt3,209.155
Ga1Rh1Y1,106.713
Ga1Rh1Zr1,153.954
Ga1Rh1,184.65
Ga1Ru1,202.872
Ga1S8Ti4,48.85
Ga1Sc1,78.609
Ga1Se2Tl1,26.1595
Ga1Sn1Sr1,37.5946
Ga1Sn2V2,107.626
Ga1Sn3Zr5,108.793
Ga1Tb1,63.6311
Ga1Y1,66.3681
Ga1Zr2,107.488
Ga1,63.0489
Ga2Hf6Ni1,120.908
Ga2Hg1Te4,25.1303
Ga2Ho1Pd1,97.6385
Ga2Ho1,74.7481
Ga2La1,68.5644
Ga2Mg1O4,166.91099999999997
Ga2Mg5,44.1315
Ga2O4Zn1,173.45
Ga2O6Te1,183.975
Ga2Os1,185.599
Ga2Pb1Se4,31.9935
Ga2Pt1,116.061
Ga2Ru1,164.19099999999997
Ga2S4Sr1,35.1385
Ga2Sc1,79.3849
Ga2Se4Sr1,29.3315
Ga2Ta3,181.544
Ga2Th1,95.3187
Ga2Y1,76.1325
Ga2Zr3,112.905
Ga3Hf1,108.209
Ga3Hf3Nb2,138.69299999999998
Ga3Hf5,121.504
Ga3Ho1Ru1,113.767
Ga3Ho1,70.4417
Ga3Ni2,127.407
Ga3Ni5,167.532
Ga3Os1Tb1,122.617
Ga3Pt2,134.715
Ga3Rb1,30.3889
Ga3Ru1Tb1,112.322
Ga3Ru1Y1,111.506
Ga3Sc1,83.3889
Ga3Tb1,73.9944
Ga3U1,63.5528
Ga3Zr1,102.645
Ga4Nb5,160.855
Ga4Sr1,48.3873
Ga5Pd1,68.2104
Ga6Mn1Tb2,65.2111
Ga7Ni3,105.764
Gd1Hg1,57.0333
Gd1Mg1,62.5167
Gd1N1,150.433
Gd1O1,104.189
Gd1O4P1,128.253
Gd1O4V1,120.603
Gd1Rh1,108.044
Gd1S1,94.6056
Gd1Se1,77.6556
Gd1Te1,71.8444
Gd2Hf2O7,168.0
Gd2O2Se1,104.346
Gd2O7Sn2,156.244
Gd2O7Ti2,179.628
Gd2O7Zr2,176.817
Gd2O7Zr2,160.11700000000002
Gd2S3,75.7849
Gd3In1N1,80.7333
Ge12Pr1Pt4,120.802
Ge13Ho3Os4,119.578
Ge13Ho3Rh4,109.233
Ge13Ir4Tb3,126.294
Ge13Ir4Y3,104.139
Ge13Ir4Yb3,97.7167
Ge13Lu3Rh4,108.872
Ge13Os4Tb3,118.644
Ge13Rh4Tb3,108.733
Ge13Rh4Y3,107.778
Ge13Ru4Tb3,113.106
Ge13Ru4Y3,110.122
Ge1Hf1Ir1,191.189
Ge1Hf1Mn1,111.993
Ge1Hf1Os1,209.18400000000003
Ge1Hf1Pt1,174.792
Ge1Hf1Rh1,178.009
Ge1Hf1Rh1,168.076
Ge1Hf1V1,154.85
Ge1Hg1Li2,43.1556
Ge1Ho1Ir1,135.27700000000002
Ge1Ho1Mn1,100.79
Ge1Ho1Rh1,118.99
Ge1Ho1Ru1,124.129
Ge1Ho1Sn1,67.2327
Ge1Ho1,82.6787
Ge1I3Rb1,18.6
Ge1In1Li1,44.6722
Ge1Ir1Mn3,110.362
Ge1Ir1Nb1,229.001
Ge1Ir1Sc1,149.475
Ge1Ir1Tb1,132.46
Ge1Ir1Y1,137.808
Ge1Ir1Zr1,187.606
Ge1La1,64.6282
Ge1La1,63.0948
Ge1La3,41.2045
Ge1Li1Ni2,117.056
Ge1Li1Rh2,170.1
Ge1Li1Y1,60.5342
Ge1Li2O3,69.7235
Ge1Li2Zn1,50.3278
Ge1Mg1N2,146.838
Ge1Mg1O3,161.80200000000002
Ge1Mg2O4,158.111
Ge1Mg2,41.2556
Ge1Mn1Nb1,186.349
Ge1Mn1Ni1,93.8205
Ge1Mn1Ni2,141.733
Ge1Mn1Pd1,100.066
Ge1Mn1Pd2,94.7389
Ge1Mn1Rh1,130.487
Ge1Mn1Rh2,171.356
Ge1Mn1Yb1,50.7601
Ge1Mn1,57.8889
Ge1Mn2O4,159.78799999999998
Ge1Mn3,60.7944
Ge1Mo3,231.461
Ge1N2Sr2,61.4443
Ge1Nb1Pt1,188.962
Ge1Nb1Rh1,204.238
Ge1Ni1Ti1,154.33700000000002
Ge1Ni1Zr1,149.681
Ge1Ni2O4,183.489
Ge1Ni2Zn1,154.094
Ge1Ni2Zn3,118.572
Ge1Ni2,170.581
Ge1Ni2,175.236
Ge1O2,218.279
Ge1O2,231.547
Ge1O3Pb1,157.483
Ge1O3Sr1,57.6448
Ge1O6Se2,51.6339
Ge1O8Zr3,197.862
Ge1Os1Sc1,163.539
Ge1Os1Zr1,199.82
Ge1P1,76.484
Ge1P2Zn1,73.2326
Ge1Pd1Sc1,115.066
Ge1Pd1Ti1,144.37
Ge1Pd1Zr1,144.921
Ge1Pd1,141.763
Ge1Pd2Y1,114.117
Ge1Pd2,155.238
Ge1Pt1Se1,119.016
Ge1Pt1Sr1,67.0379
Ge1Pt1Ti1,149.79399999999998
Ge1Pt1Y1,118.595
Ge1Pt1Zr1,169.96200000000002
Ge1Pt2,175.37900000000002
Ge1Rh1Sc1,136.859
Ge1Rh1Sc1,134.04399999999998
Ge1Rh1Ta1,212.442
Ge1Rh1Tb1,118.446
Ge1Rh1Tb1,117.051
Ge1Rh1Y1,118.461
Ge1Rh1Zr1,162.64700000000002
Ge1Rh1,107.391
Ge1Rh2,189.525
Ge1Ru1Sc1,143.578
Ge1Ru1Tb1,112.158
Ge1Ru1,177.352
Ge1S2,19.7826
Ge1Sc1,85.9741
Ge1Sn1Tb1,66.2574
Ge1Te1,49.0222
Ge1Th1,86.7611
Ge1V1Zr1,149.046
Ge1V3,175.611
Ge1Y1Zn1,75.7446
Ge1Y1,78.3259
Ge1Zr1,122.347
Ge1,61.5626
Ge1,58.9656
Ge1,61.4778
Ge1,71.6949
Ge1,62.3675
Ge2Hf1,121.109
Ge2Hf3,134.783
Ge2Ho1Ni2,124.702
Ge2Ho1Pd2,111.111
Ge2Ho1Rh2,137.09799999999998
Ge2Ho1Ru2,141.673
Ge2Ho2Mg1,78.3658
Ge2In1Tb2,68.9187
Ge2Ir2La1,150.639
Ge2Ir2Tb1,163.564
Ge2Ir2Th1,175.304
Ge2Ir3La1,179.37599999999998
Ge2La1Li1,56.5632
Ge2La1Ni1,94.5536
Ge2La1Pd1,83.3136
Ge2La1Pd2,103.116
Ge2La1Pt2,123.236
Ge2La1Pt2,111.584
Ge2La1Rh1,99.674
Ge2La1Rh2,118.265
Ge2La1Ru2,116.95
Ge2Mg1Tb2,74.2239
Ge2Mg1Y2,72.8812
Ge2Mo1,157.811
Ge2N3Na1,132.517
Ge2N4Si1,244.939
Ge2Os2Th1,164.697
Ge2Pd2Tb1,112.042
Ge2Pd2Th1,125.295
Ge2Pt1,103.382
Ge2Pt2Th1,136.525
Ge2Pt2Th1,145.034
Ge2Rh2Sr1,87.2225
Ge2Rh2Tb1,135.013
Ge2Rh2Th1,148.178
Ge2Rh2Y1,135.405
Ge2Ru2Tb1,136.167
Ge2Ru2Th1,150.474
Ge2Sc1,77.4528
Ge2Tb1,69.946
Ge2Th1,82.6977
Ge2Th1,85.6132
Ge2Th1,88.1729
Ge2Th3,87.9744
Ge2W1,167.74200000000002
Ge2W1,169.398
Ge3Ir1Sr1,87.0683
Ge3Ir2S3,111.449
Ge3Ir2Tb3,109.412
Ge3La1Os1,102.102
Ge3La1Rh1,97.42
Ge3La2Li2,58.6878
Ge3La4,51.0556
Ge3Mo5,211.562
Ge3N4,212.694
Ge3N4,173.93
Ge3N4,179.842
Ge3Ni1Y1,98.633
Ge3Pd1Sr1,72.648
Ge3Pt2,117.692
Ge3Pu1,117.75
Ge3Rh5,173.993
Ge3Ru2Tb3,100.329
Ge3Ta5,191.436
Ge3Ta5,193.454
Ge3Tb5,70.3279
Ge3W5,227.31
Ge3Y5,70.829
Ge4La1Rh6,171.7
Ge4Y3,77.5883
Ge6Ho2Ni1,85.0752
Ge6Ho4Ir7,162.056
Ge6Ho4Rh7,137.88299999999998
Ge6Ir7Mn4,167.83900000000003
Ge6Ir7Sc4,176.31099999999998
Ge6Ir7Tb4,158.9
Ge6Ir7Y4,157.906
Ge6Ir7Yb4,128.922
Ge6Lu4Ru7,154.378
Ge6Os7Sc4,182.122
Ge6Rh7Sc4,148.028
Ge6Ru7Sc4,156.678
Ge7Hf6Ni16,178.278
Ge7Ir3,146.483
Ge7Ni16Sc6,139.056
Ge8Na6Pt8,83.05
H15Th4,86.5944
H1Ho1Se1,86.494
H1In1O2,152.572
H1In1O2,131.56799999999998
H1In1O2,153.254
H1K1,14.9944
H1Mg1Ni1,96.5623
H1N1Sr1,79.6349
H1Na1,24.3778
H1Ni1,205.111
H1Pd1,179.144
H1Pd3Tl1,135.589
H1Rh1,215.047
H1Se1Y1,82.3273
H1Si3Y5,78.0861
H1Ta2,198.066
H1Ti1,126.582
H1W1,285.552
H2.25La1,72.8583
H2Hf1,148.132
H2Hf2Pd1,144.132
H2Ho1,88.0944
H2La1,64.05
H2Mg1Ni1,94.9675
H2Mg1,52.8745
H2Mg1,62.9107
H2Mg1,55.5206
H2Nb1,179.358
H2Pd1Zr2,134.026
H2Pu1,62.4722
H2Sc1,93.95
H2Sr1,39.4315
H2Sr1,42.1238
H2Ta1,195.517
H2Tb1,84.3222
H2Th1,90.7406
H2V1,174.933
H2W1,227.974
H2Y1,82.8111
H2Zr1,134.06799999999998
H3K1Mg1,35.4556
H3Li1Sr1,21.8333
H3Mg1Na1,39.3281
H3Mg1Ni1,112.789
H3Ni1Yb1,94.1111
H3Pd1Ti2,135.55100000000002
H3Pd1Yb1,93.5444
H3U1,103.356
H3Y1,85.4963
H5K3Zn1,17.3521
H5Rb3Zn1,15.0727
H6Li2Pt1,34.0278
H6Na2Pt1,23.0639
H6Os1Sr2,53.0056
H6Ru1Sr2,51.0389
H7Th1Zr2,113.05
H9.975La3.99,73.7797
He2Ne1,3.77037
Hf1In1Ni2,150.178
Hf1Ir1Si1,213.139
Hf1Ir1Sn1,165.491
Hf1Ir3,282.067
Hf1La3Sb5,60.6649
Hf1Mo1P1,203.079
Hf1Mo1Si1,185.613
Hf1Mo2,198.45
Hf1N1,269.533
Hf1N1,236.7
Hf1N2,228.817
Hf1N2,236.001
Hf1Nb1P1,180.587
Hf1Ni1P1,193.463
Hf1Ni1Si1,173.108
Hf1Ni2Sb1,154.486
Hf1Ni2Si2,180.49
Hf1Ni2Sn1,152.444
Hf1Ni2,177.044
Hf1O1S1,139.21
Hf1O2,252.028
Hf1O2,225.968
Hf1O3Pb1,164.794
Hf1O3Sr1,162.856
Hf1O3Sr1,153.918
Hf1O3Sr1,153.68
Hf1O3Sr1,158.518
Hf1O3Sr1,153.528
Hf1O4Si1,217.407
Hf1O7V2,77.8783
Hf1Os1Si1,224.329
Hf1Os1,227.65
Hf1Os3,266.844
Hf1P1Ru1,218.711
Hf1P1V1,185.363
Hf1P1,144.941
Hf1Pb1S3,26.2191
Hf1Pd1Si1,166.639
Hf1Pd1Sn1,122.717
Hf1Pd3,177.793
Hf1Pd3,178.583
Hf1Pd5,162.567
Hf1Pt1Si1,193.774
Hf1Pt1,182.656
Hf1Pt1,179.53400000000002
Hf1Pt3,233.359
Hf1Pt3,233.611
Hf1Re1Si1,218.913
Hf1Re2,262.681
Hf1Rh1Si1,188.639
Hf1Rh1Sn1,152.845
Hf1Rh1,181.367
Hf1Rh3,221.583
Hf1Ru1Sb1,145.411
Hf1Ru1Si1,201.136
Hf1Ru1,199.667
Hf1Ru3,212.278
Hf1S2,22.2242
Hf1Sb1,100.852
Hf1Si1V1,158.765
Hf1Si2,130.464
Hf1Tc1,185.978
Hf1Tc2,237.674
Hf1W2,219.822
Hf1,109.909
Hf1,109.227
Hf2Hg1,113.932
Hf2Ho2O7,171.933
Hf2Ir1,156.178
Hf2La2O7,164.97799999999998
Hf2Ni2Sn1,137.884
Hf2Ni2Sn1,140.849
Hf2Ni3Si4,177.851
Hf2O7Y2,169.083
Hf2P1Sb1,123.36
Hf2Pd1,135.144
Hf2Pd1,132.361
Hf2Rh1,142.3
Hf2S1,134.205
Hf2Zn1,107.809
Hf3In4,79.8641
Hf3N1Zn3,128.011
Hf3Ni2Si3,172.78900000000002
Hf3P2,156.68200000000002
Hf3Rh5,194.59
Hf3Si2,143.632
Hf4Ni1P1,141.52100000000002
Hf5Ir3,183.654
Hf5P7Pd9,149.091
Hf5Sb3Zn1,119.705
Hf5Si3,141.178
Hf5Sn3,113.593
Hf5Sn4,109.3
Hf6Ni16Si7,191.233
Hg11K1,14.6389
Hg11Rb1,14.3333
Hg1Ho1,70.2778
Hg1I2,4.7095400000000005
Hg1In2S4,62.5222
Hg1K1Sb1,21.1094
Hg1La1Pd1,74.5274
Hg1La1,52.4333
Hg1Li1,32.5667
Hg1Mg1,46.5444
Hg1Mg2,47.8227
Hg1Mn1,60.6556
Hg1Ni1,169.50099999999998
Hg1O2Rb2,23.0911
Hg1P1Pd5,148.134
Hg1P1Pt5,194.466
Hg1Pb1Sr1,34.088
Hg1Pd1,110.924
Hg1Pt1,147.942
Hg1Pt3,187.328
Hg1S1,50.2944
Hg1S1,66.7222
Hg1Sc1,76.7611
Hg1Se1,58.9222
Hg1Sn1Sr1,37.3449
Hg1Sn1Yb1,40.3417
Hg1Sr1,29.1111
Hg1Sr3,15.9327
Hg1Tb1,66.2
Hg1Ti1,65.945
Hg1Ti3,106.789
Hg1Y1,66.4778
Hg1Yb1,39.25
Hg1Zr3,107.094
Hg2Ho1,67.5175
Hg2K1,13.1689
Hg2La1,54.3486
Hg2Mg1,43.1007
Hg2Nb2O7,147.922
Hg2O7Sb2,149.528
Hg2Pt1,86.7842
Hg2Rh1,88.6437
Hg2Sr3,23.8286
Hg2Th1,79.4472
Hg2Y1,65.9158
Hg3Mg5,44.508
Hg3Y1,62.7056
Hg3Y1,61.9957
Hg3Yb1,33.6729
Hg3Zr1,83.0389
Hg4Pt1,63.7778
Hg5Pd2,68.8621
Ho1In1Ir1,116.093
Ho1In1Pd1,94.5868
Ho1In1Pt1,108.336
Ho1In1Pt4,165.928
Ho1In1Zn1,65.351
Ho1In1,61.1056
Ho1In3,63.5889
Ho1Ir1Si1,146.72899999999998
Ho1Ir1Si1,147.286
Ho1Ir1Si3,133.97299999999998
Ho1Ir1Sn1,118.64
Ho1Ir1,139.461
Ho1Ir2Si2,179.915
Ho1Ir2,203.006
Ho1Mg1Sn1,57.4855
Ho1Mg1,41.5833
Ho1Mg2,42.6587
Ho1Mg2,42.6621
Ho1Mn6Sn6,111.393
Ho1N1,166.433
Ho1Ni1Sb1,93.8833
Ho1Ni2Si2,138.81
Ho1Os2Si2,170.908
Ho1Os2,211.592
Ho1Os2,220.02
Ho1P1,87.6556
Ho1P2Ru2,169.699
Ho1Pd1Sb1,70.8556
Ho1Pd1Sn1,94.1882
Ho1Pd1,93.0111
Ho1Pd2Sn1,106.461
Ho1Pd3S4,104.739
Ho1Pd3,131.517
Ho1Pt1Sb1,102.394
Ho1Pt1Sn1,109.005
Ho1Pt2Si1,151.357
Ho1Pt2,166.644
Ho1Pt3,177.59400000000002
Ho1Re2,204.039
Ho1Rh1Si1,128.477
Ho1Rh1Sn1,109.732
Ho1Rh1Zn1,121.796
Ho1Rh1,117.278
Ho1Rh2Si2,160.588
Ho1Rh2,158.167
Ho1Rh3Si2,179.72799999999998
Ho1Ru2Si2,154.909
Ho1S1,99.0111
Ho1S2,93.9665
Ho1Sb1,61.3611
Ho1Se1,82.6611
Ho1Si1Ti1,93.1466
Ho1Si1,92.5681
Ho1Si1,93.1009
Ho1Sn2,58.8458
Ho1Sn3,56.6611
Ho1Te1,65.1611
Ho1Te2,58.9661
Ho1Tl1,56.6444
Ho1Tl3,49.15
Ho1Zn1,58.7556
Ho1Zn2,65.209
Ho1,42.971
Ho2In1Ni2,76.9525
Ho2In1Pd2,88.0466
Ho2In1,55.7155
Ho2Mg1Se4,52.6556
Ho2Ni1Sn6,63.258
Ho2O3,145.194
Ho2O3,144.876
Ho2O7Ru2,189.472
Ho2O7Sn2,161.428
Ho2Rh3Sn5,97.1116
Ho2S3,80.6856
Ho3In1N1,90.3278
Ho3Ru1,63.4508
Ho3Sn7,58.8555
Ho3Tl5,53.4482
Ho4In1Ir1,68.4074
Ho4In1Rh1,65.2889
Ho4Sb3,68.4611
Ho5Ni2Sb1,65.3642
Ho5S7,79.0718
Ho5Sb3,68.4001
I1K1O3,112.767
I1K1,13.4556
I1K3O1,19.2167
I1La1,42.3215
I1La5Sn3,49.8865
I1Li1,15.4388
I1Li1,20.2072
I1Rb1,11.2778
I1Tl1,17.5556
I1Tl1,14.3111
I2Pb1,7.39758
I2Pb1,6.670539999999999
I5In1Sn2,11.1918
I6Pd1Rb2,10.0556
I6Pt1Rb2,9.52222
I6Rb2Sn1,8.32778
I6Rb2Te1,8.01628
In14K3Mg20,36.7167
In1Ir1Li2,84.6556
In1Ir1Tb1,114.795
In1Ir1Tb4,42.0778
In1La1O3,142.067
In1La1Pd1,71.6392
In1La1Pd2,82.6421
In1La1Pt1,86.1354
In1La1Pt4,150.72799999999998
In1La1Rh1,85.9069
In1La1Zn1,54.6187
In1La1,49.9667
In1La2Pd2,70.7105
In1La2Rh2,81.6831
In1La3N1,65.8722
In1La3,38.9389
In1Li1O2,95.6054
In1Li1Se2,31.2051
In1Li1Se2,30.7299
In1Li1Sn1,33.9056
In1Li1Te2,23.4359
In1Li2Mg1,30.7278
In1Li2Pd1,59.1722
In1Li2Pt1,72.5278
In1Lu2Pd2,91.4616
In1Mg1Y1,52.2719
In1Mg3,44.25
In1Mn1Pd2,118.978
In1Mn1Ti2,126.256
In1N1Sc3,100.561
In1N1Tb3,86.5944
In1N1Ti2,140.0
In1N1,124.448
In1N1,120.417
In1N1,161.733
In1Na5O4,50.8063
In1Ni1,120.361
In1Ni2Sc1,120.872
In1Ni2Tb2,74.1177
In1Ni2Ti1,125.544
In1Ni2Zr1,127.444
In1Ni4Zr1,124.044
In1P1Pd5,153.917
In1P1Pt5,203.398
In1P1,60.8289
In1P1,76.0
In1Pd1Sr1,53.2715
In1Pd1Th1,98.343
In1Pd1Y1,87.8742
In1Pd1,117.872
In1Pd2Sc1,117.139
In1Pd2Tb2,86.2503
In1Pd2Th2,99.5067
In1Pd2Zr2,128.19799999999998
In1Pd2,130.797
In1Pd3,143.126
In1Pd3,142.07
In1Pt1Sc1,113.408
In1Pt1Sr1,64.2191
In1Pt1Th1,116.709
In1Pt1Y1,103.845
In1Pt2Sc1,141.839
In1Pt2Tb1,122.889
In1Pt2Y1,121.312
In1Pt2Zr1,163.589
In1Pt3,197.011
In1Pt4Tb1,164.128
In1Pt5Si1,202.232
In1Rb1Te2,14.6646
In1Rh1Tb1,100.02
In1Rh1Tb4,63.2
In1Rh1Y1,98.7103
In1S2Tl1,46.0798
In1S3Sb1,22.7597
In1Sb1,37.8522
In1Sc2,65.9969
In1Sc3,62.0705
In1Sc3,61.95
In1Sc3,62.199
In1Sr3,17.4
In1Tb2,53.7967
In1Te1,40.65
In1Te1,41.6889
In1Te2Tl1,20.7779
In1Th2,70.3504
In1Y1,56.8833
In1Y2,54.1914
In1Yb1,35.1611
In1Zr3,98.3167
In24S32,53.0778
In2Ir1Li1,107.861
In2Ir1Sr1,59.3014
In2Li1Pd1,66.25
In2Li1Rh1,93.1167
In2Mg1O4,131.36700000000002
In2Mg1S4,64.7111
In2Mn1S4,67.0167
In2Pd1Yb1,59.7226
In2Pt1Sr1,56.7491
In2Pt1,94.9556
In2Pt3,130.002
In2Rh1Yb1,62.3186
In2S4Zn1,68.9333
In2S5Zn2,47.138000000000005
In2S6Zn3,54.7105
In2Se4Zn1,30.0951
In2Sr1Te4,21.7632
In2Te4Zn1,25.442
In3La1,56.1778
In3Lu1,72.5556
In3Ni2,98.844
In3Pd2,88.6733
In3Pr1,57.9222
In3Rh2Ti3,120.348
In3Ru1,86.9419
In3Sc1,62.9389
In3Tb1,61.8944
In3Th1,63.7111
In3U1,59.4889
In3Y1,60.1944
In3Yb1,33.3556
In3Zr1,79.5391
In4K1,25.4034
In4Ni1Sr1,48.6325
In4Pd1Sr1,50.4608
In7Pt3,93.1056
In8Ir1Yb2,50.4086
In9K1Ni2,42.4419
Ir1La1Si1,112.299
Ir1La1Si3,123.733
Ir1La4Mg1,46.2333
Ir1Li1,141.282
Ir1Li2Mg1,64.8
Ir1Lu1Si1,156.468
Ir1Mg1Tb4,58.0056
Ir1Mg3,77.2202
Ir1Mn1Sb1,118.472
Ir1Mn1Si1,150.04
Ir1Mn3Si1,122.799
Ir1Mo1,312.625
Ir1Mo3,280.48900000000003
Ir1N1,285.878
Ir1N1,253.8
Ir1N1,299.686
Ir1N1,296.04400000000004
Ir1N1,299.5
Ir1N2,329.876
Ir1N2,309.703
Ir1Nb1Si1,246.801
Ir1Nb1,258.409
Ir1Nb1,254.408
Ir1Nb3,221.783
Ir1O2,261.228
Ir1P1Se1,168.80200000000002
Ir1P1Sr1,100.007
Ir1P2,191.219
Ir1P3,167.793
Ir1P3,167.77599999999998
Ir1Pb1,131.226
Ir1S1Sb1,136.025
Ir1S1Sb1,137.809
Ir1S2,163.275
Ir1Sb1Se1,129.779
Ir1Sb1Te1,121.284
Ir1Sb1,163.809
Ir1Sb3,97.4936
Ir1Sb3,97.5544
Ir1Sb3,97.4889
Ir1Sb3,97.5254
Ir1Sc1,164.761
Ir1Sc2,111.194
Ir1Si1Ta1,256.698
Ir1Si1Y1,137.455
Ir1Si3Tb1,132.192
Ir1Si3Th1,143.284
Ir1Si3U1,127.794
Ir1Si3Y1,130.733
Ir1Sn1Zr1,158.067
Ir1Sn1Zr1,155.588
Ir1Sn1,151.753
Ir1Sn2,106.678
Ir1Sn4,67.3123
Ir1Te2,110.395
Ir1Te2,88.0486
Ir1Th1,135.83100000000002
Ir1Ti1,218.711
Ir1Ti3,154.47799999999998
Ir1V1,227.365
Ir1V1,264.001
Ir1V3,234.461
Ir1W1,336.24800000000005
Ir1Y1,132.95600000000002
Ir1Yb1,91.95
Ir1Zr2,135.017
Ir1Zr3,129.33100000000002
Ir2La1Si2,165.33
Ir2La1Si2,139.58100000000002
Ir2La1,174.833
Ir2La5,50.7281
Ir2Lu1,220.422
Ir2Mg1,197.74
Ir2N1Zr4,179.90599999999998
Ir2P1,280.367
Ir2Pr1,192.606
Ir2S3Sn3,80.1394
Ir2S3,168.658
Ir2Sc1,216.667
Ir2Si1,281.675
Ir2Si2Tb1,177.548
Ir2Si2Tb1,180.702
Ir2Si2Th1,191.433
Ir2Si2Th1,179.655
Ir2Si2Y1,177.52200000000002
Ir2Sr1,144.328
Ir2Tb1,198.933
Ir2Th1,200.133
Ir2U1,209.944
Ir2Y1,198.517
Ir2Zr1,247.144
Ir3Mg3Si8,128.944
Ir3Mo1,340.581
Ir3Nb1,313.744
Ir3Pa1,257.789
Ir3Sc1,239.011
Ir3Si1,309.297
Ir3Sn7,101.928
Ir3Ta1,324.806
Ir3Th7,86.0959
Ir3Ti1,289.54400000000004
Ir3U1,272.23900000000003
Ir3V1,316.728
Ir3W1,357.756
Ir3W1,356.05
Ir3Zr1,269.722
Ir3Zr5,162.688
Ir4La3Sn13,85.2944
Ir4Sc11,99.1
Ir4Sn13Sr3,71.7944
Ir4Sn13Yb3,74.2
Ir4Sn4Sr3,89.9556
Ir5La1,219.409
Ir5Sn7,130.20600000000002
Ir5Th1,247.435
Ir7Sc4Si6,186.578
K10Pb48,30.5778
K1Li1Se1,24.1404
K1Mn1Te2,21.0419
K1N1,19.5611
K1N3,19.8719
K1Na1S1,25.1325
K1Na1Te1,17.8722
K1Na2Sb1,19.95
K1Nb1O3,116.857
K1Nb1S2,70.801
K1Nb1Se2,57.9694
K1O3Sb1,114.311
K1O3Ta1,184.633
K1O3U1,133.45600000000002
K1O6Os2,110.811
K1P1Zn1,36.5816
K1P2Rh2,55.1995
K1Sb1Sn1,20.4628
K1Sb1Zn1,25.0561
K1Zn13,58.9222
K1,3.88333
K1,3.733330000000001
K2Mg5Sn3,21.9928
K2O1,27.45
K2O3Pb2,21.1407
K2S1,18.3611
K2S1,18.1691
K2Se1,15.8944
K2Se2,15.2688
K2Te1,13.0667
K3S3Sb1,15.1135
K3Sb1Se3,12.8143
K3Sb1Te3,10.2813
K3Sb1,13.1278
K5Sb4,14.982
K8Sb4Sn1,12.9556
K8Si46,72.7056
K8Sn46,28.75
La10O3Si8,79.1518
La1Mg1Ni4,98.6056
La1Mg1Pd1,60.2958
La1Mg1Tl1,48.2148
La1Mg1,35.3556
La1Mg2,36.6778
La1Mn1O3,164.472
La1N1,122.65
La1N1,74.3818
La1Ni1O2,137.859
La1Ni1,58.3028
La1Ni2Rh3,155.306
La1O3Ti1,178.483
La1O3Y1,131.71
La1O4P1,111.976
La1O4P1,89.8868
La1Os1Si3,119.624
La1Os2Si2,134.213
La1Os4P12,174.097
La1P12Ru4,158.871
La1P1,71.8
La1P2Rh2,142.014
La1P2Ru2,118.988
La1Pb1Pd1,71.8925
La1Pb3,46.6444
La1Pd1Sb1,79.92399999999999
La1Pd1Sn1,72.7498
La1Pd1Sn1,79.1491
La1Pd1Tl1,73.0263
La1Pd1,65.6675
La1Pd2Sb2,92.5931
La1Pd2Si2,120.681
La1Pd3S4,96.8056
La1Pd3,112.072
La1Pd5,123.902
La1Pt1,84.8598
La1Pt2Si2,130.481
La1Pt2Si2,139.83700000000002
La1Pt2,147.222
La1Pt3,141.972
La1Pt5,176.72
La1Rh1Si1,95.4146
La1Rh1Si2,113.427
La1Rh1Si3,114.767
La1Rh1Sn2,81.9761
La1Rh1,82.1397
La1Rh2Si2,128.857
La1Rh2,135.822
La1Rh3Si2,165.201
La1Ru1Si3,115.68
La1Ru1Sn3,83.5
La1Ru2Si2,119.401
La1Ru4Sb12,95.3876
La1S1,79.3222
La1S1,77.4
La1S1,14.2412
La1S2,79.275
La1Sb1,52.2611
La1Sb2,53.4518
La1Se1,68.6222
La1Se1,67.1667
La1Si1,70.377
La1Si1,67.0974
La1Si2,75.7233
La1Sn1,55.0253
La1Sn2,50.4516
La1Sn3,52.1611
La1Te1,54.8889
La1Te1,57.0056
La1Tl1Zn1,53.0161
La1Tl1,48.8333
La1Tl3,43.6889
La1Zn1,46.8111
La1Zn5,65.3386
La2O2S1,96.8601
La2O2Te1,64.3318
La2O3,110.164
La2O3,92.1935
La2O3,111.177
La2O5Pd2,126.952
La2O7Sn2,146.589
La2O7Ti2,169.15
La2O7Zr2,155.689
La2Pb1Pd2,69.801
La2S3,69.2979
La2Sb1,52.3008
La3O7Ta1,138.221
La3Pb13Rh4,65.7167
La3Rh4Sn13,78.7333
La3Ru4Sn13,82.0611
La3Sb5Zr1,60.6788
La3Sn1,44.0778
La3Sn4,53.0737
La3Sn7,53.1071
La3Te4,51.6222
La3Tl1,38.2833
La3Tl5,48.3255
La4Mg1Ru1,44.5
La4N2S3,51.8648
La4O4Se3,74.589
La4Pb3,45.3981
La4Rh3,61.5889
La4Sb3,55.3
La5Si3,53.2085
La7Pt3,48.7041
Li10Pb3,21.5111
Li1Mg1P1,55.7611
Li1Mg8Si4,52.5444
Li1Mn1O2,101.771
Li1N1Zn1,116.122
Li1N2P1,135.649
Li1Na1Te1,25.4256
Li1Nb1O2,156.68
Li1Nb1S2,82.4108
Li1O2Rh1,123.628
Li1O3Sb1,105.324
Li1O4Ti2,124.778
Li1O4V2,133.289
Li1P1Sr1,44.3819
Li1P1Sr1,41.9014
Li1P1Zn1,64.5556
Li1Pb1Pd2,88.0444
Li1Pb1,34.0444
Li1Pd1,75.3722
Li1Pd1,77.9087
Li1Pd2Sn1,104.106
Li1Pd2Sn6,59.2839
Li1Pd2Tl1,92.5614
Li1Pt1,112.661
Li1Pt2,133.439
Li1Pt7,207.578
Li1Ru1Sn4,65.9758
Li1Sb1Sr1,33.7159
Li1Sb1Zn1,46.0462
Li1Si1Y1,62.7917
Li1Si2Y2,68.2414
Li1Tl1,27.6556
Li1,13.9884
Li21Si5,31.0833
Li23Sr6,12.8167
Li2Mg1Pb1,30.8333
Li2Mg1Si1,45.5556
Li2Mg1Si1,46.3222
Li2Mg8Si4,48.4327
Li2Na1Sb1,29.8222
Li2O1,79.1389
Li2O5Si2,77.5072
Li2O5Si2,76.8768
Li2Pd1Sb1,67.1167
Li2Pd1,49.3328
Li2Pt1,65.0435
Li2S1,40.4944
Li2Se1,33.8722
Li2Te1,26.2556
Li3N1,52.0112
Li3N1,65.3453
Li3O4U1,94.9315
Li3P1,39.7906
Li3Pb1,26.1722
Li3Sb1,32.8667
Li4O4Pb1,66.2776
Li5N2Na1,61.4931
Li9N1S3,47.8556
Lu1Ni1Sb1,82.1444
Lu1Pb2,42.1057
Lu1Pt1Sb1,112.094
Lu1Pt3,207.483
Lu1Ru2Si2,161.329
Lu1Te2,59.4833
Lu2Mg1S4,60.7722
Lu2Mn1S4,65.7013
Lu3Os4Si13,144.756
Mg1Mo1N2,240.287
Mg1N2Si1,172.96099999999998
Mg1Ni1Sb1,80.9722
Mg1Ni2Sb1,115.278
Mg1Ni2Sn1,115.033
Mg1O1,152.389
Mg1O1,124.948
Mg1O1,112.378
Mg1O1,111.955
Mg1O1,93.4556
Mg1O2,127.996
Mg1O3Se1,79.5289
Mg1O3Si1,199.665
Mg1O3Si1,229.067
Mg1O3V1,109.033
Mg1O3V1,109.806
Mg1O4Rh2,169.417
Mg1O6Pt3,188.314
Mg1O6Sb2,163.611
Mg1O6Ta2,175.016
Mg1P1Pd5,143.71200000000002
Mg1P1Pt5,205.768
Mg1Pd1Sb1,80.5778
Mg1Pd1Y1,72.3841
Mg1Pd1,93.8278
Mg1Pd2Tb2,76.3589
Mg1Pd3,153.661
Mg1Pt1Sb1,90.4611
Mg1Rh1,123.689
Mg1Ru1Sn4,72.0692
Mg1S1,56.1833
Mg1S1,74.9722
Mg1S4Sc2,69.3444
Mg1Sc1,49.8
Mg1Sc2Se4,56.3389
Mg1Se1,45.4159
Mg1Se1,61.7167
Mg1Se2,50.2973
Mg1Se4Y2,51.8944
Mg1Si1Sr1,43.3882
Mg1Sr1,20.2667
Mg1Tb1,41.4333
Mg1Tb2,39.5953
Mg1Te1,34.2454
Mg1Te1,46.6749
Mg1Te2,37.9511
Mg1Tl1Y1,54.29600000000001
Mg1Tl1,35.3944
Mg1Y1Zn1,53.2767
Mg1Y1,41.4889
Mg2N3P1,150.256
Mg2O4Si1,174.122
Mg2O4Si1,113.087
Mg2O4Sn1,136.344
Mg2Pb1,35.1833
Mg2Pt1Si1,98.2292
Mg2Pt1,72.4919
Mg2Rh1,69.3327
Mg2Si1,43.3333
Mg2Si1,55.7237
Mg2Sr1,25.5269
Mg2Tb1,42.4772
Mg2Th1,51.0389
Mg2Zn11,65.4609
Mg3N2,109.879
Mg3N2,109.764
Mg3Nb6O11,182.273
Mg3Ni20P6,173.4
Mg3Ni2Ti1,80.2056
Mg3P2,57.4444
Mg3P2,57.55
Mg3Ru2,107.939
Mg3Sb2,38.059
Mg3Tb1,41.4333
Mg4P6Rh7,154.15
Mg5Pd10Si16,113.344
Mg5Pt10Si16,128.083
Mg6Mn1O8,135.61700000000002
Mg6Ni16Si7,145.856
Mn1N3Sr3,58.2425
Mn1Na1O2,88.6396
Mn1Nb1P1,242.034
Mn1Nb3S6,69.502
Mn1Ni1P1,114.672
Mn1Ni1Sb1,91.1944
Mn1Ni1Si1,96.0
Mn1Ni2Sb1,125.928
Mn1Ni3,141.378
Mn1Ni4Y1,115.789
Mn1Ni6O8,162.70600000000002
Mn1O1,144.689
Mn1O3Sr1,131.833
Mn1O3Sr1,116.956
Mn1O3Y1,155.28799999999998
Mn1P1Rh1,134.158
Mn1P1Zr1,118.382
Mn1Pb1Rh2,139.88299999999998
Mn1Pd1Te1,81.7111
Mn1Pd1,100.778
Mn1Pd2Sb1,114.267
Mn1Pd2Sn1,115.972
Mn1Pd2,120.679
Mn1Pt1Sb1,97.1889
Mn1Pt1Sn1,94.7833
Mn1Pt1,137.511
Mn1Pt3,184.489
Mn1Rh1Sb1,106.072
Mn1Rh1,132.13299999999998
Mn1Rh2Sn1,154.289
Mn1S1,79.7778
Mn1S4Sc2,69.5111
Mn1Sc2Se4,57.7667
Mn1Se1,67.0389
Mn1Se1,66.8004
Mn1Se3Th1,66.3544
Mn1Si1Tb1,96.2782
Mn1Sn2,90.9177
Mn1Te1,52.4546
Mn1Te1,37.1944
Mn1Te1,51.7167
Mn1V1,224.467
Mn1,54.3111
Mn2O3Ta1,150.97
Mn2O5Sr2,110.963
Mn2O7Sb2,154.45600000000002
Mn2O7Tl2,155.878
Mn2O7Y2,175.067
Mn2Sc1,56.2437
Mn2Sc1,57.3668
Mn2Si2Tb1,85.2974
Mn2Si2Y1,83.9097
Mn2Sn1W1,212.522
Mn2Te4Zn1,42.1944
Mn3N1Pd1,84.1389
Mn3N1Zn1,87.4
Mn3Nb6O11,178.793
Mn3Sb1,50.2444
Mn6Sn6Zr1,54.389
Mo1N1,197.361
Mo1N1,312.006
Mo1N1,339.663
Mo1Na2O4,51.4056
Mo1Ni1P1,236.782
Mo1Ni1P2,187.096
Mo1O2,222.578
Mo1O6Rh2,216.51
Mo1P1Rh1,235.385
Mo1P1Zr1,195.325
Mo1P1,213.758
Mo1P1,87.5056
Mo1P1,95.3944
Mo1P2,169.671
Mo1Pt1,266.832
Mo1Pt2Si3,195.937
Mo1Pt2,273.069
Mo1Pt3,238.367
Mo1Rh1,260.426
Mo1Rh3,245.978
Mo1Se2,33.3673
Mo1Si1Zr1,175.768
Mo1Si2,201.565
Mo1Si2,203.551
Mo1Zn6,93.7346
Mo1Zn7,98.1889
Mo2Zr1,189.056
Mo3N1Ni2,265.844
Mo3N1Pt2,288.833
Mo3Os1,287.828
Mo3P1,245.561
Mo3Pt1,262.539
Mo3Sb7,106.567
Mo3Si1,245.056
Mo3Si2,224.212
Mo3Sn1,210.317
Mo3Ti1,216.686
Mo3Zr1,191.83900000000003
Mo4N1Ni2,271.5
Mo8P5,226.728
N0.2V0.6Zn0.4,183.078
N1Na1,34.2778
N1Na3,28.9499
N1Na3,32.4207
N1Na3,22.7556
N1Nb1,309.068
N1Nb1,305.928
N1Nb1,298.689
N1Nb1,212.274
N1Nb1,311.778
N1Nb1,297.952
N1Nb3Zn3,164.178
N1Nb4Ni2,217.983
N1Nd1,156.639
N1Ni2Ta4,230.322
N1Ni2W3,302.144
N1Ni2Zr4,146.433
N1Ni3Zn1,198.15
N1Os1,345.912
N1Os1,313.191
N1Os1,347.56699999999995
N1Os2Zr4,192.639
N1P1V3,218.355
N1Pa1,221.75
N1Pd1,207.717
N1Pt1,235.08900000000003
N1Pt2Zr4,169.59400000000002
N1Pu1,144.886
N1Re1,379.32
N1Re1,361.139
N1Re1,314.196
N1Re2Zr4,182.094
N1Re2,381.325
N1Re3,378.036
N1Rh1,263.822
N1Rh1,265.886
N1Rh1,251.501
N1Rh2Zr4,161.078
N1Ru1,252.617
N1Ru1,295.099
N1Ru2Zr4,175.56099999999998
N1Sb1Sr3,45.9
N1Sc1,189.322
N1Sn3Zr5,115.344
N1Ta1,314.336
N1Ta1,298.541
N1Ta1,320.172
N1Ta1,327.204
N1Ta1,278.35
N1Ta1,302.006
N1Tb1,157.894
N1Tc1,266.2
N1Tc1,316.1
N1Tc1,191.649
N1Tc2,339.668
N1Tc3,324.116
N1Th1,169.33900000000003
N1Ti1,269.778
N1Ti2,174.394
N1Tl1,89.8278
N1Tl1,89.3957
N1Tl1,108.861
N1V1,318.67
N1V1,222.898
N1V1,300.728
N1V2,257.97
N1Y1,158.239
N1Y1,112.289
N1Y1,129.14
N1Y1,145.872
N1Zn3Zr3,118.983
N1Zr1,246.33900000000003
N1Zr1,224.85
N1Zr1,179.083
N1Zr1,220.85
N1,275.231
N1,1.67222
N2Ni1O6,45.18600000000001
N2O1,4.46111
N2Os1,329.439
N2Os1,344.56300000000005
N2Os1,193.986
N2Os1,340.38199999999995
N2Os1,277.3
N2Pt1,273.518
N2Pt1,282.65
N2Re1,360.693
N2Re1,374.054
N2Re1,330.579
N2Re1,329.536
N2Re1,309.678
N2Re1,267.277
N2Ru1,252.79
N2S1Th2,116.257
N2S1Zr2,159.74200000000002
N2Sb1Th2,63.5008
N2Se1Th2,110.575
N2Se1Zr2,149.291
N2Sr1Ti1,120.349
N2Sr2Zn1,66.8278
N2Ta1,277.716
N2Ta1,233.054
N2Te1Th2,73.3731
N2U1,253.567
N2W1,345.779
N2W1,346.597
N2W1,305.379
N2Zn3,139.843
N2,1.20497
N3Nb4,281.967
N3Rb1,17.2097
N3Rh1,146.261
N3Rh1,245.308
N3Ta1Th1,222.038
N3Ta1Th1,237.889
N3Ta2Zr1,270.521
N3Tl1,22.0143
N3V2,273.883
N4Si3,234.411
N4Si3,293.706
N4Si3,254.578
N4Sn3,146.75
N4Ta2,225.881
N4W3,330.994
N4Zr3,205.144
N6Ta5,280.198
Na1Nb1O3,133.614
Na1Nb1O3,181.639
Na1Nb1S2,77.2343
Na1Nb1Se2,62.6394
Na1O2,32.473
Na1O3Sb1,112.872
Na1O3Sb1,128.284
Na1O3Ta1,134.655
Na1O3Ta1,190.778
Na1O3W1,207.067
Na1O4Pd3,155.461
Na1O4Pt3,191.417
Na1O6Os2,104.572
Na1P1Sr1,38.6656
Na1Pt2,122.511
Na1S1,25.728
Na1,9.25
Na1,9.12427
Na2Ni1O2,74.9786
Na2O1,47.15
Na2O4W1,52.2722
Na2Pd1Se2,33.0996
Na2S1,29.3944
Na2S1,29.9866
Na2Se1,25.5444
Na2Te1,20.2667
Na3P1,26.701
Na3S3Sb1,22.8813
Na3Sb1Se3,19.1464
Na3Sb1Se4,19.4944
Na3Sb1Te3,14.5051
Na3Sb1,20.6313
Na4Si23,75.6778
Na6O5Pb1,60.7226
Na6O9S2,46.4389
Na8Sb4Sn1,19.9
Nb1O1,240.206
Nb1O2,238.504
Nb1O3Sr1,171.9
Nb1P1Ru1,251.195
Nb1P1V1,212.89
Nb1P1Zr1,174.908
Nb1P1,185.225
Nb1P1,158.507
Nb1Pd1Si1,191.11
Nb1Pd2,196.467
Nb1Pd3,194.813
Nb1Pt1Si1,218.898
Nb1Pt1,216.745
Nb1Pt2,239.259
Nb1Pt3,245.496
Nb1Re1Si1,243.758
Nb1Rh1Sb1,151.611
Nb1Rh1Si1,225.921
Nb1Rh1,222.688
Nb1Rh1,220.785
Nb1Rh3,252.822
Nb1Ru1Sb1,169.433
Nb1Ru1,212.49400000000003
Nb1Ru3,239.211
Nb1S1,173.149
Nb1S2Sn0.333,63.024
Nb1S2V0.333,86.5386
Nb1S4Tl3,20.4389
Nb1Se4,47.882
Nb1Te4,33.5924
Nb1Zn3,120.053
Nb2O6Zn1,146.44799999999998
Nb2O7Sn2,142.967
Nb3Os1,225.283
Nb3Pt1,200.567
Nb3Rh1Se6,74.7013
Nb3Rh1,202.622
Nb3S4,92.7556
Nb3Sb1,166.02200000000002
Nb3Sb2Te5,93.1722
Nb3Se4,78.0287
Nb3Si1,164.017
Nb3Si2,192.785
Nb3Te1,165.467
Nb3Te4,59.9152
Nb3Tl1,154.822
Nb4Ni1P1,193.88
Nb4Ni1Si1,189.747
Nb4O5,228.789
Nb5O9Sr2,181.496
Nb5P1Si3,178.50099999999998
Nb5P4Pd4,187.224
Nb6Ni16Si7,217.711
Nb6Sn6Tb1,114.198
Nd1Os4P12,174.813
Nd1P12Ru4,158.835
Nd1P1,87.4889
Nd1Pd3,111.661
Nd1Pt3,145.289
Ni12P7Sc2,177.86900000000003
Ni12P7Yb2,155.56799999999998
Ni16Si7Ta6,224.583
Ni16Si7Ti6,192.9
Ni16Si7Zr6,186.261
Ni1O1Zr3,151.82399999999998
Ni1O1,187.983
Ni1O6Sb2,174.243
Ni1O6Ta2,187.721
Ni1P1Pd1,182.443
Ni1P1Rh1,225.358
Ni1P1S1,88.1286
Ni1P1Ta1,226.72
Ni1P1Ta4,214.156
Ni1P1W1,253.719
Ni1P1,144.791
Ni1P2,144.054
Ni1P3,73.9516
Ni1P4Si3,104.127
Ni1Pd1Si1,188.239
Ni1Pd1Te1,111.784
Ni1Pt1,176.05599999999998
Ni1Rh2S4,113.356
Ni1S1Sb1,94.7908
Ni1S1,101.337
Ni1S2,78.6682
Ni1Sb1Sc1,98.8444
Ni1Sb1Se1,88.7661
Ni1Sb1Tb1,92.2333
Ni1Sb1Ti1,126.456
Ni1Sb1Y1,87.6278
Ni1Sb1Yb1,61.525
Ni1Sb1Zn1,100.583
Ni1Sb1Zr1,131.67
Ni1Sb2,86.728
Ni1Sc1Si3,123.843
Ni1Sc1,103.967
Ni1Sc2,78.9944
Ni1Sc6Te2,71.8098
Ni1Si1Th1,124.482
Ni1Si1,177.641
Ni1Si1,163.87
Ni1Si2,143.961
Ni1Si3Sr1,88.2807
Ni1Sn1Tb1,87.5257
Ni1Sn1Th1,95.9333
Ni1Sn1Ti1,134.161
Ni1Sn1U1,78.6611
Ni1Sn1Y1,87.3032
Ni1Ta1Te5,22.154
Ni1Tb1,81.8489
Ni1Tl1,79.8363
Ni1Zn1,149.264
Ni1Zn1,143.239
Ni1Zr1,145.433
Ni1Zr2,118.788
Ni2O4Si1,200.894
Ni2P2Tb1,150.245
Ni2P2Th1,152.251
Ni2P2Zr1,170.71200000000002
Ni2S6Ta9,131.85299999999998
Ni2Sb1Ti1,155.417
Ni2Sb2Tb1,101.479
Ni2Sc1Sn1,122.717
Ni2Sc3Si3,119.838
Ni2Si1Ta3,196.444
Ni2Si1Zn3,130.344
Ni2Si2Tb1,137.263
Ni2Si2Th1,146.187
Ni2Si2Zr1,168.7
Ni2Sn1Ti1,152.122
Ni2Sn1Yb1,96.9778
Ni2Sn1Zr1,154.38299999999998
Ni2Ta1,208.084
Ni2Zr1,189.872
Ni3S4,113.356
Ni3Sb1,162.315
Ni3Sb4Zr3,126.607
Ni3Si1,216.661
Ni3Sn1,153.88299999999998
Ni3Ta1,218.341
Ni4P4Ta5,222.432
Ni4Sc1Sn1,126.778
Ni5P3Sr1,142.09799999999998
Ni5U1,131.822
O1.03Sc1,153.75
O1Pb1Sr3,40.85
O1Pb1Yb3,50.7111
O1Pb1,20.4054
O1Pd1,155.28
O1Pd2Zr4,145.233
O1Pd2,124.528
O1Pt1,185.567
O1Rb2,22.7389
O1S1Zr1,130.809
O1Se1Th1,117.31
O1Sn1Sr3,44.3167
O1Sn1Yb3,60.9667
O1Sr1,84.7444
O1Ta4,205.384
O1Ti3,137.415
O1U1,115.239
O1V1,155.7
O1Yb1,89.3778
O1Zn1,137.468
O1Zn1,135.033
O1Zn1,166.762
O1Zr3,131.946
O2Os1,275.905
O2Pa1,203.928
O2Pa1,203.8
O2Pb1,133.589
O2Pt1,215.834
O2Pt1,222.126
O2Pt1,139.86700000000002
O2Rb1Sc1,91.3686
O2Rb1,20.6437
O2Rb2,25.1382
O2Re1,280.42400000000004
O2Re1,270.965
O2Rh1,222.081
O2Ru1,247.421
O2Ru1,267.556
O2S1Sc2,133.953
O2Si1,270.112
O2Si1,309.818
O2Si1,145.917
O2Si1,59.3649
O2Si1,83.1163
O2Si1,66.388
O2Si1,291.813
O2Si1,50.1406
O2Sn1,158.616
O2Sn1,154.852
O2Sn1,180.358
O2Sn1,173.517
O2Sn1,92.6982
O2Sn1,164.63
O2Sr1,74.7971
O2Ta1,249.023
O2Tb2Te1,80.5768
O2Te1,144.156
O2Th1,172.717
O2Th1,157.334
O2Ti1,206.627
O2Ti1,212.026
O2Ti1,171.22
O2Ti1,104.429
O2V1,230.186
O2W1,283.079
O2Zn1,147.727
O2Zr1,233.528
O2Zr1,194.096
O2Zr1,217.102
O2Zr1,152.983
O2,19.5204
O3Pb1Sr1,105.298
O3Pb1Tc1,140.52200000000002
O3Pb1Ti1,168.59400000000002
O3Pb1Zr1,155.322
O3Rb1U1,131.72799999999998
O3Rb2Tb1,31.6301
O3Re1,230.85
O3Re1,162.045
O3Rh1Tb1,186.17
O3Ru1Sr1,148.511
O3Sb2,11.5056
O3Sc2,160.512
O3Se1Sr1,47.9517
O3Sn1Sr1,130.643
O3Sn1Sr1,129.023
O3Sn1Sr1,135.344
O3Sn1Ti1,176.13299999999998
O3Sr1Tb1,97.3975
O3Sr1Tc1,166.967
O3Sr1Ti1,155.256
O3Sr1Ti1,165.274
O3Sr1Zr1,142.53
O3Sr1Zr1,151.761
O3Sr1Zr1,143.686
O3Tb2,138.939
O3Tl2,107.336
O3W1,227.467
O3W1,173.61700000000002
O3W1,165.298
O3Y2,137.85299999999998
O3Y2,137.576
O4P1Pr1,120.513
O4P1Sc1,147.41
O4P1Tb1,135.55
O4P1Y1,133.41299999999998
O4Pb1Sr2,90.5778
O4Pd2Y1,153.839
O4Pd3Sr1,146.906
O4Pd3Tl1,136.283
O4Pd3Tl1,136.344
O4Pr1V1,109.649
O4Pt3,210.867
O4Rh2Zn1,176.167
O4S1Sr1,49.3944
O4S1Zn1,71.7056
O4Sb1V1,169.06400000000002
O4Si1Zn2,192.256
O4Si1Zn2,135.983
O4Si1Zr1,204.872
O4Si1Zr1,221.019
O4Sn1Zn2,145.506
O4V1Y1,125.099
O5Ta2,206.946
O5Ti3,164.44
O6Os2Rb1,114.994
O6Pt3Zn1,191.146
O6Rh2U1,191.75
O6Sb2Zn1,166.25400000000002
O6Sb4,12.1056
O6Se2Sn1,41.1056
O6Ta2V1,187.094
O7P2Si1,136.245
O7P2Sn1,99.308
O7P2Th1,101.357
O7P2Ti1,126.082
O7P2Zr1,129.516
O7Pb2Sb2,131.95
O7Pt2Sb2,221.178
O7Pt2Tl2,171.894
O7Ru2Tb2,188.54
O7Ru2Y2,187.33900000000003
O7Sn2Tb2,161.139
O7Sn2Y2,158.75
O7Sn2Y2,159.089
O7Tb2Ti2,184.83900000000003
O7Ti2Y2,182.45
O7V2Y2,190.011
O7Y2Zr2,160.711
Os0.67W1.33,329.744
Os1P1Zr1,227.312
Os1P2,205.383
Os1S2,187.083
Os1Sb2,128.12
Os1Se2,153.547
Os1Si1Zr1,209.047
Os1Si1,221.641
Os1Si1,292.967
Os1Si3Th1,137.91899999999998
Os1Te2,124.868
Os1Ti1,246.422
Os1V1,247.633
Os1Zr1,212.794
Os1,406.445
Os2P2Sr1,95.7254
Os2Sc1,241.532
Os2Si2Tb1,166.55200000000002
Os2Si2Th1,176.24200000000002
Os2Si2U1,172.71
Os2Si2Y1,166.329
Os2Tb1,209.652
Os2Th1,213.228
Os2Y1,216.607
Os2Y1,210.698
Os3Sn7,115.85
Os3Th7,85.7907
Os3Ti1,288.783
Os3Zr1,252.9
Os4Sb12Sr1,98.78
Os4Sc11,100.15
P12Ru4Tb1,160.791
P12Ru4Th1,162.839
P1Pd5Tl1,144.961
P1Pt1Sc1,133.349
P1Pt1Tb1,129.197
P1Pt1Y1,127.747
P1Pt5Sn1,189.634
P1Pt5Tl1,191.188
P1Pt5Zn1,209.033
P1Pu1,88.1278
P1Rh1Se1,140.945
P1Rh1Ta1,248.18400000000003
P1Rh1Zr1,197.916
P1Rh2,229.683
P1Ru1Ta1,264.182
P1Ru1Ti1,216.274
P1Ru1Zr1,207.208
P1Ru1Zr1,206.968
P1Ru1,194.804
P1Ru2,240.212
P1Sb1Ti2,110.565
P1Sb1Zr2,113.467
P1Sc1,96.1167
P1Sc3,71.6584
P1Sn1,56.4588
P1Sn1,72.7056
P1Sn3Zr5,109.086
P1Sr1,44.8799
P1Ta1,160.91
P1Tb1,85.5278
P1Th1,108.572
P1Ti1,136.112
P1Tl1,46.5556
P1U1,69.5833
P1V1Zr1,171.72099999999998
P1V1,185.789
P1V1,92.2379
P1V2,201.765
P1W3,277.308
P1Y1,85.2611
P1Yb1,82.8278
P1Zr1,136.094
P1Zr1,135.0
P1,113.206
P1,114.011
P1,104.172
P2Pd2Sr1,104.711
P2Pt1,172.947
P2Pt5,188.647
P2Rh1,164.984
P2Rh2Sr1,90.2064
P2Rh3,211.665
P2Ru1,182.95
P2Ru2Sr1,88.9962
P2Ru2Y1,162.028
P2S6Th1,18.6713
P2Sc3,89.5238
P2Sc3,92.4548
P2Si1,110.159
P2Ti1,127.227
P2W1,183.981
P2Zn3,71.7889
P3Pd1,103.236
P3Rh1,145.917
P3Rh1,145.377
P3Rh1,145.917
P3Rh1,145.549
P3Ru1,153.22299999999998
P3Tc2,179.947
P3Ti4,142.393
P4Pa3,129.878
P4Ru1,139.072
P4Th3,106.422
P7Pd9Zr5,152.296
P7Ru12Sc2,227.397
Pa1Pt5,218.222
Pa1Rh3,196.606
Pa1Sb2,84.9407
Pa3Sb4,83.2611
Pb0.33S2Ta1,65.5485
Pb13Rh4Sr3,55.0111
Pb1Pd2Tb2,82.5127
Pb1Pd2Y2,83.1074
Pb1Pd3,127.056
Pb1Pt3,171.09400000000002
Pb1Pt5Si1,194.88
Pb1Pu3,56.6111
Pb1Rh1,111.202
Pb1S1,53.8003
Pb1S1,56.35
Pb1S1,52.4935
Pb1S1,51.0903
Pb1S1,52.9724
Pb1Se1,50.8611
Pb1Se2,45.7952
Pb1Sr1Zn1,31.8553
Pb1Sr2,22.702
Pb1Te1,39.4722
Pb1Te1,42.2889
Pb1Te3Tl4,27.6557
Pb1Th1,65.4041
Pb1V3,149.972
Pb2Pt1,78.0668
Pb2Y1,53.3937
Pb3Pr1,51.4278
Pb3Tb1,50.2278
Pb3Tb5,58.9777
Pb3Th1,58.45
Pb3U1,50.6111
Pb3Yb1,25.6389
Pd16S7,128.644
Pd1S1Sb1,85.6645
Pd1Sb1Sc1,96.3611
Pd1Sb1Se1,81.5947
Pd1Sb1Se1,81.0461
Pd1Sb1Tb1,88.7737
Pd1Sb1Te1,79.2183
Pd1Sb1Yb1,54.5167
Pd1Sb1Zr1,124.107
Pd1Sb1,103.89
Pd1Sb2U1,85.4488
Pd1Sb2,83.9506
Pd1Sc1Si1,127.573
Pd1Sc1Sn1,99.6211
Pd1Sc1Zn1,100.766
Pd1Sc1,107.133
Pd1Sc2,83.9444
Pd1Se2Tl2,33.8498
Pd1Se2,28.2849
Pd1Si1Sr1,70.7053
Pd1Si1Zr1,158.393
Pd1Sn1Y1,93.4889
Pd1Sn1,82.2332
Pd1Sn1,84.5793
Pd1Sn3Sr1,54.4473
Pd1Sr1Tl2,39.7178
Pd1Sr1,41.1388
Pd1Ta1,202.529
Pd1Tb1,79.8251
Pd1Tb1,82.6979
Pd1Th1,107.85
Pd1Ti1,150.256
Pd1Ti2,136.053
Pd1Y1Zn1,101.311
Pd1Y1,82.958
Pd1Yb1,57.5
Pd1Zn1,139.46
Pd1Zr2,123.721
Pd2Sb1,125.486
Pd2Sb2Sr1,75.5398
Pd2Sc1Sn1,118.917
Pd2Si1Tb1,122.837
Pd2Si1Y1,126.191
Pd2Si1,182.861
Pd2Si2Sr1,95.6408
Pd2Si2Tb1,133.218
Pd2Si2Th1,143.09
Pd2Si2U1,128.145
Pd2Si2Yb1,100.11
Pd2Si3Y3,100.213
Pd2Sn1Tb1,106.744
Pd2Sn1Y1,108.722
Pd2Ta1,206.029
Pd2Ti1,187.436
Pd2Zr1,149.89700000000002
Pd3Pu1,172.028
Pd3S1,105.435
Pd3S4Y1,103.256
Pd3Sc1,136.556
Pd3Sn1,141.744
Pd3Ta1,207.727
Pd3Tb1,127.017
Pd3Te2,105.154
Pd3Ti1,177.65599999999998
Pd3Tl1,133.716
Pd3Tl1,131.628
Pd3V1,194.603
Pd3Y1,122.922
Pd3Yb1,104.3
Pd3Zr1,169.206
Pd4S1,132.49
Pd4Se1,132.066
Pr1Te1,42.4111
Pr1Tl3,36.5667
Pt1S1Sb1,98.7484
Pt1S1,125.991
Pt1S1,137.459
Pt1Sb1Sc1,109.961
Pt1Sb1Se1,99.1406
Pt1Sb1Tb1,100.067
Pt1Sb1Y1,99.1667
Pt1Sb1Yb1,69.1222
Pt1Sb1,125.785
Pt1Sb2Zr6,120.783
Pt1Sb2,108.368
Pt1Sc1Si1,148.625
Pt1Sc1Sn1,114.952
Pt1Sc1Zn1,120.612
Pt1Sc1,135.47799999999998
Pt1Se1Si1,129.595
Pt1Si1Sr1,91.8886
Pt1Si1Y1,128.71200000000002
Pt1Si1Zr1,182.536
Pt1Sn1Sr1,68.2498
Pt1Sn1Tb1,105.542
Pt1Sn1Th1,105.878
Pt1Sn1Ti1,132.111
Pt1Sn1U1,83.1333
Pt1Sn1U1,98.1252
Pt1Sn1Y1,110.414
Pt1Sn1,122.616
Pt1Sn2,88.2611
Pt1Tb2,70.57300000000001
Pt1Th1,126.104
Pt1Ti1,179.528
Pt1Ti3,144.167
Pt1Tl2,68.3399
Pt1U1,100.312
Pt1V3,117.561
Pt1V3,212.061
Pt1Y1,109.323
Pt1Y2,71.8293
Pt1Y3,56.3343
Pt1Zn1,175.416
Pt1Zr1,165.763
Pt1Zr2,129.511
Pt2Sc1Sn1,139.144
Pt2Si1,229.83900000000003
Pt2Si1,207.58
Pt2Si2Th1,158.749
Pt2Si2Th1,166.864
Pt2Si2Y1,154.977
Pt2Sr1,118.122
Pt2Ta1,250.407
Pt2Tb1,163.55
Pt2W1,290.208
Pt2Y1,162.578
Pt2Yb1,132.483
Pt3Sb2,132.80200000000002
Pt3Sc1,191.83900000000003
Pt3Sc2Si2,162.09799999999998
Pt3Sn1,194.044
Pt3Tb1,172.489
Pt3Th7,81.0679
Pt3Ti1,232.028
Pt3Tl2,115.0
Pt3V1,250.325
Pt3V1,223.35
Pt3Y1,171.456
Pt3Y7,60.4231
Pt3Yb1,134.042
Pt3Zn1,207.989
Pt3Zr1,223.6
Pt5Pu1,200.489
Pt5Se4,132.39600000000002
Pt7Sb1,218.294
Pt8Sc4Si4,172.141
Pt8V1,217.743
Pt9Sc5Si7,160.056
Pu1Ru1,173.653
Pu1S1,78.9611
Pu1Se1,57.7944
Pu1Te1,57.8056
Pu1Zn2,59.4333
Rb1Sb1,11.5673
Rb1Te2Y1,26.7965
Rb1,3.15
Rb2S1,15.9989
Rb2S1,15.6519
Rb2S2,14.5719
Rb2S2,15.8471
Rb2Se1,13.8333
Rb2Te1,11.4944
Rb2Te1,12.5158
Rb3Sb1Se3,12.0881
Re1Si1Ta1,251.978
Re1Si1Ti1,217.455
Re1Si1Zr1,206.361
Re1Si1,280.205
Re1Si2,220.816
Re1Ti1,218.689
Re1Ti2,175.237
Re1,368.129
Re2Sc1,222.312
Re2Sc1,221.147
Re2Tb1,201.251
Re2Tb1,201.251
Re2W1,329.425
Re2Y1,201.336
Re2Y1,203.78
Re2Zr1,250.79
Re2Zr1,248.472
Re2Zr1,250.502
Re2Zr1,253.01
Re3Ru1,353.446
Re4S4Te4,70.6333
Re5Si3,288.943
Rh1S1Sb1,117.599
Rh1S2,124.531
Rh1Sb1Se1,110.444
Rh1Sb1Tb1,112.823
Rh1Sb1Th1,110.917
Rh1Sb1U1,259.969
Rh1Sb2,102.199
Rh1Sb3,87.6097
Rh1Sb3,87.59299999999999
Rh1Sb3,87.5027
Rh1Sc1Si1,147.286
Rh1Sc1,136.8
Rh1Si1Ta1,240.881
Rh1Si1Ti1,171.625
Rh1Si1Y1,121.961
Rh1Si1Y1,126.75
Rh1Si1Zr1,180.419
Rh1Si1,225.769
Rh1Si3Tb1,123.933
Rh1Si3Th1,134.774
Rh1Sn1Tb1,107.309
Rh1Sn1Th1,116.811
Rh1Sn1Y1,106.104
Rh1Sn1Zr1,143.26
Rh1Sn1Zr1,140.696
Rh1Sn1,129.151
Rh1Sn2,103.54
Rh1Sn2,96.538
Rh1Tb1Zn1,102.031
Rh1Tb1,112.15
Rh1Te1,115.962
Rh1Te2,96.6176
Rh1Th1,114.683
Rh1Ti2,158.769
Rh1V1,162.889
Rh1V3,213.611
Rh1Y1,112.894
Rh1Yb1,65.4028
Rh1Zn1,174.267
Rh1Zr1,166.74400000000003
Rh1Zr1,134.034
Rh2S3,140.09
Rh2Sb1,171.771
Rh2Si2Tb1,158.73
Rh2Si2Th1,165.377
Rh2Si2Y1,157.40200000000002
Rh2Si3Y3,111.06
Rh2Sn1,171.56900000000002
Rh2Sr1,86.8556
Rh2Tb1,154.0
Rh2Th1,136.688
Rh2Y1,152.25
Rh2Yb1,118.4
Rh3S4,140.90200000000002
Rh3Sc1,185.33900000000003
Rh3Si2Y1,175.63099999999997
Rh3Ta1,261.828
Rh3Te2,142.167
Rh3Th1,151.29399999999998
Rh3Th7,81.5936
Rh3Ti1,225.972
Rh3W1,283.629
Rh3Zr1,214.083
Rh4Si5,183.051
Rh4Sn13Sr3,65.7167
Rh4Sn13Th3,87.335
Rh5Tb1,179.787
Rh5Y1,179.00599999999997
Ru1S2,155.036
Ru1Sb1Ta1,175.983
Ru1Sb1Ti1,142.733
Ru1Sb1V1,158.567
Ru1Sb1Zr1,138.122
Ru1Sb1,141.575
Ru1Sb2,115.291
Ru1Sc1Si1,155.842
Ru1Sc1,136.961
Ru1Se2,128.40200000000002
Ru1Si1Ti1,189.901
Ru1Si1Y1,137.623
Ru1Si1Zr1,192.222
Ru1Si1,252.394
Ru1Si1,213.346
Ru1Si2,184.19
Ru1Si3Th1,131.981
Ru1Ta1,233.233
Ru1Tb3,59.133
Ru1Te2,102.315
Ru1Te2,104.608
Ru1Th1,121.588
Ru1Ti1,210.844
Ru1V1,184.489
Ru1V3Zr2,163.282
Ru1Y3,60.942
Ru1Zr1,184.217
Ru1,312.163
Ru2Sb2Sr1,82.8384
Ru2Sc1,161.688
Ru2Sc1,160.072
Ru2Si1,251.47
Ru2Si2Tb1,152.168
Ru2Si2Th1,161.90200000000002
Ru2Si2Y1,151.128
Ru2Si3,200.836
Ru2Sn3,128.441
Ru2Tb1,138.423
Ru2Tb5,63.3782
Ru2Zr1,194.11900000000003
Ru2Zr1,198.069
Ru3Si2Th1,187.316
Ru3Si2Y1,171.209
Ru3Sn7,104.044
Ru3Th7,81.9831
Ru3Ti1,179.028
Ru3U1,242.028
Ru3Zr1,200.044
Ru4Sb12Sr1,91.346
Ru4Sn6Y1,117.224
Ru5Si3,246.123
Ru9Sb8Zn7,132.485
S1Se1U1,94.8747
S1Se1,77.1806
S1Sn1,52.9278
S1Sr1,48.5944
S1Sr1,52.3167
S1Ta1,188.778
S1Tb1,96.0
S1Th1,106.172
S1Ti1,117.892
S1Ti1,131.363
S1Y1,93.4444
S1Yb1,56.2778
S1Zn1,70.9915
S1Zn1,71.4112
S1Zn1,70.7431
S1Zn1,71.1901
S1Zn1,71.0643
S1Zn1,71.4365
S1Zr1,132.406
S1,6.13587
S2Sc1Tl1,49.754
S2Si1,25.7322
S2Sn0.33Ta1,64.559
S2Sr1,48.3464
S2Ta1,28.0221
S2Ta1,26.615
S2Ta1,24.726
S2Ta3,121.976
S2Th1,90.9109
S2Ti1,105.091
S2W1,35.3132
S2Y1,90.9669
S2Zn1,71.7541
S3Sc1Y1,73.0792
S3Sn1Sr1,49.2477
S3Sn2,15.9098
S3Sr1Zr1,69.2329
S3Tb2,78.6761
S3Th2,87.0959
S3Y2,77.8672
S4Sc2Zn1,73.2778
S4Sn1Sr2,30.6184
S4Tl3V1,22.1611
S4Y2Zn1,65.3833
S4Zr3,96.5056
S7Tb5,76.8718
Sb1Sc1,64.4611
Sb1Sc2,69.4339
Sb1Se3Tl3,15.4473
Sb1Sn1,49.0222
Sb1Sn1,50.3778
Sb1Sr2,27.4686
Sb1Ta3,181.556
Sb1Tb1,60.1833
Sb1Th1,77.3278
Sb1Th1,81.0333
Sb1Ti3,104.822
Sb1Tl1,30.7389
Sb1V3,170.55
Sb1Y1Zr1,79.9434
Sb1Y1,58.9722
Sb1Zr1,103.471
Sb1Zr1,93.3358
Sb1Zr2,106.871
Sb1,59.7056
Sb2Tb1,60.5867
Sb2Th1,76.1702
Sb2Tl7,26.0444
Sb3Si1Zr5,115.117
Sb3Sr5,30.1386
Sb3Tb4,66.6389
Sb3Y4,65.7944
Sb3Yb5,36.0812
Sb4Ta5,117.816
Sb4Th3,76.9389
Sb4Zr5,107.446
Sc1Se1,80.3778
Sc1Si1,99.3502
Sc1Tc2,186.947
Sc1Te1,63.0066
Sc1Te1,60.1356
Sc1Zn1,72.7444
Sc1,55.8657
Sc5Si3,86.9179
Se1Sn1,48.0667
Se1Sr1,41.0111
Se1Tb1,79.3278
Se1Th1,93.9722
Se1Ti1,61.6268
Se1Tl1,36.9111
Se1Tl1,22.369
Se1U1,70.5389
Se1V1,77.3393
Se1Yb1,50.7944
Se1Zn1,58.2
Se1Zn1,58.332
Se1,19.0167
Se2Ta1,24.8125
Se2Ta1,24.6158
Se2Th1,75.2235
Se2Zn1,59.6717
Se3Sn1Tl4,31.5928
Se3Sr1Zr1,43.3434
Se3Tb2,66.8316
Se3Th2,78.0087
Se4Ta1Tl3,19.5611
Se4U3,64.5389
Se4Y2Zn1,54.9611
Si136,61.4778
Si1Sn1,53.1611
Si1Sn3Zr5,108.74
Si1Sr1Zn1,49.2502
Si1Sr1,41.2233
Si1Sr2,29.0757
Si1Sr2,30.2447
Si1Ta2V3,158.415
Si1Ta2,211.178
Si1Tc1,163.184
Si1Th1,101.291
Si1Ti1Y1,88.2163
Si1Ti1,140.342
Si1U3,133.9
Si1V3,187.58900000000003
Si1Y1,89.9409
Si1Zr1,142.004
Si1Zr1,143.955
Si1Zr2,127.611
Si1,107.803
Si1,89.0944
Si1,84.684
Si1,81.4088
Si1,81.0592
Si1,89.0036
Si1,67.5056
Si1,76.0333
Si1,72.5401
Si1,73.4222
Si1,72.6769
Si1,65.7248
Si1,89.0009
Si1,107.322
Si2Sr1,52.9924
Si2Sr1,58.0722
Si2Th1,99.273
Si2Th1,100.858
Si2Th3,93.8559
Si2Ti1,136.74
Si2V1,167.91299999999998
Si2W1,214.412
Si2W1,216.898
Si2W3,239.117
Si2Y1,84.781
Si2Zr1,123.064
Si3Sr5,32.6003
Si3Tc5,247.133
Si3V5,190.595
Si3Zr5,127.929
Si4Ti5,140.703
Si6Sr1,74.5701
Sn1Sr2,24.8908
Sn1Ta3,172.172
Sn1Te3Tl4,27.7128
Sn1Te5Tl2,19.8206
Sn1Ti2,109.17
Sn1Ti2,106.923
Sn1V3,156.517
Sn1Y1Zn1,63.7756
Sn1Zr3,101.767
Sn1,45.4986
Sn1,33.9944
Sn2Tb1,58.1059
Sn2Th1,71.321
Sn2Y1Zn1,60.5576
Sn2Y1,57.9819
Sn3Tb1,54.9444
Sn3Tb5,62.1185
Sn3Th1,65.2278
Sn3Y1,54.75
Sn3Yb1,40.4278
Sn4Sr1,40.2189
Sn4Th5,77.4402
Sn6V6Y1,112.346
Sr1Te1,36.0167
Sr1Te1,31.9333
Sr1Tl1,26.3667
Sr1Tl2,28.2712
Sr1Zn13,66.1278
Sr1Zn5,50.8399
Sr1,11.1778
Sr1,11.6072
Ta1Tc1,252.117
Ta1Zn2,143.11
Ta1,190.845
Tb1Te1,63.7611
Tb1Te2,56.3851
Tb1Tl1,54.7611
Tb1Tl3,46.2722
Tb1Zn1,55.7722
Tb1,39.0225
Tb1,40.1712
Tb2Tl1,53.4468
Tb3Tl5,55.822
Tc1Ti1,195.317
Tc1V1,248.539
Tc1,299.845
Tc1,293.528
Tc2Zr1,214.269
Te12Th7,68.2287
Te1Th1,83.7944
Te1Ti1,52.8616
Te1U1,59.9611
Te1U1,57.9722
Te1V1,59.9002
Te1Y1,60.5444
Te1Yb1,33.3056
Te1Zn1,31.4499
Te1Zr1,94.5331
Te1Zr1,91.4831
Te1Zr1,95.1389
Te1Zr1,89.0906
Te1,49.0778
Te2Y1,57.1402
Th1Tl3,59.8667
Th1Zn4,83.3369
Th2Zn1,68.0921
Th3Tl5,68.1306
Ti1Y1,44.0167
Ti1Zn2,93.8811
Ti1Zn3,79.65
Ti1,113.529
Ti1,113.294
Ti2Zn1,109.227
Tl1Y1,54.4722
Tl1Yb1,33.5444
Tl1,29.6552
Tl3U1,43.4833
Tl3Y1,46.4056
Tl3Yb1,41.2333
U1,121.174
V2Zr1,153.567
W1,297.672
W1,296.578
W2Zr1,212.211
Y1Zn1,58.2056
Y1,41.5471
Y6Zn23,70.5
Yb1Zn1,35.4722
Yb1,10.1611
Yb3Zn11,50.0556
Zn1Zr1,96.2444
Zn1Zr2,93.2839
Zn22Zr1,72.5222
Zn2Zr1,99.5944
Zr1,94.658
