formula,bulk_modulus
AlPt3,225.230460942406
Mn2Nb,232.696340370289
HfO2,204.573432614044
Cu3Pt,159.312639978477
Mg3Pt,69.6375648566487
CaNi5,124.962171247142
NbPt3,249.902917972133
Ni3S2,126.939454423978
MnSb,53.6577153027449
CoSn,126.541875744005
Li2S,40.0761235379479
Li2O,78.130294793542
GaN,171.712878201481
AlN,194.405488958016
MgPd2,114.960905124931
LiRh,108.094799726808
BeCo,195.110143585562
AlCu3,130.547092814645
Hg4Pt,59.0480077327183
Ga2Pt,113.662207245725
CdTe,35.0067819879051
CaMg2,29.9680588066106
Mg2Sn,40.7644534002882
Hf2Ni,129.672122507625
FeSb2,86.811629604597
NbPd3,200.077213526226
InNi3,146.954263995433
AlSb,49.2031808060912
CoSb3,82.9344480642584
Nb3Sn,164.245901517077
Fe3Pt,180.231692804205
CdS,53.3122685866718
CaSi2,59.6830510040633
NbO,243.450403313771
Be12Cr,128.063905084663
GaN,209.303669585186
Fe2W,259.411488335009
CrO2,196.620985326233
CaSi2,60.0568178829785
Li3N,51.7329841704056
NiO,181.289899900778
CuI,35.7105575213009
Mg9Si5,58.64439546741
BP,160.518114169707
Fe3O4,176.088406191039
NiTe2,48.9530618670908
CoO,129.360416408653
MgTe,32.6450102512778
MgO,151.497434070215
CdS,52.9104324644543
HfTc,191.943100430717
FeGe,152.621167746432
Rb2S,15.1494008814888
GeTe,31.0036093795988
LiSi,52.043810625043
Cr3Os,281.865560335257
Cr3Ir,275.796276667649
LiZn,42.3567461302491
Mo3Pt,266.029101500792
GaRu,200.968744595393
AgI,26.770281630008
AgI,25.1152460561844
MgSc,48.4187362079979
AgI,31.7078080888723
CdTe,35.3086379876066
Fe2Si,236.527823471565
CuF2,58.6468729211567
BeO,208.349306645884
InNi,103.137996890761
BN,373.241361931398
BN,102.717241386921
FeSe,19.3226648713635
CaO,105.007058215414
Cu2O,111.567765924453
FeN,266.998117278301
Mg2Pt,72.726595597066
AlPd5,161.610983561419
Mn5Si3,148.060235626166
CuI,38.6287173815752
FeSe2,117.612827615322
FeSn2,79.900277808743
CoSn2,101.174684885484
GaPd2,149.496430554918
AlPt3,217.883329265865
CaZn2,47.7536617460071
CaF2,76.5455908868272
Co2Ge,199.602404254468
LiSn,36.3650636091754
MnNi3,174.080055784001
AlAu,104.070119520102
BePd2,166.355184796734
Nb3Sb,173.943284265363
GaNi,152.850978491726
NbSi2,174.634873583796
Fe3N,206.65345883488
BaPt,49.5373176079015
MgPd3,139.742897056786
HgSe,41.1736877206645
Fe2N,243.806431615266
NiTe,100.542167363321
Cs2Pt,12.0162432029309
BaSn2,32.7624027091771
Cr2N,285.059700493297
CaCd2,40.2890635650478
MnPt,167.798743183824
CaS,57.065004268387
FeO,180.33514890638
NiSe,119.028284135044
Ba2Hg,15.7328970040192
MgS,74.4385630761738
HfMo2,199.930878474328
BaS,41.3901908058397
MgTe2,37.7474592040147
Au2O3,81.3289365672533
Nb3Si,184.160468683051
Cr3Si,248.581925601029
Ga2Te5,14.4348563747307
As3Ir,129.511832499077
As3Rh,116.057172467748
CuP2,89.2640866078936
AlB2,184.748874885091
AlF3,45.112069516579
FeSi,211.464913097897
GeS,21.5237998525999
FeSi2,180.65989622615
PtS,132.621021147848
PbSe,47.1361145925022
PbS,51.9569814781255
MgP4,57.7687446222477
Na2O,45.6369616832828
K2O,27.1161509143502
Li2Se,33.6945627659761
CrSi,187.004052120864
MoPt2,271.531562082122
CsI,7.38338053360912
P2Pd,108.678982195438
BePd3,161.751650492231
Mn11Pd21,142.21598554359
NbRu,237.166439936088
FeP,159.229171214749
Mn3Pt,89.5270244303361
CoSb2,99.4748020280663
Ge2W,171.796510337509
BaF2,54.429552167315
BaZn,20.6966063164823
CoN,250.758486362014
Be2C,201.088601423036
GaP,76.1868498328168
As2Pt,137.492385884333
HgPd,115.102122547998
FeNi3,203.108628442257
AlCu,112.614961542799
FeP4,140.589170212785
NbO2,235.121839419838
FeGe,145.271666062701
Sc5Sn3,72.0124591561219
CoF2,99.5169507548004
AlAs,69.7813672077733
P2Pt,176.88639753654
B6O,226.997483516584
Si2W,218.479917385296
Si2W,220.927552469024
Te2W,19.8980879491671
MnSi,209.610896011016
Ni3Sn,164.259798181489
As2Pd,107.09750799368
Nb3Pt,207.216592234716
BiO2,40.7897390771445
GeO2,37.7285105763131
CaSi2,62.5604994436703
Cr5Si3,223.751324314796
CaZn,32.2601291580336
GePt2,177.091205144893
B2O3,33.178018050539
Li2Pd,47.9551573516982
Al5Mo,120.588945038886
CaPd2,94.2547243193436
Ga2O3,155.360591953274
Co2Si,225.309425168053
Al6Ru,111.568969506166
Ni2P,193.617854845528
ReSi,246.269737962341
MnP4,136.738458825381
CuSe,65.3606458525798
Fe2Ge,137.816074787637
PdS2,22.3776419095217
PdSe2,22.5261401551929
HfSi2,131.919118005448
CoS2,124.282645709177
Fe3Sn2,105.387390973857
MnP4,138.341643720572
CoSi,210.506734508862
GeS2,21.1007184301137
MoSe2,21.7828893895409
GeSe,21.1166705441022
NbS,179.821191711339
AuSe,9.36634157378943
NbSe2,22.2553311524514
Mo3Os,291.944530487526
HfNi3,180.668984944387
Nb2O5,138.719072516221
Co2P,228.434264774111
CoGe,157.336942353628
Ca2Si,36.7105040292686
BW2,329.821632405627
Bi2Te3,15.0108998133585
FeGe2,120.02911907192
NbRh3,248.872284368281
Hf2Si,141.071623450379
HfP,148.478515652712
CrPt3,230.813312239246
CoTe2,84.5958825083646
Hf2S,131.398217140803
CoP,193.33211129562
NiS,136.095539074673
NbSe2,22.211435733362
InNi,125.653391684569
CoO,129.760347532139
BeRh,206.582759461092
InPd,110.667510343758
Ge2Pt,115.414369463723
TaTc,254.641370337514
CaSn,38.0329224804236
FeP4,139.341501258348
AlRu,202.21080770318
PW,221.623062585252
CoSb2,98.297313062005
NbS,180.253997518947
CoSb,136.688730336731
HgO,23.570234406519
HfZn2,113.15620294049
FeSb,93.5109399543641
NbZn3,118.984497050306
MoP,219.459757101361
Be12Mo,140.522798747175
Fe4N,193.258945684118
Bi2Pd,55.0875098268159
Ni3Se4,90.5785095776885
CoSe2,99.1872936585249
GePd,122.716158731652
BaC2,39.759693374606
HfSi,152.65474235592
BPt,261.719873476936
CrSb,71.653054433344
GaNi3,179.942903733006
HfSn,102.115645643313
LiSn,35.1958113897036
CuSe2,64.3552456430903
NiP2,106.132193608692
BRh,275.143013527385
In2Pt,94.8548945108724
Al3Cu2,102.134361983464
BaO,68.3565084635153
MgTe,34.534211145612
Fe3Si,211.877557420584
AlP,85.1713689289871
CaSi,53.2686916924973
AlRe2,255.096388689655
Cu2S,97.0904207176854
Mn3Si,206.24868753514
GeSe,58.1917107020384
MgSe,58.8234256759791
GeTe,47.5726273655984
FeSi2,182.642522730665
AlMo3,224.924474102395
AlCr2,186.266925475298
Al2Os,190.911575631917
Al3Ir,150.951154155419
MnSn2,64.1608623102402
Al2Pd,112.446751938428
AlPt2,204.536912476261
AlPd,156.423388148221
Fe3Ge,177.491335962209
Al12Mo,91.4193944598799
AlPd,147.90690372998
SrZn5,52.9807525290024
CdPd,109.58971537791
BaGa2,35.2326358479071
FeTe,20.4182484887669
Bi2Pt,81.5236876474614
Hf2Pd,136.801693799233
BaMg2,21.5892800665818
MnRh,182.502247889229
AlV3,159.329994897248
Al3V,120.044061493516
LiPd,72.7756280906386
LiPd,78.6971473798285
Be2Nb,159.212294395109
Be2Cr,182.771666449768
CoPt3,220.629335071596
AlFe,174.590959938742
CaCd,30.5152855491966
AlOs,236.317898711131
CaCu5,91.0817228094479
CdCu2,100.297062679799
CaZn5,61.2590458657104
Ca2Sn,28.937096379822
CaHg,35.0244661788122
Cd2Hg,37.3512082894778
CaPd,57.5753079153852
CrSi2,195.535564151261
AlIr,229.30849865937
Co3Mo,260.42471572555
Hg2Rh,87.743420959803
Cu3Sn,107.733810840105
Al3Pd2,128.60157137393
CaSn3,43.3535896032057
FeNi,186.631297298444
LiTl,31.4382280957356
Li3Pd,36.9573682408666
GaPt3,216.624053187484
AlFe3,175.122469814797
AlNi3,179.505900916911
Al5Mo,118.531986433327
HfIr3,275.747287891273
Hg2Pt,83.4766763658687
HfMn2,192.321949544246
HfOs,229.230930365356
InPt3,204.587825375523
CoPt,215.900120186181
AlAu4,126.654957618472
FePd3,174.358565414521
LiPt7,219.959954295927
MoRh3,268.462764251356
LiPt2,136.494642612477
MgRh,114.636512972716
NbNi3,210.845925744363
Ni3Sn4,98.4378089281014
Ni3Sn,162.692679151928
Nb3Os,223.350793003351
HfPd3,178.516567510452
ScZn,75.1904306288237
NbPt2,244.360582359336
Fe3Ge,168.521574614114
Al12Tc,94.8011786236903
Bi2Pd,55.068109319276
Mg5Pd2,61.9073299657548
Mg3Rh,66.0106581791556
CoSi2,176.911661370664
NiP3,114.652477334404
AlPd,150.342877490862
MgZn2,63.7462075991761
Co3Se4,94.9272095504372
Fe3Pt,177.325737886197
Be12W,144.260346055493
Be12Pd,124.118870491981
Co2N,244.767806255364
CaGa,35.4714295616981
NbSn2,96.0166326712598
MnPd3,150.700633246704
CaPd5,113.435880798311
MnO2,107.009570970031
Cr5O12,58.9234606115221
NbP,188.328536265438
SnTe,39.5483426876031
InSb,35.393211856892
Nb5Sb4,97.6602544643696
CuSn,76.5049886904002
Ba2Cd,14.2792004595964
MnPt3,217.203794622591
Al2Pt,128.642752248931
Ni3Se2,105.490920607107
Cr3Ru,264.372076145852
InPd3,140.621525091859
Mg3Pd,59.4121909467811
Ca2Cu,24.8023720486747
InPd2,128.124653344175
FeRh,196.690528486181
Li3Sb,27.7618785824456
CdPt,136.797101368265
NiPb,86.2763494663633
Al2Au,105.021923382685
Mg2Tl,33.9452277956405
CaPt2,132.034650439823
SrZn,24.1877095547139
HfOs2,274.016768777829
Be22Re,136.65295816229
Li12Si7,36.0887724495279
AlNi,161.578572599623
CrRh3,229.774545323732
FeS2,145.947625412843
Be12Nb,133.150356045701
AlRh,195.916057494698
HfRe2,262.211629976285
P3Rh,150.88484508423
ScSn2,64.0419803298332
NbSe2,24.5974548306921
Li7Si2,32.5878809732095
Fe3Sn,118.85855078025
AlPt,184.177759973675
CrN,180.754802984483
Al6Tc,107.279078748885
BeP2,89.449141408923
Be17Ru3,153.494411254335
Be12V,129.830189299886
CaIr2,162.746156186811
BeCu,142.229599608257
Be2Re,242.304358838374
CoSe2,106.02524900661
Al2Ru,167.317248160936
FeP4,137.709068939753
HfS3,18.6173296720289
As2Ir,152.056044021942
ScTe,62.823125445677
CoGe,151.912892363623
CdHg2,28.21208709746
IrO2,270.024271614543
CoP3,148.903340018829
CuPt7,244.765196136634
CdSb,38.9969365896939
YZn12,78.7434188392917
NiSb2,87.5105409490425
Be17Nb2,139.857283685774
Al9Co2,106.101780396713
Al4Mo,111.297992349869
P2W,189.096534545336
Cu3Sb,94.9818565881584
Al3Ni5,167.185870641922
Al3Pt2,153.487246838388
Al5Rh2,131.049077516923
Mg2Si,52.8552188750856
Al3Ni,113.240867901812
Ir3W,351.265170583006
Be3Nb,154.510907187914
Al21Pd8,108.603508096221
CaPt5,166.402374314057
CoTe,110.323962077112
HfO2,248.006641050947
GaNi2,164.214658353834
Be2Cu,136.685688197982
Mg2Rh,65.498863614784
NbZn2,140.673496779476
NiP2,144.563154216568
HfRh3,219.049911869267
Cu4Pd,145.878884985126
Li7Sn2,27.6230989100087
Li5Sn2,30.7249434356733
Li7Sn3,30.5322989730069
Mg5Rh2,70.8588610898347
BaPt5,147.646948898138
BaZn2,26.9418469081214
Nb3Rh,203.723993869968
NbPd3,196.103321966193
Ni4W,234.149514427374
BaPd5,99.0100812972513
TaV2,201.170898361428
Be12Pt,132.801112641533
Al3Mo,135.523929077608
Co3W,279.291033144042
Be2Fe,158.357589075767
Ag3Pt,120.191378772415
Si3W5,267.135743987806
Fe2P,215.625479243506
LiPt,114.707017588028
InNi3,150.158849910155
Nb5Si3,185.360003460411
IrW,334.192234646894
Cr3Pt,246.205174896311
CdP4,55.0515387005958
MnV,242.756144654348
AlCo,178.598091913612
Fe3Sn,129.061510529713
Mg2Pd,69.2599116707266
TiZn2,105.985530142062
Li13Si4,32.4873256091812
Nb5Si3,190.84106607609
CaRh2,122.646585058678
V4Zn5,125.047976381524
Cu3Ge,122.938149747169
CuO,145.51778965898
YZn,59.8049608195515
HfPt,184.791822960692
HfTe2,14.5833076151871
Ni3Sb,164.583761239553
P2W,188.095523666993
HfPt3,232.922829560272
Al12Re,95.8980309992847
Be2Mo,198.740295613405
Al13Os4,147.328121635848
CuI,8.82664114237162
Be5Pd,145.902271775206
AlAu2,118.388673252791
HgTe,36.4331873598428
NiPt,213.227272545734
NiO2,46.7573840408891
CdSe,44.8367718317234
Al6Re,112.588410571805
Al3Pd5,155.616560164735
Al21Pt8,132.900984564041
CuPt,197.013986469517
GaSb,44.6537938327506
Fe3Se4,88.3656310030121
Fe7W6,270.478477728385
MoRh,266.300254527155
BMo,309.379159828614
CuSe2,64.8135111172129
Al2Cu,99.3845653006039
FeSn,99.9110659227729
Nb3Te,168.984227383318
Li15Si4,29.9529364844192
HfRu,196.593481646698
AlRe,220.399964538856
Be2V,160.056870297011
BaCu,18.3353194889375
Sb2Te,32.342547401344
GePd2,152.050765197662
Mg2Pb,35.4270350665717
Mn3Sn2,75.1526204163218
HfSb,101.011187987543
TiZn16,78.9472952648634
NbSb2,96.9726516141693
GaIr,216.825829285057
GePt,142.821923741236
Fe2N,244.295987884235
AlPt2,206.485205554917
MgPt3,182.237690059108
CaCd2,34.4266460140825
CaZn2,44.5045860679549
NbSe2,22.6574848389329
NiSe2,77.1713333887655
CoO2,65.9371867778804
CdPt3,192.017231865149
Cr2O3,203.305089967978
Li2Pt,68.0679094294314
ScZn2,81.4061290987832
AgBr,39.5633255109156
Be2W,217.996689552408
CuTe,14.7872156604216
VZn3,112.623621449122
Ca3Zn,22.1311852711969
FeS2,149.861153759437
B2W,321.38847057144
MnS,55.9278425830203
CoP2,163.175697033017
CuS,80.1616398282329
Rh3W,282.955714410353
FeS,29.7660489716056
FePd,162.422104641613
FePt,201.19360602741
AlPd2,158.027039765703
CrSb2,62.1228736360895
Li2Sb,31.9150209505632
MgPd3,130.031993084997
BPd2,178.995864555179
FeP2,179.990415331748
Al12W,91.6750655316239
Bi2Se3,12.5037956548077
NbNi3,209.481750291965
MnPd,133.581696966527
Hf3Sb,114.036655322974
Cu2Sb,92.1522363163243
HfW2,222.882219355503
Y2Zn17,80.7290681417373
YZn5,78.7424952548789
SrZn2,34.8749695304298
NbRu3,270.55596055888
ScZn12,80.8823722005729
MnS,60.4044759435223
BaS3,33.1634713876541
ScSi,101.326806676438
HfN,266.007592945655
ScSe,80.5143205319535
Li13Sn5,29.6287070641352
HfCr2,189.57419399421
Ti5Sn3,106.700042172157
TiO2,209.103612495069
HfAl2,120.275181013468
ScMn2,166.48882254065
SrO,87.4251720340115
ZrSe2,17.5087363949834
SnPd,101.038715328664
Pb2Au,57.2255234426864
Ca3Au4,51.2028793847522
ScPt3,199.514772342783
TiP2,130.995812362721
SbIr,160.280885962257
PtPb2,71.747840487978
Nb3Al,161.122210141749
SrCu5,82.7147542567908
MnAl6,103.798144478468
Zr3Al,100.980518626068
Ti3Pt,166.493782273494
Cu3Au,141.752114532241
MgB2,148.498340806712
ScCo2,142.173408644212
NbN,315.024368338395
TiRu,212.025564843264
MgAg,64.6115879354005
ZrAs,116.193178567228
CaAl4,56.9225059138995
Mg2Ge,49.8422138455185
Sn4Au,51.2062079602793
NbIr,258.701875615909
Sn4Pd,56.4343491777103
Zr2Cu,109.021895487875
TiPd3,178.093935637349
NiF2,107.917358009599
SiO2,12.8714894520228
TiO2,179.325885643054
ZnO,129.640616382174
Y2O3,137.734881954089
ScGa,75.6238578284532
TaNi2,213.874137464372
SnO2,171.937217112191
TiMn2,208.803785743595
ZrO2,168.640580348748
HfGa3,102.31190290125
TiO2,203.763207614568
VFe,196.130111885518
MgF2,94.5910717503011
PtO2,201.941349586113
ZrC,221.251963509548
HfC,236.170533968996
CoAs,163.524652221895
YMg,41.0771260131902
W2C,335.798240693288
SiO2,147.035008132077
SiO2,27.3199583652706
ScSb,64.7299817807411
ZnS,68.2530652720375
ZnO,126.982475031776
Fe3C,197.787094390608
ZnSe,58.2616040189789
RbCl,14.6234035602727
V3Si,195.779765894601
ZrAg,105.847202984508
Hf2Ag,111.503130754612
WC,385.194239655697
HfAg,117.29622133452
Fe3C,223.237869948674
ZrBe5,126.442725759488
Ti2Pd,142.0930834316
ZnO,172.361786716912
ScGa3,72.6692648314226
TiC,252.644651677646
MgCu2,94.1478259191633
Fe2B,227.197771927079
CuCl,48.3154099796185
SiC,211.380017052642
SnPt,127.294145114361
TiSb2,88.8507203299406
Mo2C,294.33656941256
VB2,285.538486047932
Sn2Ir,110.136818662905
Sc2Sb,72.7400250032878
TiBe2,123.620278558972
Ti5Si3,138.960046366008
VNi2,210.12346565926
TiFe2,146.630839503188
ZnS,69.3380706210297
TaB2,302.299071210247
SbPt7,210.312118598219
TiCo,163.172025578044
Mg3Au,57.1149084874308
KCl,15.8258283227771
InI,11.9636163525102
InBr,12.5639838210189
ScCd7,52.9014626467578
ZrAl2,113.460942358747
ScHg3,63.7009764284695
Mg5Hg3,42.9959925295235
NaCl,22.5904901420527
SnO,32.2909379739712
Sb2S3,16.310557133639
Nb6C5,238.860830260855
TeO2,23.2816775255879
VN,318.891058802544
NaF,47.5767829733614
Sc2O3,167.57557180309
CuBr,42.8641283058151
ZrB2,237.932910277879
NbB2,287.24893072599
TiB2,253.291634054285
SiNi,164.218581850997
Y3Pt,55.5946372176025
Nb2C,227.688314944266
WO3,169.835327504185
Sb2O5,126.852992191052
YMn12,150.708265398863
Si3N4,234.447964684552
Sb3Ir,98.7179506437878
FeAs,162.83924427425
NiF2,107.42678416766
SiMo3,251.63335086233
ScF3,90.7831547917267
Si3Mo5,241.252888302225
VF2,92.9844094651898
Ti2N,203.916983226701
MoF3,91.9526121043458
Sb2O3,19.1167184785154
TiO2,191.124307058566
Sb7Mo3,107.767140211186
ZnS,68.7797298955036
CoAs3,116.619263962076
TiTe2,17.6395912572112
NbCr2,227.600269486064
TlBr,18.2646361424649
TlBr,28.0742316330318
TlCl,20.2966458766411
NaI,15.7551633660784
CsBr,6.4761348979337
Hf3Al2,114.991694369922
Hf5Al3,110.976699571284
RbI,9.6552271242306
SnPd3,145.747902691787
NbGe2,142.267015623621
ZnO2,143.833197605823
HfB2,250.888764854281
Nb3In,152.63956132989
Zr3Hg,104.211319425363
TaBe12,136.972608113269
V2C,244.055398964594
LiF,69.8811262699684
V3Se4,80.0098879577544
VAs,140.196804585328
NaBr,27.0541490127586
SbO2,91.8659915029253
ZnP4,61.3715561244332
SrF2,65.0247418818289
Te2Pd,52.6379679501917
ZnTe,45.982043663759
ScIr3,242.65533562998
GaAs,60.7370481259618
FeF2,97.1173390394374
TaPd2,204.690649229611
Mn4Al11,125.411732096698
ZrP,134.382709820796
CaAu2,66.560928500969
TeO3,90.4155780029553
Mn5C2,219.998342507616
ZnF2,98.4930968236918
SiIr3,299.001824372836
Ti6Sn5,104.978676560415
ZnTe,43.4146112197278
ZnSe,55.6712881859518
FeAs2,133.651459203324
ZrO2,190.175004209618
ScFe2,127.913682070547
Si2Mo,206.594504360884
RuO2,251.979548500951
Cu2As,107.576352038519
MgCd,43.2387467594965
Hf2Ga,118.992757295978
V3Te4,53.1847920785984
NbN,312.851964927866
SnRh,139.089130006381
SiO2,20.1026967859164
SiIr,214.868679023662
SiRu,204.464427529576
SiRh,195.086040995721
Ti2C,138.937889822022
ZnCl2,6.59717658652985
ScIr2,220.01425273203
NbAs2,124.473498346506
YAl3,76.3174464750981
Fe2C,220.948293651354
Y5Sn3,62.4627159699634
NbAs,161.515852249174
SbRu,146.587584846303
Sb2Ru,115.598567921339
TaC,323.93623321573
Sb2Os,129.409112300636
HfGe2,112.660400639687
Sc2Pt,90.7379996566729
SiC,212.381744680571
Sn3Pd,64.1378893846865
VS2,19.6682674579565
Ti3Hg,117.313253005281
Ta5Si3,214.711211695808
SiS2,24.4682718705911
RbBr,13.7924872565837
KBr,21.6369265461462
HfFe2,162.042951449482
V3Au,180.277104282244
MgAs4,43.2300076635469
Ti5Sb3,110.910531543519
ScN,199.881980200438
VP,170.696037388592
TiS3,18.9021790391693
VB,272.635751493672
SiPt2,203.296021650757
Sc3In,63.4610853166278
Ta2Si,215.3836825108
V3Sn,162.641553442133
HfAs2,114.731038508495
BaAl4,50.9643014303262
HfAs,127.395782641787
YAs,75.4874432540582
Ti5Si4,142.185647463623
Fe5C2,233.335593418168
Sb2Pt,103.666859177089
SiP2,12.1602954712073
Si5Pt6,181.081265782398
TaIr3,324.70226007291
ZnSb,47.7876587372618
Ti3Au,138.99626373471
TiSi,145.85965499768
InAs,49.1591509022141
SnSe2,14.7780228967919
SiRu2,256.768080753274
InCl,9.2986105470134
CsCl,15.2253232053524
YCo,69.9044954208282
ZrCo,130.636681420453
NiAs,134.946498840621
ReO3,243.229693725036
Mn2Au5,126.644116649376
YIr,128.497980920427
ZrN,246.852016312515
CoAs,157.138460161227
TiSb,89.2680427219683
Mo3Ir,288.168360516273
ScGe2,80.5057882918051
PtO2,48.1329768239114
ZnCl2,7.44586490653171
Nb3B4,273.944754254429
Ti2Cu,125.754995803125
TePd,98.1819700617104
NiGe,135.788286327478
Cr3C2,319.821081301985
Pd3Pb,131.505746499586
WO3,196.212937749776
SnRh2,177.005248947472
Ta2O5,129.04725532343
CuBr2,6.97548368326393
Sn2S3,16.9248172740868
Te2O5,46.2186338635761
ScS,101.290492471803
ZrTe,87.1773728008314
TiPt3,234.16053514779
SrC2,45.6975131421112
CaC2,55.9766619067378
CaC2,53.3785484239195
TiS2,18.3561019379432
ZrO2,234.735991480506
CuBr,6.17374327012824
Ta2C,255.963483658651
SnAu,71.9181419103224
Ta3Sb,185.23863583479
VSb2,98.3751285915495
NbCo2,231.177269576847
KI,9.52062512955514
KF,28.8691431953919
V3Sb,178.286013965246
Ti2O,183.783387773467
SnSb,50.133371559652
YRh,108.73310368271
YCd,56.8926842253262
YSb,61.6664777587597
ScP,97.5736820269956
ScF3,88.803160274273
ZrP,134.387469058386
Hf2Al,113.219898710737
MoC,349.847926408899
V2P,207.416263334493
Si3Pt2,160.933227153692
Zr2Si,126.202853315743
VSi2,174.498090186002
V3Ge,183.808057246519
HfBe2,128.485270228664
YC2,112.502036460502
ZnF2,95.899582805938
Hf2Au,133.850755056721
NbAl3,126.895706525712
LiAl,49.7943883705379
Li3Al2,39.266521853839
MgF2,102.916009206974
ZrOs,208.829600751293
YCu2,79.9975822321927
TiAg,100.511961889692
TiRh,189.534059353102
TiRh3,230.485031534652
ZrTe,93.0663948516821
Sn7Ir3,102.307231249222
SrPt5,160.630106677125
ZrNi,138.492216140832
Sc2Al,70.2846905741491
In2Co,88.5359049610456
Ti3Al,115.217535804764
SrAl2,44.7666635943403
TaAl3,132.791498373469
Ga2Cu,77.5441211430419
Zr2Al,103.222249232028
MgIn,39.764442231624
Y2Al,54.618769394597
BeAu,147.929198849732
TiAl3,107.484907172271
BaAu2,44.6597889956834
Ca5Au4,41.5901318172454
Ta2Be,186.817992060847
Sn3Pt2,101.780370672443
TiBe,125.896576783553
YAl,59.583134177009
LiAu3,98.8092526747997
V3Pt,217.710031445627
MnBe2,163.159846441264
Mg2Au,58.416503250352
ScCu,81.1563903443838
ScBi,57.5666869540789
ZrBe2,119.495806176637
ScPt,135.979025709318
Nb3Bi,158.238444786782
ZrSi,141.454945501108
TiSe2,16.1244480348742
SiRh2,219.868676977243
ZrV2,140.20138577308
GaCo,175.826844019109
MnAu2,123.701145333834
YPt2,162.397078084203
TiCr2,198.906534364704
TiFe,193.942907254664
ScCo,120.99641522554
TaCo3,146.850755929918
ScCd,67.0415808284292
Sc2Co,86.7452622983638
ZrCr2,181.142542435136
ScBe5,108.471144069703
LiHg,31.4531173113638
Ta2Co,221.749289190768
NbGa3,122.304232911037
ScGa2,80.1050137080773
TiGa,114.723704455297
VPt,242.973532362449
YGa2,73.3504928890249
ScGa2,73.9464720204251
TaN,337.658846461175
Hf2Ga3,116.67390187786
LiIr,143.874800508225
MgHg2,40.627733658291
ZrTe,93.2992409370039
SrMg,19.0708673065793
Ni3N,197.020587770465
SnIr,154.596482018873
ScIr,165.681249552673
Ni3Mo,230.011174754409
VIr3,319.664541463601
ScRh3,184.318903290039
TePt,47.538570003958
VPt3,241.379142113005
YNi5,147.90942512501
TiCu,130.490451209989
ScPd,114.018130034359
TiTc,206.535266855816
ZrRu,185.339918309107
ZnPt,171.967602000045
VTc,253.946232383477
ScRh,137.713924288377
Sn2Rh,108.143005615668
ScPd3,155.674262488307
ZnPd,139.094193866328
Li2Ca,15.9849770870612
CaAu,46.8277446195271
Mg17Al12,49.6701642376964
P3Ir,170.402068688227
ZrIr3,267.248958516727
VTe2,26.4308331616387
TaSb2,101.896942956343
ReO3,240.083022036528
PdO,159.374758731494
GeAs2,14.8149008421485
MoIr3,336.958408076833
Ti3Pd5,161.78639168835
TiP,138.54250353859
Sn7Ru3,109.398679951168
CdAu,91.6993878752903
YRh5,177.61967968303
Zr2Fe,124.266670180497
SiOs,295.077544986597
Li3Hg,25.8496818196219
MgIr2,196.344965674081
Mg13Ir3,60.2204597089323
ScAl2,87.8057106763596
HfAl,117.126949588956
NbAu2,175.036969869195
MoIr,310.157990483033
Te2Pt,49.4292805552969
Si5Rh4,180.915585836693
TiAl3,105.798346052263
TaCr2,243.957761488677
ScNi5,158.696526875429
ZrAs,117.973162353441
TiAs,116.118650315648
YAl2,79.6095421342455
V3As,193.927343211238
Ti3Hg,118.553010991675
Nb3Ge,171.240286998313
TiOs,248.470914591527
ScB2,191.326247270597
YHg,65.0546032629499
TiPt3,237.057095434155
Mg3As2,53.5637940084472
Pt3Pb,171.875859675453
V3Ni,200.529635009887
ZrS3,22.1754338809158
YNi,78.4863142841584
ZrZn,107.499738297424
SiNi2,202.756805248521
YCo2,114.943455015017
Sn2Pt,93.2712908048166
VNi3,213.092789231371
Mg3Bi2,36.5032032359315
Sc2In,65.0139801752932
CrAs,88.407798888238
Y4C5,100.812005616498
TiO2,180.828051975779
Zr3Au,118.434464447135
Nb2C,219.275854929022
ZrNi3,170.475819543489
YCu,70.2421136430804
SiPd,148.947350039467
Ti3Ir,168.452641663873
Zr2Co,107.260109064159
ZrGa3,97.1007458070195
ZrCr2,179.398650062647
SbRh2,169.217728629276
ZrSb,103.708550258277
WO3,223.438850525053
SnPt3,200.766213162048
NbC,300.148044887863
YAl3,72.2903611619151
ScRu2,189.909545913388
ScOs2,237.196495064874
ZnAu3,124.622772217952
Li15Au4,28.4174470410676
Hf2Cu,123.368839905996
Mg3Hg,43.0128340852319
TiCu3,139.580066641873
Sn4Pt,59.2236768111909
ZrIn3,72.3367814975407
Sb2Pd,84.4596244457498
GaFe3,174.305440475573
SbPt,124.487857100031
TaSi2,185.564853907914
SnPd2,133.393521001957
Zr2Ni,121.82879707514
ZrPd,134.034137339871
TiAu4,143.784306028689
VRu,252.416430031676
ZrO2,183.05128645134
YRe2,202.848192241105
Mg3Ir,75.5882537713671
ScAl,78.1877938010252
ScRe2,225.991663657314
CaAu5,98.8685256099197
Ti8C5,169.910649424218
Sn2Pd,80.650099702625
Si3Ru4,232.283371258926
Co2B,246.740999431763
SbRh,134.74994902976
NaHg,16.9341468342905
TiBe12,121.770353661396
Te4Mo3,32.9829388022978
Nb2Al,160.525371604855
YRu2,166.914128566531
Ni3Ge,174.70867328757
Ti2Ni,141.418273555684
ZrSi,142.091231858312
Ti3Pt5,201.513883721433
Zr2Al,100.118706178194
YSi2,84.8371882292318
V3O5,184.854231710045
Te4Pt3,49.2543832984455
Ti3Sb,109.40500450324
ZrSe3,16.4217022882466
VP2,152.165101961242
NiAs2,112.711993961423
Sc4C3,111.890569166106
Ti3Te4,59.6339669840788
Sb2Rh,103.847802982027
Si3Rh5,198.723082869064
SiPd3,160.832109797642
SiNi2,193.211028095485
VRh3,250.717680647258
InCl,10.2151975757329
WO3,60.3410918608984
V3Au,186.333587369946
TaPt3,261.537622141757
TaNi3,218.508028314518
Zn13Rh,88.0678424392254
ZrRh,156.347548917984
SbPd2,127.120561261972
Sb7Pd20,139.795491408148
Ni2Ge,167.604089928805
TaRh3,260.289475346872
TaCr2,243.082916470948
YHg2,64.3844355921302
VPd2,190.135945761638
Nb3Au,183.763599023591
Mg23Al30,55.724231893707
VAu2,126.753677432722
ZrCu,117.108117434794
TaCo2,243.377469713029
Nb3Au2,172.899965336042
Sb2Pt3,135.276000263729
Zr2Ga,107.114665213619
Zr2Ag,101.290767039787
MgAu,79.4947036262841
SnAu5,114.395764697118
Sn2Ru,117.828084408374
Mg3Cd,39.8842394192823
ScNi,110.485640503523
YCd3,55.811284681931
V3Pd,196.949670722107
ZnNi,146.046429644494
TiB,207.157860211182
Zr3Ga2,111.816739451525
FeCo,189.179697869555
TiAl2,108.559846110263
V3Co,210.630750740839
Zr4Al3,108.128256248422
PdPb2,66.059428621321
TiCo2,167.659240792011
Zr2Ga3,110.728829748378
YMg2,42.844383820091
ZrGa2,99.7757618059074
Ti3Ga,117.998856086092
Ta3Au,202.791224747331
HfCo2,156.488963921341
VIr,272.815977673776
SnMo3,216.811518142327
Mg3Ir,76.7752474336413
TaIr,273.691762590248
Hf2Al3,113.947332920461
YNi3,131.957089328677
ZrS,119.26340605477
SrPd5,107.968604749087
ZrRh3,211.033551178576
Ti3Cu4,132.374941915334
TlPd3,132.922872416779
TiPt8,241.602382817281
TaNi3,221.471118296921
Ti2Sn,115.365445978523
ZrPt3,228.069246843108
YSn3,61.9185747500501
ScRu,144.19768430896
Ta3Sn,178.659973233811
TaPt2,243.07133658818
LiCd,34.8336956556842
VC,306.758645206128
Ti2N,179.00952916459
Si5Pt12,204.889959425935
PtI2,4.08575533791597
TaCo2,221.71168151792
MgCo,77.2556364772513
Ti2Cu3,133.111004038838
Ti2Cu3,131.806377468409
Si4Rh3,179.580629196527
Ti3Rh5,205.124626233649
TiAl2,108.174701065483
TiGa3,99.693469799569
Ti2Cd,91.4069981805044
ZrS,131.037845219613
TiSe,111.743688319474
VPt3,240.743942553926
YIr2,196.129885677965
Ti2Pd3,156.590415618318
V3B4,278.173998010845
TaFe2,228.470242117834
PtO2,45.9050036476771
Ti2Ga,120.849419131651
Zr2Au,119.537577983129
Tl2Pd,54.0939890997716
TiSe,104.778397226504
YPt3,171.87760425906
HfCr2,190.516359414744
Sn3Ru2,127.080359333037
V3Ga,168.27451881217
VPd3,177.638794706043
V5Si3,183.69435432708
Zr2Al3,107.901794443004
V5Si3,193.759280273883
Mg2In,39.9273733330007
TaCo3,246.926502530262
Cr3C2,308.913403382965
MgIn3,40.0691102712167
ZrOs2,264.807737144459
TiAu,137.281192817226
V3Ir,238.926704862789
Ni2Ge,176.986368473582
TiTe,87.0813988543379
ZrSi2,124.68055219991
TiCr2,196.805772541128
TaMn2,242.600071514123
TaPd3,214.211437803319
VPt2,246.364334590811
YCo3,153.834872250014
V3Rh,216.609263119709
PdF3,41.8560387010659
FeF3,103.983384261757
Mg3Au,57.3675169969728
TaBe2,167.593683927903
Sb3Rh,88.9138766923609
Nb3Ir,222.785225352697
Ti3Sn,114.309666255843
ZnPt3,213.416222607591
ZrAl3,100.287278692345
Zr2Pd,123.411726974792
Nb6Co7,213.128245829526
YAu,86.3881391019983
SrAg5,59.4983888946822
Mg2Hg,44.5382820430981
Zn7Mo,102.10467777593
ZrRe2,251.426967448067
ScAg,82.1375011656246
NbIr3,313.421049514519
ScAu,102.787192456064
Fe7C3,242.406511718754
Zr3Sn,102.550430514718
FeB,294.543701149353
Zr3O,133.96646813237
Zn3Ru,137.969164306636
TiCo3,194.1985265179
YFe5,104.76226363619
VOs,283.784605384292
Nb3Ga,165.3815177826
ZrO2,109.324176534117
MgCd3,44.7712697714048
MnAu4,128.546023663027
MnAu,116.306292468433
TiO,236.746167508431
ScCd3,61.0196614943225
VS,164.077486495667
NiAs,133.800117665957
TiO2,151.649324730635
ScAl3,84.2925359830422
Ti2Be17,127.079106459513
TiHg,104.196656912881
TiSi2,142.542353314588
ZrTe3,20.7807757340903
SbPd,103.961412671234
CuAu,134.949674373562
Sc3In,61.8485780594545
TiIr3,294.463907243315
Zr3In,96.6994630341518
SiRu,248.09245737161
VO2,42.1776596485008
Y2C,61.3389622340008
ZrAs2,109.990628721136
Ti3Sb,119.822379134391
V3S4,98.164368007807
YSi,89.4181612612309
ZrP2,126.62027156316
CaAl2,56.463329617296
LiAl3,64.0886202353147
TiS,138.036636423387
ZrAl,108.269871326404
Sb2Au,71.189626888333
BAs,127.881558242294
MgCo2,118.521124880602
Ti3In,108.402411980802
YAl3,71.5568104275308
TiS2,47.0588085943633
NbFe2,195.5639847138
YHg3,59.436415165303
Y3Al,49.3324155574276
VSe2,15.7303920146281
YSn2,58.1225569114775
ZnRh,173.480837669321
TiN,280.939374130413
SiO2,26.0645124118906
PdI2,4.48120672817332
VS,147.442427331037
SrMg2,25.7125608174784
Si2Mo,207.2884576241
HfBe5,131.233035978345
MnIr,266.874637013389
YRh2,152.480681647238
YAl,64.8770714743912
YCo5,148.059288096501
Sn7Ir5,135.199266407287
CoAs2,131.808263948366
SiPt,174.184999286545
ReO3,238.348393141985
ZrGe2,107.231363065539
ScIn3,56.3490118353548
CdAu,89.7832011686795
Si2Pd9,163.277986017993
MgAu3,111.000081687449
ScGe,89.2575795572627
NbB,263.820916937412
SiRh,183.609372271842
W2C,334.175445604878
NiB,259.329259621063
Ca3Au,26.3573867393175
SiRh,221.451359081635
Y2C3,119.621758548571
CoB,302.639838047118
NiAs2,113.902911892637
MnAl,132.966489545488
SiPt3,205.090150512038
Y3Al2,58.4590452447438
Hf2Ge,132.699265905712
Tl2Pt,65.406547187616
V5Sb4,89.3046065633594
YPd3,126.260405619912
TiAl,115.053434247753
Mg2Cu,56.0897219046302
ScHg,75.8333814374203
Ni4Mo,222.524823054318
HfCo,152.863737476548
Ni2B,249.787047758217
TaRu,252.402875488246
TiIr,228.357481168158
HfAl3,106.737290371687
WN,375.045641542159
YOs2,212.331641605824
Be5Au,137.578070667982
P2Ir,193.227994301503
Fe2As,140.235598875139
Ta2Ni,215.28223896963
TiO2,68.4407561290567
YTe,60.1086517284804
Ta5Sb4,106.688208205157
Zr2Sb,106.454734070296
TiNi,152.563333358559
YCd3,55.4386299267069
WO2,228.807004593977
BN,372.748
FeClO,27.6379018325329
MnSnAu,80.0316048656363
FeSiRu2,236.770956507563
LiNbO3,102.393793477469
Sc(MnSn)6,112.526406142515
TiIN,23.8515310169862
TiCuSn,102.809176053413
ZrIN,19.3023070351842
LiCu2Si,104.064291232528
TiNCl,29.0176435153604
YMgPd,70.1809317851633
MgCuSb,67.6102881387597
NbAgO3,190.271864690305
InCuO2,120.799033048173
ScCuO2,135.379559133619
CaPd3O4,165.799200241426
Mn3PdN,158.386686794316
K2PdCl4,12.6954702192626
MgPPt5,197.569525302931
Ag2HgI4,10.7772137644838
CrGaFe2,243.946047750054
CaTiO3,171.994666522876
LiCu2Sn,74.2620286014076
HfAlCo2,172.350258487522
ScBIr3,238.490279692232
CoCuO2,211.104094108433
YCuAs2,89.4316722096456
ScCuO2,137.731775638901
Cr(FeSe2)2,68.5333159538184
Cd(InSe2)2,23.3903206034103
Cd(InSe2)2,25.4671088335287
FeCuO2,143.330517032922
VPbO3,54.4058472675033
CsPbI3,10.220518345988
TiBrO,14.8330783247431
YZnSn,64.2668143505737
Fe3RhN,199.905578811297
Ti3SiC2,184.068619371713
KVF3,67.8243592760801
CaTiO3,174.769431965529
RbVF3,64.8041201647709
Ba(AlSi)2,42.0658565562111
NaNiO2,99.7832473982099
CaMnO3,146.72527027267
TiPbO3,170.98070679521
Hf2SbP,123.597881598539
MgAlSi,68.2049064201082
LiAlO2,142.009702856008
BaTiO3,105.530624143152
LiCaSn,32.8082046346105
YAgTe2,41.382967985598
Cr2FeSe4,48.5929449666774
ScAgSe2,62.4852469044668
MnCo2Sb,150.006661607443
Ba(BeN)2,98.357639097862
NiAgO2,124.372927642925
HfCuSi2,135.422553921245
Mg(BC)2,157.978944702899
TiClO,21.3819135400328
Rb2PdF6,16.5080709450554
NaMgF3,69.6235122780328
CuBS2,114.222502126163
AlCuS2,80.4427632081368
AlAgS2,63.3972743551134
ZnWO4,142.034798727838
Zr6Sb2Pt,119.093659233465
AlAgSe2,51.8846776210822
AlAgTe2,42.3605357730243
Ta4AlC3,237.472464667563
BaFeO3,116.123018432921
ZnAgF3,80.5992380408322
KMgF3,64.07587782546
Ti3AlN,163.271039331561
Rb2PtCl6,10.9710542356039
SrAlSi,52.2877491718578
FeBiO3,109.105961814304
ZrGeTe,58.0588072126988
CsPbBr3,12.8698171918764
SrFeO2,100.593581398736
BiIO,16.9538487446281
SrHfO3,163.237383618569
LiRhO2,121.26436117979
CuRhO2,163.962272022887
Zr2Ni2Sn,132.544840420073
NbAlRu2,230.519133990893
LiFeAs,67.746982140052
Mn2AlCo,158.727352903118
Ba(BiPd)2,59.9444365777928
Cu2GeSe3,59.9224336942105
Y3TlC,75.1091876444251
NaNbO2,145.548541590368
YMgIn,53.9375172331698
HfFeGe,197.173059456218
Cu2SnTe3,45.7393567548013
YMgZn,54.6209617261545
YMgGa,59.6858021661125
NaZnP,44.102970658977
Zr2SnC,127.339082928159
NaZnAs,38.851340103917
Bi2SO2,44.3636708017333
Hf2Al3C4,196.711948812849
HfPbO3,167.439973164102
SrHfO3,152.285445699734
TiPbO3,62.5051778450484
Ti2InC,126.888218304094
Li2CoCl4,24.9623422799455
Zr2CS,165.00914873165
Ti2CS,179.802607478089
NaVO2,114.178662720262
NaFeO2,114.253857301657
ScCuSn,84.1782363798332
NaFeAs,50.1405377582202
SrFeO3,131.382746837627
K2NiF6,17.0272991899606
Nb2InC,158.081619535735
YZnGe,76.29809789782
TiAlPt,161.534154851449
YMgCu,59.5735038096473
GaCuO2,151.259622249538
Ca(MnSb)2,35.0499080372321
SrAlGe,46.5861485418721
Sc3FeC4,178.041297533871
MgSbPd,80.6590789768242
Y(CuSi)2,117.070705900677
Ti2BRh6,227.789378825071
NbGeIr,223.747404559198
K2PtBr4,10.8124806344064
LiAl2Pt,126.875529907979
NiAsS,109.014421403985
Ti3InC,144.969478437009
CaMgGe,46.8294579210578
Ba5Al5Pb,28.6394697103214
Ca3(AlGe)2,46.6881627436719
CuAsS,67.2403684773842
MgAl2Cu,77.945235518753
SrLiP,44.2994690988834
Sr(Li2P)2,42.2934817292715
MnGaNi2,157.810609797912
CuAgTe2,16.0562735273303
ScTlTe2,33.7862586780793
ScTlS2,50.3165720226095
ScTlSe2,40.9478636593352
FeWO4,141.200062024547
ScNiSn,99.5466637529635
BaTiO3,95.0763575049004
CoAgO2,128.020720954397
Sr(AlSi)2,59.042894164132
Ti2AlN,155.363632248258
Y2MgCu2,61.9148524671087
NaNbO3,181.335378553984
VClO,22.1971564125583
Hf5CuSn3,118.208813071797
Zr2InNi2,132.130433622961
HfCoSn,139.833027152378
NbCrGe,195.71686581805
BaAlGe,43.6347943689614
Sc(CuSi)2,120.037808909546
BaNiO3,84.9064133488139
YCuSb2,70.2540346234029
AlVCo2,192.224397835613
HfSiRh,189.713707820457
MgNiSb,85.6932350168399
ScCo3C,214.478806441155
ScSnAu,89.9899301821354
HfGePt,176.83330715207
SrTiO3,172.738442602351
MgAl2O4,180.375591258328
Sr(MnP)2,78.0041213349656
AlPd5I2,19.5895801577265
TiNiSb,128.335214780891
Y3GaC,78.8718775538267
YCoC2,167.26120358804
KIn9Ni2,40.4715866926346
ScSiPt2,173.344080892511
KIn9Co2,46.825512112323
CaCdAu,52.8652571927411
Sc2Si2Ru,122.170542488968
Zr2Te2P,26.6787480929374
RbYTe2,26.8706347519632
MnWO4,127.373049759673
NaCrS2,59.8911204344918
Ag2HgI4,14.024623282757
CdWO4,118.277653495116
Fe3SnC,139.990017524827
Cu2HgI4,18.2401066472227
LiAlO2,93.4281291421097
CaAlSi,57.093192349997
ZrPRu,207.517484977389
BaTiO3,97.275222728986
BaAlSi,48.6377317146924
K2PtCl6,12.4907612121285
Mn3GaC,208.422750881081
FeAgO2,131.314758856239
Ba(CdSb)2,35.6327066847226
LiYSi,62.0890626471899
NaWO3,191.230295641786
CoPtO2,178.597647250128
CoPdO2,152.870918687089
Li2ZrN2,132.168864760151
YSiRh,124.012555039628
AlCuO2,171.74944460015
ScSiRh,147.880501962238
K2NiF4,46.7891061477288
KScO2,97.5965253319663
Cs2PtF6,19.62974908002
AlCuCl4,11.5979132205499
Rb2PtF6,21.6072210737497
MgSiN2,172.760648906754
Hg2AsF6,15.5294218528627
CoMoP,257.900395766741
V2FeS4,90.4344541806903
ZrSO,168.200038093551
Ca(AsPd)2,87.0116448027772
Ca(PPd)2,112.319874044885
KNiF3,74.6759915643542
MgCuP,93.8933241469332
VCu3S4,39.0619845939113
Ba(PPd)2,60.8128368198535
Ba(AsPd)2,55.2943430909921
Rb2PdBr6,12.1021066095472
K2PtCl4,11.795198513674
Rb2PtI6,9.36426505521462
Cs2TeI6,7.80132699267879
Sr(CdP)2,53.3905997293401
Ba(MgAs)2,44.9990657443413
Ba(CdAs)2,44.4017108824731
Sr(ZnP)2,63.2121613481728
Ba(CdP)2,50.757671222017
Ba(MgP)2,51.0469985467461
K2PdCl6,11.9294296285414
Rb2PdCl6,11.4991984753834
Al2HgSe4,31.6901967255378
K2PdF4,23.9876606963578
CaNi4B,132.903747485027
Cs2Pt3Se4,16.8766325467846
Pd(SCl3)2,3.59444672970522
Cu2HgI4,13.6345237626416
K3IO,18.207560378099
ZrVP,176.709353574516
Ca(NiGe)2,89.8062995082363
ZrPbO3,119.349142859055
Ba2ZrO4,106.234891347055
Cs3Sb2I9,8.39562931874291
CoAsS,138.954594870089
Cu2GeTe3,49.1222035549721
Al2SiO5,141.263949763159
MnCuO2,112.047418801511
AlCuO2,170.53146474678
ZrAsRu,187.042026178365
CsCuO,19.9296296880514
YCuO2,114.280216354712
BaSn3Pd,55.0205639813693
RbMgF3,65.2814097194037
BaPPt,79.631181312949
SrAsPt,72.1069711887597
NaRhO2,116.300462332481
Rb2NbCl6,9.46832369316605
CaCuAs,62.9019124334373
Ca(MnP)2,86.5943432379275
Y3InC,76.5677946268022
KYO2,79.6739223378308
K2HfF6,51.9579494956812
ZrCoP,192.673970713888
NbCoP,238.24080668492
K2HfF6,14.4066573010404
TaFeP,263.946996255493
Ba(AsPd)2,63.7352320412892
KAlF4,46.3268502015379
CaCuP,74.3001005358924
BaAsPt,68.8856234299886
KNbO3,104.615499638359
KNbO3,102.648916804054
YCoC,142.522292466779
Ga2NiS4,20.16541449386
NaVF3,68.554251905598
Ba3(AlSn)2,31.0249492443979
Sr3(AlSn)2,36.4041655225204
Y2Al3Si2,86.0710988807946
CaSbPt,82.0998393825329
CaPPt,95.3943282079375
Tl3SbSe3,14.0569210284524
LiNbO2,154.197109669935
Sc(AlC)3,166.440302470953
Ca5(AlSb3)2,39.2026390585526
Zn(GaS2)2,44.030198357244
SrCu2O3,93.9712477749356
Sc2Co3Si,154.849610323806
Nb4CoP,197.351376646856
Sc3InC,97.4432883704746
KZnF3,68.7884799355943
Hf6NiSb2,126.266755538261
Sc3AlC,101.734241171874
RbAlF4,55.9261421848223
RbAlF4,41.9840175503636
SrSbPt,60.473718440548
YCuO2,114.762690054636
NaAlSi,41.3154709887425
ScGeAu,100.061243628072
SbIrS,141.078113259089
MnSiRh,153.520846025745
KCrO2,111.268557294495
RbGeI3,18.0539675327419
Mn3PtN,172.535885176149
Ca(FeP)2,88.759674211933
KPdF3,67.9143463149693
NaVSe2,46.3885445890658
KZnAs,30.9445819746287
ZrTiAs,137.639721788849
Ba(FeP)2,90.14736397691
Zr2NiAs2,138.587474608907
Al2CdS4,38.6883472052695
Hf(FeSi)2,192.711084991054
NaTaN2,136.025927332385
VCo2Sn,175.006550134484
LiTlPd2,95.8539518208521
ZnSiAs2,65.8848808336779
KZnSb,23.7978736565394
Ca(CdSb)2,38.8707732736778
MnNbP,228.002514681395
Ba2CuO3,80.803957435899
Sr(CdSb)2,36.9689767950861
KCuTe,28.7978033087517
Ba(ZnP)2,55.3960246012426
KZnP,36.0814089149205
NaCuSe,41.4206877027634
NaCuTe,35.7116019152365
HfSiMo,188.508229050055
Sr2VO4,130.685203164728
CaNiN,97.8481581698456
Ca2ZnN2,79.9057715048211
ScGeRu,152.24937217732
SrSiPd,68.3910524705903
Ba2ZrS4,55.6318563568729
Cr2NiS4,111.80440590508
Sr2FeO4,111.47136024998
CsSnI3,15.5228392411562
K2CuF4,43.4191462083341
Rb2NiF4,41.0944518954605
Rb2MgF4,39.849698196488
Mg(As2Rh3)2,172.608362869855
NaSbS2,22.5423988523377
FeCuO2,143.7397892967
TaCuN2,203.023941531224
Li2NiO2,113.879008015079
GePtSe,120.581704588268
Li(Co3P2)2,199.256119663695
CaSiPt,101.93163885987
CaSiPt,60.0074799556471
NiAgO2,126.540183535234
Sr2CuO3,97.8250494577091
Y(Al2Cr)4,119.557574602845
CoReO4,162.767242618704
Ca3AsN,59.6588862820327
CsCuO2,28.9387623072423
Ni(RhSe2)2,87.3763733672977
YPPt,127.231869800875
Y3PbC,76.0737128169309
Li2TiO3,110.207232579937
Ca(NiP)2,114.2669302455
RbHgF3,51.3444231044547
Si2NiP3,105.043039483777
NbCu3Se4,33.1677992133355
ScCuS2,83.735243406405
BaNiS2,59.8796746117224
Mn3AlC,215.334203765961
BaZrN2,99.9566830673999
ScAlCu2,107.848217533602
NbPbS2,69.4689535587366
Ba(P2Pd)2,87.6283226274461
Mn2AlV,184.521485556058
AlFeF5,99.87332493267
Fe(SiP)4,115.241014849825
Ca2CuO3,113.443611884227
Si4P4Ru,119.832447088272
CaMg2N2,101.14540009317
Ba3(AlSi)2,35.1707248879744
V2GeC,179.536319056251
ScSiPt,149.079983530593
NbNO,236.5283145596
LiBC,153.150609888003
NbSbRh,152.573555823644
LiSnAu,61.0796469027223
Li2MgBr4,20.7794016623883
NiWO4,151.883665118263
NaNbN2,130.548564110033
TlPt2Se3,23.773466195036
Nb2CoO6,142.868445687267
TlPt2S3,29.120421315577
TaCu3Te4,28.5443326795424
Ba2ZnN2,52.6822921654693
Ni(AsO3)2,147.631272384937
Co(AsO3)2,143.424007161156
Ba2HfS4,57.6062580985571
Zr6FeTe2,113.629748691958
NiMoO4,147.04709586067
NbPSe,128.991922631043
CoMoO4,140.207784459067
Li2SbPd,65.6266771852798
TaNi2Te3,17.6601450084786
SrZrN2,150.007781541668
NbSnS2,70.7093885405966
Al2CdSe4,33.0144234629123
ZrSiRu,191.454515218135
NbSiAs,153.037529985516
Ga2HgSe4,31.5516541824457
Zr2CoP,154.273124354404
NbFeSb,165.815690590307
NbSbRu,168.107387262535
ZrAlNi,138.352377358732
ScCoC2,200.663613120547
SrHfO3,156.735564758326
ScFeGe,101.506584513724
Zr2NiP,151.781925895131
Si3P2Pt,122.606309818418
Ba(NiP)2,74.9451085487828
RbFeF4,36.0003627263695
Mg(AlSe2)2,14.7303332836111
K2AlF5,26.1779045855931
Li2FeBr4,20.3863266896428
Mg(AlC)2,133.912847249703
CrCuO2,153.937338426382
LiFeP,80.3288522389867
SrZnSi,49.2227614649351
Ca(MgSb)2,38.9440664345956
Ba(MgBi)2,31.5080800761947
Ca(ZnP)2,66.904484589555
Ba(MgSb)2,36.075921155745
Sr(MgSb)2,38.6746872272013
Ca(ZnAs)2,57.4704351394834
Ca(MgAs)2,49.6451687610789
NaBeSb,34.7627763494688
Ca(CdP)2,56.8670395635621
Ca3(AlSi)2,49.7392293900426
NaBeAs,45.4061850635968
K2ZnF4,44.2378878045719
HfSnPd,122.433850960781
LiZnN,115.754080864045
LiBeSb,56.6342230926861
NbInO4,161.320559817621
Li2ZrF6,57.8578337074267
Sc6Te2Os,71.9086838529787
Si(NiO2)2,198.54655479519
Zr3(Cu2Si)2,137.719069176155
K2PtF6,26.4052432757751
AlAgO2,153.971969804825
LiVO2,120.096675092211
Li2MnO3,111.735506712667
Ba(CuS)2,65.9579102370663
LiCoF4,61.2777296438747
GaCuCl4,9.69682256788153
Ca(AlGa)2,57.6992651404253
CuNiSb2,91.9200863684336
Ta4FeP,218.525901413565
GaCuI4,4.61773025877717
BIrPd,235.58373960545
Zr6CoAs2,124.495721133655
ZrCo3B2,243.996619938677
Hf2CoP,166.065155592309
NaMgAs,33.3955464585559
YNi4B,156.453758956421
TiSiNi,176.552063966298
CuAuF5,28.4454896378866
NiMoP,241.284890612592
Li2TiF6,49.2846536100693
Mg3NF3,108.559634439976
HfCoAs,181.319443334227
ZrNiSb,134.600935010656
Ga2FeS4,19.4894630309227
CrCuS2,94.2241145371435
ZrSiTe,35.1612138623486
BaZnPb,29.5645763965712
MnTePd,83.5118221456738
Sc3CoC4,179.674870137242
BaCuAs,52.6724570767875
Ca(MnBi)2,32.5861338191178
Ca(MnAs)2,59.5851461364181
Sc2CoSi2,122.530830350104
KMgSb,22.6040284446484
BeAlB,141.068265621727
MnCoSi,160.553278423418
V(MoS2)2,94.7134900840067
GeSb4Te7,21.112000367334
Sc3InB,78.6239516047505
Ti2FeS4,61.1918525038111
Ti2GeC,153.448008463862
Ti2PbC,118.252964555289
YCuSn,75.8205294513811
Nb2PC,223.557895130912
CdGeP2,65.2420515111467
NbNiB,239.206849195278
V(CrC)2,291.102393047312
BaSnO3,133.959542406073
BaZrO3,148.867329247307
ZrFeP,202.29373960397
ZrSbRu,135.573395748334
TaCuS3,43.2978192057472
VSbRu,164.457551721923
Nb4CoSi,191.248351844221
LiSiNi2,148.769715180795
LiAlGe,60.9561857651368
BaAsPd,58.7046409156128
Co2B4Mo,302.722212074611
MgNiBi,66.4796311583294
CdSiP2,74.875078340151
SrAsPd,62.6351621564576
Sc3SnC,102.075847822523
YCo3B2,203.857757291948
YSbPt,96.8667702911528
Li5(NiN)3,78.7664705073604
MnAlRh2,184.446191101859
ZrVSi,155.882818056364
MgCuAs,74.4803360092018
NiGePd,157.336042752615
LiTiS2,67.9169439341132
Sc3BPb,79.3211642558236
Cs2NbF6,20.0628946407473
MnFeAs,110.464644309782
Zn(InS2)2,34.1703734855198
NiSbS,95.7533269174175
ZrBeSi,138.236252945172
ZrMnSi,146.294735868112
HfCuSi,154.856933590516
TaAlCo2,202.773486985581
Li2CdSn,36.7389437403791
Y(SiIr)2,180.436359539955
YAlGe,79.9771832642239
MnNiGe,130.593392346124
TiCuSi,148.392938618801
MnAlPd2,141.404478824633
Hf3(CuSi)4,153.481403783085
MnSbRh,110.676964579977
TePdI,25.4936501680471
Zr6Al2Ni,104.829807247386
HfNbP,178.7254774187
ScNiSb,103.624927882636
Zr(NiP)2,177.428111927776
Nb2AsC,205.65202927255
Rb2PdI6,8.69114464878321
BaHfN2,104.294803223249
MnCoSb,114.409784251239
KNbO3,170.627814373596
ZnSnSb2,40.4091301364594
SrVO3,180.533205778007
BaMgGe,32.7885594023664
MnCo2Sn,169.096679513252
ZrNbP,173.750905062964
Cr3PtN,266.781929511654
ZnFe3C,213.07698420365
TiCoSb,141.991405228781
K2TiF6,26.7553643488064
CuSnRh2,177.222141641121
TiTl2F6,25.2473823770671
VCu3Se4,35.9386599322785
AlCrCo2,203.115171869301
Ba(CuSe)2,54.0797742771676
Tl2PdCl4,13.9029124810518
YTiGe,87.2857992119272
CrCoGe,174.573859548249
NbSiPt,214.952793252754
HfSiPt,192.145511691219
YCo4B,164.155355998244
NbSiRh,221.400699085637
RbScO2,95.0065225372126
TiNi2Sn,155.794940609267
Li2CuAs,50.3649750266584
VSnRh2,188.891078158577
Li2SbPt,81.3313698302412
Y2B3C2,149.411743268922
Y(TiGa2)2,95.2032484943962
SrMg2N2,94.1710927425393
Ca(AlGe)2,57.5883034500262
NbSiIr,244.470674304658
TaSiIr,258.599353373409
Y(MnSi)2,127.573557467112
TaCoSb,163.257593050755
ZrMoP,197.786641242991
BaLiAs,34.0302314473071
TiFeSb,113.40134735953
BaLiP,37.7683399925764
Fe3PdN,187.480450629517
Ca(SiNi)2,104.406551882952
Sc2AlSi2,101.515756355225
NbAlCo2,192.044411608906
BaCuP,57.2644023647649
Ba3(AlGe)2,33.2692263235303
Li2AgSb,46.9376128739325
MnCoGe,161.529081132605
AlFeCo2,187.880732162281
SrCoO3,134.215277257485
ScRh3C,214.967767362922
CaIn2Pd,59.3598423895338
TaSiRh,235.425456751402
AlCo3C,234.45450964741
MgNi3C,175.617544847377
Zr2SbP,113.238097634499
SrCuSb,47.5965903362268
TaCu3S4,38.0904911915927
RbTiS2,52.2454910085748
Mg2Cu3Si,98.1164321958674
Y3AlC,79.6465865086525
MnAlPt,122.912556848747
YMgCu4,92.0463039660597
Ga2HgTe4,24.1377424960487
TiNiGe,157.422356196799
TaNiGe,198.93267674916
CaSiNi2,83.3102818236332
SrNbO3,173.142199696701
Y2AlSi2,84.1434419504679
Ag2PdO2,83.8719911831579
CuAuSe4,28.8835243423633
Ca(AlSi)2,61.7809139065244
YSiAu,92.98977700074
NiAsSe,101.001694439444
Sr2TiO4,126.9818886319
FeBiO3,164.658306291657
SbPdSe,84.2808101247971
SbTePd,80.6530051564864
NiSbSe,90.3908877038804
Zr(SiNi)2,170.808692491803
NiPS,118.283793422892
TiCrP,204.306818684611
Ca(NiAs)2,83.3188123323773
Ca(Al2Cu)4,92.8605099130671
Ti3AlC,152.909427177908
TiAlAu,128.112688264731
CaCuO2,120.575927887937
Rb2PdC2,31.2519054974106
Cs2PtC2,33.2807637028537
Mg(Co3P2)2,202.874570459447
Cs2PdC2,28.6376455303917
Rb2PtC2,36.7756874271885
AsPdS,103.083087440133
ScFeSi,139.432818100065
Nb2CS2,34.6797919729046
Ca(ZnSb)2,43.7468513453519
Sr2PdO3,95.7543103082389
Y2Co3Si5,139.586021412156
Zr6Al2Fe,104.571810712525
MnNbGe,180.111161862116
Ba(Cu3As)2,66.8702406202013
Sc3RuC4,180.181831869336
BaSb2Pd,54.6671929998749
NaAlGe,36.2113214625627
HfBrN,37.9532122545606
LiSn4Ru,68.2194665760538
ScCo2Sn,136.240899136851
Y2Si2Rh,105.590753054438
ZrIN,22.0274620446386
Sc6FeSb2,72.0081775311191
Y6FeSb2,58.8975977842546
VAuS2,105.558124870655
Sc3PbC,96.9600245725794
HfBeSi,147.636454547542
ScBRh3,194.006411791176
SrCuBi,40.2119677045117
VCo2Si,213.110230469293
ZnCdPt2,154.799283690336
Y(MnSn)6,110.129827443483
HfAlNi2,164.503953716469
NaAlO2,133.412360317286
ZnGeP2,74.9233740887374
CuAgS,45.9264761576199
AlTlF4,58.735761026381
CaAl9Co2,84.504469707315
SrGaCu2,52.9959539071539
Hf6CoBi2,112.447644929621
HfGaAu,130.762948420702
Zr6FeSb2,113.177400755138
ScAlPd2,130.558593382192
MnGaPt,122.43127991458
FeAgO2,130.993752569224
KCu4Se3,39.9091639671105
Li2CuSn,51.7105842469038
HfFeP,212.752587253395
SrZrS3,69.6515799845567
TiSiRu,202.248801497253
TiSbRu,140.560267082929
Zr2SN2,159.26764611604
Cr2GaC,179.993600927528
Zr2SN2,156.744698856716
HfCo3B2,254.56403715078
CaSiPt,84.1523871060338
Mn3ZnC,192.083759497339
ZnNiSb,101.95110897113
CsCu3O2,16.8743595197264
BaCuSb,44.9004852858772
K2PtBr6,10.0011425393294
Ta2CS2,38.8134807414797
Y3SnC,82.3694352922211
TiTeAs,83.1952888214891
Cu2WS4,15.5164507431048
YSiRu,130.336024797042
Rb2WCl6,9.6235305017335
BaZnSi,43.9335661406753
CaIn2Pt,66.860247256999
ScTaO4,177.153383229707
ScNbO4,166.892036138822
NaLi2Sb,29.4139761631257
Ca(SiPd)2,108.111915889863
ZrSnTe,81.762714028312
CaIn2Cu,48.4160853833344
BaCuBi,36.7776504693607
CaGePt,89.8611335142011
Sc3GaC,100.171931222192
MnNbSi,209.06088229115
SrGePt,68.1440392746729
TiPRu,220.810386336107
Ba(ZnSn)2,43.5796354323133
Na2PdC2,45.7942155271068
Mg(BeN)2,184.949899850169
ZrCuSi,146.558830276798
In5Se5Br,27.2194871476009
ScNiP,151.578764288804
CaSn2Pd,60.007370814203
Ni(BMo)2,296.23444849653
CaSn2Ir,76.9152590507264
YMgTl,53.9026530500306
V2PC,227.160407125255
Ca(MgBi)2,34.559550022021
SrSnPt,69.5657598526795
Li2CuP,60.4566322819309
YSnAu,78.3604975991816
NbSiPd,194.892000024562
AlCr2C,188.811815538557
CoBW,334.812895108244
YTiSi,89.4537355940713
CrCuSe2,76.6835787666336
MgCuBi,57.0231682623761
HfSbRu,146.972883349073
Ti3TlN,150.406400861435
TiCo2Sn,168.165816892387
LiAg2Ge,65.2469977636949
LiZnP,65.3139830393264
Tl2WCl6,14.6477124423044
MgSiP2,71.623279622982
HfGeSe,111.843205837485
CaMgSn,40.3638134164663
CaSiPd,66.0173585130725
NbCrN,279.985603999738
BaZnO2,83.0689692717273
CoSbS,112.789194811079
Zn3(InS3)2,53.1541351280072
CaCuSb,52.4225198836356
LiMgAs,46.605325566995
Al(CoSi)2,175.449906754394
YInPt2,120.950103500831
Ca(ZnSi)2,70.0251837377265
Rb2Pt3S4,21.3089497293336
LiNbS2,82.5442889019022
As2PdO6,141.814146798849
NaTiS2,51.9659660600497
ScBrO,22.381890171571
NbCu3S4,39.6644018853362
K2WCl6,12.2317962484326
AgSbTe2,49.7932553586812
LiB6C,196.903467473295
LiBF4,10.8614748275629
Li2ZnGe,48.4037511017667
NaMgF3,70.4193860898668
LiSn4Ir,69.0271831095775
MnAlCu2,123.795848970215
TiAlCo2,177.697024629998
MgSiO3,199.508808651478
Sr2BrN,43.3776291484406
Zr3(Cu2Ge)2,132.703826844409
Ba(ZnAs)2,48.3960889792799
Ca(CoP)2,101.214723988496
MnCoP,198.621479239106
Rb2ZrCl6,9.380354402131
Rb2TiCl6,11.0905740440286
Tl2PtCl6,11.2919017074236
CaFeO2,109.713338081869
SrNi2Ge,71.6601951306966
SrCuAs,56.4864134297307
Ca2GaCu2,49.8637172197007
SrZrO3,152.932068147966
SrNi3Ge2,89.2301590440036
Ti2GaC,138.983019428398
AlVFe2,217.579549104846
ZrCoSn,138.020512457488
LiMgBi,31.2593513690444
K2TiCl6,11.8767384483966
VBrO,31.9723944975704
KZnSb,23.9784727379294
Sc3SnB,82.6910443615272
Y(Sn3Ru2)2,120.155074448756
ScSnPt,118.613056948765
Ni(AgO)2,125.582432971866
Na(CoO2)2,69.582362568381
Sc3RhC4,178.14045847422
Zr6Ga2Co,109.464346243424
Zr6Al2Co,106.474020768395
CaAlAu,66.8873592427834
VFeSb,160.392511454145
CsPbBr3,13.0093096935316
RbPdF3,70.3960741061976
Ti2Te2P,20.6891890867876
ZrGaAu,124.528677847241
Li2B4O7,40.5737928429652
TiGaPt,162.602367953006
Mg(AlSi)2,63.9937464482769
ZrGeS,119.35935271247
LiCuO2,80.9075391318106
AlCuTe2,51.6696602342996
AlCuSe2,62.5189746586189
NbCrP,211.858087863534
TaCu3Se4,31.4748659418228
MnFe2Si,232.867825781062
Rb2NiF6,14.4799923956018
Nb4AlC3,215.588650079961
SrHfO3,155.891762856058
ZrCuF6,14.3852251294439
FeBiO3,162.167524741929
SrMgGe,39.8838988049398
ScMnSi,117.944577773821
SrHfO3,154.642514980726
Ti2SbP,114.252323165233
HfPRu,221.070963349355
Al(CrB)2,227.111116757378
Y(SiAu)2,116.102639883884
YCuPb,67.7229387780195
ScCo3B2,222.544377807642
ZrCoBi,116.816322754316
YInAu2,89.4429935057065
K2PdBr4,9.36952279569908
ScCrC2,209.409133317812
Na(CuS)4,58.258177945161
RbScO2,95.0842513623659
Ca3AlSb3,37.8855596207262
Nb2ZnO6,140.938324182622
HfAlCu2,134.711725252905
Rb2WBr6,14.6077406796014
Na5SiP3,30.110685116953
NbCuTe2,66.864173407946
Rb2CoF6,16.4753349667943
YZrSb,80.0908488908788
ZrSbPd,128.479795787671
K2Sn2O3,23.1777932013602
Cd2As3I,34.8509812787772
Ca(CoGe)2,97.2685963852416
Ta3AlC2,224.585347002557
Nb4SiNi,190.56673523362
Li3B7O12,63.1260330245107
Ba5Al5Sn,29.757685494581
CrAgSe2,63.9208993638188
RbPt2Se3,24.545983459504
KPt2Se3,25.7877288753525
Ti3AlC2,158.521438245449
LiCu2P,79.3065850112228
BaGePt,64.9512067854821
BaZnBi2,31.8014829879947
KCoO2,63.2612581297179
BaNiO3,85.2437235851821
HfSO,137.042379590152
MnWN2,288.416450910046
Nb5SiSn2,162.308648268313
ScCuSi,111.198806684447
Mn3GeC,241.579997778788
TiGePd,150.253151282699
Zr(CuP)2,128.611263643144
Fe2B4Mo,308.276192754919
Mg2Al2Se5,14.6859518081836
MnNiGe,144.008703926121
ScSbPd,96.7954122485819
BaNb4O6,185.079160982753
Ti2SnC,135.396013186869
SrMgSi,42.9809029479682
Mn3ZnN,194.923492381224
Bi2Te2Se,13.7881052082924
FeAsS,142.736897586553
YAsPt,110.401480471322
V2AsC,203.077105804572
TiAsRh,178.457049160265
CoAsRh,194.74842609981
KZnAs,30.666873071742
SrAl9Co2,82.7003224132483
Zn(GaTe2)2,28.3697078957535
Fe3PtN,214.101989510933
MnAlGe,113.92276515624
Zn(GaSe2)2,36.7949341693245
Y2MgSe4,51.7247207009327
Y2Si4Mo3,156.102694280911
Ba3WO6,95.2281280748945
YAl2Co,89.228880374638
HfVGe,154.762430200506
MgSbPt,88.6931427227627
Sc2FeSi2,119.756927793495
Fe3NiN,190.955691109821
Y(CoSi)2,145.14756270777
CdSbAu,70.5401352454829
MnFeAs,158.610669137703
YSi2Rh3,174.086945115424
SrTiO3,168.452515821931
CaZnGe,49.3011939094994
Ca(GePd)2,83.3163172572918
CaZnSi,54.7327091249266
ScRu3C,233.701810709445
Mn3AgN,140.843018358112
MnCoGe,144.212021115813
ScSbPt,109.904645853599
SrCuP,66.4695724883255
ZrCuSi2,128.832470031423
Nb4FeSi,191.258037929389
Zr2CuSb3,91.0139009490811
Sr3(AlGe)2,40.5862577199009
ZrMnGe,98.9359006475477
CoAsS,130.607531260689
FeCo2Si,201.691114357077
Ti2CuSb3,91.8781080268728
LiMgN,95.5152334820303
Hf2CuSb3,96.1704027124702
Ba(FeS2)2,40.6180629330494
Ba(FeAs)2,77.1802099747712
MnSiNi,164.594765170928
Ba(MgSi)2,49.3305653062109
BaAl9Fe2,79.3079891852189
TiCoSi,180.788286623295
YInPt,100.808102490008
BaSbPt,57.5222203328159
ZnCo3C,216.75384303457
Mg(P2Rh3)2,204.42176337353
ZrNiBi,104.490754465647
SrTiN2,121.34584429249
Ge2Sb2Te5,22.6601161619209
LiSn4Rh,63.6272321174693
CaCdSn,41.9684531988119
Ti3In3Rh2,121.813180277714
Li2AlRh,80.318115540868
CaSnPd,66.784700302194
ScInPt,109.363452053127
CaInPd,60.6081827431054
CaSn2Rh,66.0718418631965
MnSnPt,107.852802052223
LiAl2Rh,118.575046202074
GaCo2Ni,180.375942110163
TiSiRh,187.069668160217
Zn(InSe2)2,22.8059979567333
ScSnPd2,124.120301595985
KPt2S3,32.2042031231082
HfSiSe,82.7139769654792
LiIn2Ru,101.967917807144
LiMg2Ga,41.5605578639842
HfGeS,127.360937338316
Hf(CoSi)2,190.499551266625
Ba(MgGe)2,43.2083169080447
KCu4S3,47.5224938624663
ScNiBi,88.6672616259387
Ba(MgPb)2,32.0058476486066
HfSiS,135.092670933885
MgCdAg2,69.3220436072207
SrMgSn,35.9041776928764
TlCu4S3,46.0104418180856
YAlPd,92.8793579422613
TiCoGe,171.391952293686
LiAl2Pd,104.176373034108
ZrSnIr,159.912328326957
Si2Ni6B,209.858992276937
YSnPd2,107.75645491691
MgSnAu,66.7629548565098
CaZnSn,46.1628956176106
CaZrS3,69.2135888054731
Sr(ZnAs)2,54.1553338833965
CsCu3S2,15.2490733464496
Li2ZnSn,37.5784946942086
CaPdPb,57.1129872105391
HfMnSi,162.3266775004
Sc(Al2Fe)4,126.428837102068
CaInPt,72.0318328840397
ScSiNi,132.364202792187
LiSbAu,55.4471208470453
Li2Sn2Au,47.4486552129145
Y(FeSi)2,139.729086616267
CaGaPt,82.5959909795718
BaZnSn,34.5457713165515
BaZnGe,39.7224215120415
Y(Al2Cu)4,100.798018868756
Li2SbAu,53.4923446427392
AlFe2Mo,225.310105150771
ZrCdCu2,114.931022252075
K2MgF4,46.7453928733049
Sc(MnAl2)4,103.206644415958
LiAl2Ir,134.960007867155
Y(SiPd)2,132.072451911809
TiAlFe2,184.560137098332
CrGaCo2,198.464061241188
Y(SiRh)2,155.507223750387
Ba(CuAs)2,57.409982970892
Sc(CoSi)2,158.502768673328
Ba(NiAs)2,63.6843566575412
VAsRh,183.340189720836
MgCuSn,63.1475331376884
Sr(CdAs)2,46.1922779437879
Ca(CuSi)2,92.9078694225949
Ca(CuGe)2,78.267458105996
Rb2Sn2O3,24.0662875094077
MnAlFe2,196.022196411712
Zr4CuP,119.855004888544
Ti2FeSe4,58.5535109470118
K2MgCl4,21.616924967049
AlAgS2,76.0570051751372
HfCo2Sn,163.786824523571
TiFe2Sn,181.401012675526
MnSbPt,110.480966483643
YTlPd,82.9342895261775
HfSiTe,30.9967399114363
TiSnPt,136.519870769772
Rb2ZrF6,21.9444112841722
Cs2ZrF6,20.8891003611397
Rb2HfF6,21.8916493323211
Cs2HfF6,20.3187306019299
YNiBi,77.4669987350174
Zn(InTe2)2,23.5816869316115
Al2ZnTe4,29.3437176678325
Al2HgS4,37.8959536840712
Y(SiOs)2,166.330475175142
Al2ZnSe4,38.0960754046326
In2HgTe4,19.8207140323717
Al2CdTe4,25.6295660274175
Cd(InTe2)2,21.1133642223329
Al2HgTe4,26.0022173753169
Ga2CoS4,44.195989342905
NaScO2,104.064623194451
Y(SiRu)2,150.513241881664
HfGeTe,94.9773423639703
YMgAg,57.5598538639365
YInNi,86.1955392234737
Co3SnC,205.743923741477
LiZnGe,51.3782051203824
Sc3TlB,73.8314917066132
TaGaCo2,202.166279959191
YNiSb,93.998947629921
HfGaCo2,174.277173907813
Ca(ZnGe)2,59.0375594097125
LiZnSb,46.5232854322673
ZrSO,130.148550415161
LiZnAs,54.7382212036708
NaMgSb,26.912130539787
CaMgPb,36.0515129261543
Cr2GeC,202.303060115878
Y2CdS4,61.6673839390391
LiMgP,55.1253581620807
LiMnO2,115.59174272966
SrCuO2,110.220702055616
LiMnO2,101.893827820924
AlBMo,211.062851364666
Mn3SnC,208.624241391732
TiAlCu2,134.461658030355
Mg2NF,103.840258669779
V2NiSe4,23.0179556235183
MnCo2Si,219.29081069828
K2PdF6,24.4619140625211
FeWN2,224.313404258314
Al(FeB)2,202.896023645234
CdHgO2,77.0911437023397
HfAlPt,163.345672185323
NiTePd,119.697929066218
Zn(InSe2)2,30.1718734487079
LiAlSi,62.9925175433653
CaAlPd,61.8049732756535
BaNbO3,167.457151789288
Sc3IrC4,189.922359491866
Y(Al2Fe)4,123.097297949336
VCoSi,209.417580946452
Ti6Si2B,148.865311306134
Mg(InTe2)2,22.5038531282195
Zn(GaS2)2,44.9373872578032
CoBMo,304.9859885334
Sb2S2O,12.8949558983214
CaMgSi,50.3027392055159
ScOF,103.772294692184
MgWO4,121.762110631258
ZrSiS,124.582200502366
Sc3TlC,97.0463171484578
ZnNi3C,189.962511031902
TiCo2Ge,179.077482245582
Sc6FeTe2,67.7729615502769
Li2AlPt,87.7391436377247
TlSbS2,13.544984820334
LiBO2,59.9724972534561
MgCu4Sn,100.273593345909
NbNiP,217.79466887169
Hf2SnC,137.778616511467
MnAlCo2,191.788405398407
MgMnGe,79.6825646512554
BaNiSn3,55.5483924965591
NaZnSb,29.5980080902953
CuWO4,86.7837012763132
Sc(FeSi)2,171.639852139309
TiGePd,148.453388308664
NbCoSb,155.939295629899
YMgAl,57.4400111536909
Nb2CrSe4,76.1861578624904
Ba2HfO4,109.903811117513
MgCu2O3,92.9975694671079
Ca(CuSn)2,60.9221700804113
CaMnSi,44.6117221885743
SrHfN2,156.360277020903
TlAsPd5,136.269461046036
ScAlAu2,113.866190631029
V2NiS4,101.44394742003
CrFeP,238.123559069388
Ba(AlGe)2,41.9202359987889
TiCo2Si,201.334006710642
MnSiIr,162.367219153698
In5S5Br,31.5072208941913
CuBIr,191.183854679616
BiTePt,86.2999634317225
BaTiO3,163.211279507665
TiFeSi,183.31229573792
Ca(CuP)2,86.0155920286593
YTiGe,84.4958510329531
Ca3(SiIr)4,131.563643103115
Ba2PdO3,86.2138071200051
Nb3TeI7,12.2821976613177
ScSiAu,112.80629405644
Sr(MgAs)2,47.5336684189039
ZrMnP,174.628612659655
ZrSiSe,85.626235743452
Zr2InCo2,132.350100136079
YBPt2,159.170092945715
YSnPt,108.406715042781
Nb3SBr7,12.5213374326308
BaCoO3,86.0560309219888
BaCoO2,78.7365078445727
NbInS2,58.1940576358195
CrCuO2,154.66480677339
TaSbRu,175.472235936825
CrWN2,262.277360464032
MgMn2O4,139.562450836525
TiSiRu2,242.909450832992
Li2MgCd,30.178321798351
Mg(BeAs)2,76.2031945402765
Y(AlGe)2,71.3296358165192
Y3Al7Cu2,88.0070193429035
Ti3SnC2,158.263390615776
LiInGe,42.9650770083629
TiAlPd2,165.826551531416
CuMoO4,78.1044345617609
VCoSb,140.939959476089
MnSbRu2,204.631332540331
BaAl9Ni2,78.6073384193133
Li2VO2,111.968312000344
FeGeRu2,227.23543627465
YRh3C,196.645227701158
AlFe3C,230.120278959367
CoReB,349.539579258422
TlPd2Se3,21.2058244963213
Li(YSi)2,67.9233578785663
LiTiTe2,37.9979972010008
HfSiPd,169.347839330396
TlInS2,46.6410481033471
Li2SnAu,57.8304835629545
Hf2InC,129.540329966724
Ca2SiIr2,97.1411309944288
MgMoN2,246.397146580893
Na2MgSn,23.0141930810442
Sr2HfO4,123.410274888521
V2CuO6,46.4438023224458
Li2CuSb,53.2907649002969
Y2CuO4,145.078795901126
Ti2CdC,111.788114010882
ZrNi2Sb,145.042071392506
ScNiGe,123.616721389055
Mn3Al9Si,117.089885680916
Zr4In5Co2,89.405228419699
Nb2SnC,160.086962453837
MnGePd,127.384502965503
Ba(NiP2)2,97.78278090557
Ba(SbPd)2,62.5110116961741
YAlNi,92.0774742797544
SrInPt,62.2898009865727
BaGe3Pt,75.09120220994
YCuSi,90.4731515017603
Zr2InC,118.534724456458
Sr(MnAs)2,54.260274660514
ZrVGe,145.783568336006
Na2PtC2,51.5664646450596
ScCuSi,112.133282617115
AsPdSe,93.7061628022058
ZrTiTe4,14.7498491779218
Li2AlPd,68.4348081549872
Hf3(Cu2Si)2,148.104772169866
YSiPd2,126.328321682764
Hf3(Cu2Ge)2,143.063645187412
NbPS,135.823721217718
YAlSi,88.4427016946454
Sr(ZnSb)2,42.031679334493
YMnSi,88.9653641529129
MgSn4Ru,74.0614505759261
Sr3(AlSi)2,43.1065223454716
TlTe3Pt2,22.0995021820476
Sr(MnSb)2,33.7010008482433
Sc6NiTe2,72.721712816083
Y2ReC2,123.731621410171
LiSn4Au3,62.1989944749966
Nb2CS,193.156993270582
Ca(AlZn)2,61.3868613710674
Ca(SiAu)2,92.9302863795344
YNiSn,90.5101277088812
Ca(CoAs)2,83.2399827627631
HfAlPd2,163.469991586565
NaCuO2,63.0324351819351
Ti2AlC,136.910119292941
YSiNi,112.213469580288
Ti3TlC,145.731827514749
ScPPt,149.419595833865
AlCrFe2,236.400435790861
ZrGeSe,102.388649014424
Li3PS4,21.4714899179678
MnNiSb,109.193179804482
Rb2NbF6,23.3324270571044
TlSbTe2,30.3349826513825
Hf2NiP,166.715139802941
NiMoP2,189.319576736454
Hf(CuP)2,132.91179033633
CdSnP2,56.8974984483335
CrNiAs,128.890559586476
HfMoP,207.565039198722
NbCrSi,212.444857045821
Y(SiIr)2,175.19060787899
Y(AlSi)2,76.9639228910648
Mg2SiPt,98.6314025187226
Ba(CoAs)2,69.4550173415423
MgAsPt5,181.857661039565
YCBr,22.9707693654562
NaTiO2,98.3589573123386
KCuSe,34.1115654318941
Y3Al5O12,168.5808
