formula,Temperature,Rho (Ohm.cm)
SrDy0.08Ti0.92O3,400.0,0.004
La0.05Ca2.85Co3.8O8.55,700.0,0.02510973
Tl0.02Pb0.98Te,700.0,0.00536364
Bi1.2S1.2Ti2S4,300.0,0.000324
Pb1.8S1.8Ti2S4,300.0,0.00046
Zn4Sb3,300.0,0.00230891
Cu2Te,700.0,4.7424E-04
Sn.985Na.015Se (hole doped)   C axis,400.0,1.5421E-03
Zn4Sb3,700.0,0.00316607
Cu1.8Ag1.2SbSe4,400.0,0.01129858
Li0.0242Ni0.9758O,1000.0,0.003874392
CaGd0.98Mn0.02O3,400.0,0.027541002
YbCd1.8Mg0.2Sb2,300.0,0.003227785
Ba8Au5.59Si39.01,300.0,0.00234
Cu2S.54Te.46,300.0,5.1974E-03
CeFeCo3Sb12,700.0,0.00608923
Sr0.8La0.2TiO3,400.0,0.000533678
In0.2Co4Sb12,400.0,0.00174818
Mg2Si0.999Bi0.001,700.0,0.003167
Ba8Ga16Si30,300.0,0.00122
Ti0.95Nb0.05NiSn,300.0,0.000350664
La1.73Sr0.27Cu0.94Ti0.06O4,300.0,0.0039
Zr0.35Hf0.35Ti0.3NiSn,400.0,0.00555251
Zn0.98Al0.02O,400.0,0.00128825
WO2.9,300.0,0.00123823
Bi.48SB1.52Te3,700.0,0.003268293
Zr0.5Hf0.5NiSn,300.0,0.00974787
CeFe3.5Co0.5Sb12,300.0,8.93E-04
Cu2.1Zn0.9SnS4,300.0,0.042
CaMn0.98Nb0.02O3,700.0,0.028358
Cu2HgSnSe2Te2,700.0,0.003004802
Fe1.3Mo6S8,300.0,0.00065
CaGd0.94Mn0.06O3,400.0,0.011351356
MgAg0.97Sb.985Pb.005,400.0,0.003572581
CuRh0.99Mg0.01O2,700.0,0.0458
CuFe0.9Cr0.1O2,1000.0,0.0532197
Cu1.98Ag.02Te,700.0,1.3428E-03
Mg2Si,700.0,0.004125
CaGd0.96Mn0.04O3,700.0,0.011666665
TiNiSn,300.0,0.031417889
BaCu5.7Se.6Te6.4,300.0,3.4270E-02
CuCrO2,300.0,18.3684
Mg1.9Ca0.1Si,300.0,0.002117
TlCr5Se8,400.0,0.016
CeFe3CoSb12,400.0,0.00162618
In0.05Co4Sb12,300.0,0.00597571
CuRh0.9Mg0.1O2,1000.0,0.00407907
Mg0.9975Li0.0025Ag0.97Sb 0.99,300.0,0.002048647
MgAg0.97Sb.98Pb.01,300.0,0.003362903
Tl9BiTe6,300.0,0.00642
Cu1.97Se,400.0,1.0497E-02
In0.3Co4Sb12,300.0,0.00151015
In0.3Co4Sb12,700.0,0.00228108
Bi.88Ca.06Pb.06CuSeO,400.0,0.006206655
Ca3AlSb3,400.0,0.5376
In1.998Ge0.002O3,700.0,0.00337115
BiSbTe,400.0,1.6631E-03
Mn1.3Mo6S8,300.0,0.000690385
NaCo2O4,1000.0,6.00E-04
Cu3Sb.96Bi.04Se4,400.0,0.053422323
Mg0.96Li0.04Ag0.97Sb 0.99,700.0,0.00152379
In0.15Co4Sb12,400.0,0.00212784
Ti0.99Nb0.01NiSn,300.0,0.001155085
Fe1.98Sn0.02O3,400.0,0.515440005
CaMnO3,1000.0,0.177489866
Ca0.9Sm0.1MnO3,400.0,0.007468985
SrNd0.2Ti0.8O3,700.0,0.001953125
Mg3.07Sb1.5Bi0.45Se.05,300.0,0.012669456
Sr0.8La0.2TiO3,300.0,0.00061297
Ca0.98La0.02MnO3,700.0,0.065049112
LaNiO3,400.0,0.00284295
Ca2.7Bi0.3Co4O9,700.0,0.009095
Cu3Sb.93Sn.05Bi.02Se4,300.0,0.001132196
Cu2ZnGe0.9In0.1Se4,400.0,0.00529
Ba8Ni.32Ga13.63Ge32.05,1000.0,0.002238062
Nd2Cu0.98Zn0.02O4,1000.0,0.0371163
TiNiSn,700.0,0.00217
ZrNiSn0.98Sb0.02,300.0,5.98E-04
Ba8Ni4Ge42,400.0,0.003696869
Ca0.9In0.1MnO3,300.0,0.214993195
La0.8Sr0.2CoO3,400.0,0.000446684
Ba0.8Sr0.2PbO3,400.0,0.000476044
Cu1.8Ag1.2SbSe4,700.0,0.010437
CuRh0.9Mg0.1O2,700.0,0.00319853
YbCd1.4Mg0.6Sb2,300.0,0.014324595
Zr0.25Hf0.25Ti0.5NiSn,400.0,0.00338128
Cu3Sb.8Bi.1Se4,700.0,3.3259E-06
Cu1.98Ag.02Se,400.0,1.1169E-02
Zn4Sb3,400.0,0.00266982
Bi1.90Ta0.10O2,300.0,0.006710098
Zr0.4Hf0.4Ti0.2NiSn,700.0,0.00176663
Bi.035Sb1.65Te3,400.0,1897032.915
NbCoSn,700.0,0.00203039
Bi.48SB1.52Te3+2%(MnSb2Se4),700.0,0.002471545
TlCr5Se8,300.0,0.014
Ca3Co4O9,1000.0,0.002271
Ca0.9Ho0.1MnO3,700.0,0.00981132
Cu3Sb1Se4,700.0,0.016140642
Nd2Cu0.98Ni0.02O4,700.0,0.0216164
Ca0.9La0.1MnO3,400.0,0.006990172
SrTi0.8Nb0.2O3,300.0,0.004618298
Sr0.9Y0.1TiO3,700.0,0.00344
Yb9Mn4.2Sb9,700.0,0.005534334
SrMn0.96Mo0.04O3,1000.0,0.0229475
CaYb0.4Mn0.6O3,1000.0,0.0110794
Cu2HgSnTe4,400.0,0.000537733
Cu3Sb.9Bi.1Se4,700.0,0.034249439
Y2Ru2O7,400.0,5.732274775
BaCu5.7Se.6Te6.4,400.0,2.6237E-02
MgAg0.97Sb.985Pb.005,700.0,0.002108871
Fe1.98Ti0.02O3,700.0,0.179726815
Na.98CoO2,400.0,0.0119
YbCd1.6Mg0.4Sb2,300.0,0.006139112
W0.9O2.7Co0.2O0.3,1000.0,35.73279019
MgAg0.97Sb.98As.01,300.0,0.001701987
Ba0.09La0.04Yb0.14Co4Sb12,1000.0,0.000456768
Ca2.97Na0.03AlSb3,400.0,0.0461
Cu0.985GaTe2,400.0,0.00240467
Cu2S.5Te.5,1000.0,1.1018E-02
La1.9Sr0.1CuO4,400.0,0.00381517
Ti1.8Hf0.2FeNiSb1.7Sn0.3,300.0,0.003211304
Ca0.9Bi0.1Mn0.9Nb0.1O3,1000.0,0.014545545
Ca2.94Na0.06AlSb3,1000.0,0.0134
La1.85Sr0.15CuO4,300.0,0.00112686
Bi0.5Sb1.5Te2.7Se.3,400.0,0.001088
La3Te3.35Bi0.65,400.0,0.00535
Bi.38Sb1.62Te3+1.5%(Ge.5Mn.5Te),300.0,4.7784E-04
Sr3Ti1.6Nb0.4O7,400.0,0.002173913
Zr0.35Hf0.35Ti0.3NiSn,300.0,0.00860507
Ba8Ni4Ge42,1000.0,0.00191816
Ti0.99Nb0.01NiSn,1000.0,0.001142318
Zn0.99Al0.01O,400.0,0.00709234
Mg2Si0.98Ag0.02,400.0,0.413
Ca0.9Bi0.1MnO3,700.0,0.004997002
Zn0.9925Al0.0075O,700.0,0.0111002
Mo6Te7S,1000.0,8.33E-04
Si0.7956Ge0.1989P0.0055,1000.0,0.002504
Ba8Ga16Ge30,700.0,0.00123
Cu2ZnGe0.975In0.025Se4,700.0,0.00496
Ca2.85Na0.15AlSb3,1000.0,0.0125
Bi2Sr2Co2O8,1000.0,0.0036682
Nd2Cu0.98Ni0.02O4,1000.0,0.0229546
SrNb0.15Ti0.85O3,700.0,0.055185202
Cu3Sb.8Bi.1Se4,300.0,4.7565E-06
Sr0.9Y0.1TiO3,400.0,0.001259
Bi.84Ca.08Pb.08CuSeO,700.0,0.005890957
NaCoO2,1000.0,0.01466
Si0.79936Ge0.19984B0.0008,700.0,0.00218446
La0.45Ca2.55Co4O9,300.0,0.043094346
Mg0.99Li0.01Ag0.97Sb 0.99,700.0,0.001190712
Mg3.07Sb1.5Bi0.48Se.02,700.0,0.00865272
Cu1.98Ag.02Te,1000.0,1.7061E-03
Cu3Sb.96Bi.04Se4,300.0,0.054034765
Bi1.90Ta0.10O2,400.0,0.006602564
Pb0.96Sr0.4TeNa0.2,1000.0,0.003154574
Fe1.98Sn0.02O3,700.0,0.213016592
SrMn0.96Mo0.04O3,300.0,0.0154019
CuInTe2(annealed 1hr),300.0,0.028972656
Cu2.075Mg0.925SnSe4,300.0,0.005320054
Ba0.4Sr0.6PbO3,700.0,0.00351048
Cu4.0Mo6S8,1000.0,0.00217885
Bi2Te2.5Se0.6,700.0,1.9732E-03
Sm1.7Ca0.3MnO3,300.0,0.248876
YBiRu2O7,700.0,0.001901516
SrNd0.24Ti0.76O3,1000.0,0.003194888
Ba8Ga16Ge30,400.0,0.0009
Cu3Sb.99Bi.01Se4,400.0,0.040868259
Mg2Si0.9985Bi0.0015,400.0,0.000902
MgAg0.97Sb.985As.005,400.0,0.002284768
In0.2Co4Sb12,400.0,0.00128767
Yb9Mn4.2Sb9,300.0,0.003176145
Ba8Ni4Ge42,700.0,0.002485645
Tl2SnTe5,300.0,0.00433
SrNd0.2Ti0.8O3,400.0,0.001474926
Zr0.3Hf0.3Ti0.4NiSn,300.0,0.00845644
Znx0.06Bi0.46Sb1.54Te3.06,700.0,0.0019581
Fe1.96Ti0.04O3,400.0,0.21392342
Si0.9Ge0.1,1000.0,0.004144
SrNb0.15Ti0.85O3,400.0,0.375476856
Znx0.015Bi0.46Sb1.54Te3.015,300.0,0.0010931
Ca0.7Y0.3MnO3,1000.0,0.00707093
Cu0.99GaTe2,400.0,0.006218242
La0.45Ca2.55Co4O9,1000.0,0.01759148
Y2Ru2O7,1000.0,0.084481186
Ca2.4Na0.3Bi0.3Co4O9,1000.0,0.007622
Zn0.98Al0.02O,1000.0,0.001819701
Ba8Ga16Ge30,1000.0,0.00171
Zr0.25Hf0.25Ti0.5NiSn,700.0,0.00163327
Sn.985Na.015Se (hole doped)   B axis,300.0,6.5839E-04
Bi92Sb8,300.0,0.000160849
LaOBiS.14Se.06,700.0,6.22622108
NaCo2O4,400.0,3.54E-04
Zn0.9925Al0.0075O,300.0,0.0103143
Y0.5Bi1.5Ru2O7,1000.0,0.001190611
Ba8Ga16Ge30,700.0,0.00161
Cu1.98Ag.02Se,300.0,2.2699E-03
Zn0.9975Al0.0025O,300.0,0.296735905
Cu2.1Zn0.9SnSe4,300.0,0.001163
Cu2ZnGe0.95In0.05Se4,400.0,0.00571
Cu2ZnSn.90In0.10Se4,700.0,1442622.951
Mg.305(Sb.03Bi.07).1999Te.001,700.0,0.001876031
BI.4Sb1.580Ge.020Te3,700.0,1.5090E-03
Zn0.97Al0.03O,1000.0,0.0170727
Bi.048SB.152Te.3+.005wt%PbTe,300.0,5.5874E-04
Cu1.97S,700.0,7.2629E-03
Mg2Si0.98Ag0.02,300.0,1.24
Na0.02PbTe,400.0,0.000569421
Bi2O2Se,400.0,#DIV/0!
Zr0.98Nb0.02NiSn,700.0,0.00087395
Tl0.02Pb0.98Te,300.0,0.00239394
SrTi0.8Nb0.2O3,300.0,0.001451379
NbCoSn,1000.0,0.00259029
(BiSbTe1.5Se1.5).997Ag.003,700.0,9.8751E+01
Cu2ZnSn.90In0.10Se4,300.0,2606557.377
Zr0.5Hf0.5NiSn1.998Sb0.002,300.0,0.002408
Cu0.01Bi0.5Sb1.48Te3,300.0,0.000619066
CuInTe2(annealed 7 Days),400.0,0.007436097
Ca0.92La0.08MnO3,1000.0,0.015706625
Ba8Ga16Ge30,300.0,0.002817
CeFe2Co2Sb12,300.0,3.91E-03
CeFeCo3Sb12,400.0,0.00985308
CaMnO3,400.0,0.460937
Cu1.98Se,1000.0,0.00325
Mg2Si0.6Ge0.4Bi0.02,1000.0,2.20E-03
Mo6Te6S2,400.0,8.87E-04
Zr0.15Hf0.15Ti0.7NiSn,700.0,0.0016849
Cu3Sb.98Sn.02Se4,700.0,0.003866354
(BiSbTe1.5Se1.5).994Ag.006,400.0,7.6287E+01
La0.45Ca2.55Co4O9,400.0,0.03725033
Cu1.98Ag.02Te,400.0,4.6559E-04
(BiSbTe1.5Se1.5).991Ag.009,300.0,7.9578E+01
Cu2ZnGe0.95In0.05Se4,300.0,0.00686
Ca0.9Y0.1MnO3,700.0,0.00591553
La3Te3.8Sb0.2,400.0,0.000589
Bi0.5Sb1.5Te3+.5wt%Pb,300.0,0.001326453
La0.98Sr0.02CoO3,400.0,0.033806484
La.95F.05OBiS2,300.0,0.007137978
Bi.98Ca.01Pb.01CuSeO,400.0,0.005480977
Ba0.6Sr0.4PbO3,400.0,0.00127204
Bi.84Ca.08Pb.08CuSeO,300.0,0.00870334
Zn0.95Al0.05O,1000.0,0.018318575
Cu3Sb1Se4,400.0,0.033083225
Cu2S.5Te.5,400.0,2.9764E-03
Ca0.9In0.1MnO3,700.0,0.230797637
Ti2FeNiSb1.7Sn0.3,1000.0,0.003554924
Ca3Co4O9,1000.0,0.008968
Cu3Sb1Se4,700.0,1.6187E-06
In2O3,300.0,0.0135192
Bi2O2Se,700.0,0.294285714
Zn0.97Al0.03O,1000.0,0.019382024
Ca0.96La0.04MnO3,400.0,0.015255507
Na.98CoO2,300.0,0.01133
Ca0.7Tb0.3MnO3,1000.0,0.00558501
Si0.8Ge0.2,300.0,0.001495
YbCd2Sb2,700.0,0.003200041
LaOBiS2,400.0,4.300771208
Pb0.96Sr0.4TeNa0.2,300.0,0.000678887
Pb0.96Sr0.4TeNa0.2,700.0,0.002123142
Pb0.98Sr0.2TeNa0.1,700.0,0.003012048
LiMn2O4,400.0,85.3104
Ba8Ga16Ge30,300.0,0.000662
Bi2YO4Cu2Se1.80I.20,300.0,0.001795635
Bi.48SB1.52Te3+2%(MnSb2Se4),400.0,0.001707317
Ba8Ni4Ge42,300.0,0.003446085
Sr0.9Y0.1TiO3,1000.0,0.006614
Ca4.75Na0.25Al2Sb6,400.0,0.00544
Ca0.9Pb0.1MnO3,400.0,0.052469201
Cu2Se,300.0,1.1272E-03
WO2.722,1000.0,0.000304651
BI.4Sb1.590Ge.010Te3,400.0,1.5090E-03
Cu3Sb.98Bi.02Se4,700.0,0.017984649
CuCr0.99Mg0.01O2,700.0,0.472214
CuCr0.98Mg0.02O2,300.0,1.04523
Mo3Te4,1000.0,7.23E-04
Cu2ZnSnSe4,400.0,409836.0656
CuRh0.99Mg0.01O2,300.0,0.1314
Sb1.95In0.05Te3,700.0,0.0015516
La2.99Te4,400.0,0.00061
Cu3Sb0.9Bi0.1S4,300.0,0.037459344
CaMn6.5Cu0.5O12,700.0,0.0500867
Ti1.0Hf1.0FeNiSb1.7Sn0.3,700.0,0.003457815
Sm0.5Ca0.5MnO3,300.0,0.00955255
Ca3AlSb3,300.0,1.199
SrNb0.15Ti0.85O3,300.0,5.017057997
Bi1.88Ta0.12O2,300.0,0.0071777
ZrNiSn,400.0,0.008742023
Cu3Sb.99Bi.01Se4,700.0,2.2112E-06
Li0.0066Ni0.9944O,700.0,0.031620853
Cu2.075Mg0.925SnSe4,400.0,0.006007016
Bi0.4Sb1.590Ge0.01Te3,400.0,0.00067
Sr0.9Y0.1TiO3,300.0,0.000878
BaCu5.9SeTe6,300.0,150.5617978
Sr0.146Ga0.285Ge0.569,300.0,0.00194
Yb14MnSb11,700.0,0.0034632
In1.9Ge0.1O3,400.0,0.00143465
Fe1.98Sn0.02O3,1000.0,0.162304991
SrNd0.17Ti0.83O3,1000.0,0.0041841
Sr3Ti1.6Nb0.4O7,300.0,0.001858736
CaMnO3,1000.0,0.087496719
CuCr0.99Mg0.01O2,400.0,1.75771
LaFe3CoSb12,400.0,0.00183033
CaMn0.98Ru0.02O3,700.0,0.0241829
CuInTe2(annealed 3 Days),700.0,0.007046172
Zr0.99Nb0.01NiSn,1000.0,0.001214574
Ba8Ni2.97Ga3.94Ge39.09,1000.0,0.002250752
MgAg0.97Sb.98Bi.01,700.0,0.002165563
Cu3Sb1Se4,300.0,3.5141E-06
CaYb0.15Mn0.85O3,700.0,0.00481615
Bi0.5Sb1.5Te2.25Se.75,700.0,0.00584
BaCu5.9STe6,400.0,75.50561798
CeFe2Co2Sb12,700.0,0.0048781
CaMnO3,1000.0,0.0834071
Ba0.08La0.05Yb0.04Co4Sb12,300.0,0.000408131
Zr0.25Hf0.25Ti0.5NiSn,700.0,0.00188843
SrNd0.2Ti0.8O3,300.0,0.001838235
Pb0.98TeNa0.2,700.0,0.002252252
Fe1.98Sn0.02O3,300.0,1
CaMn0.96Ru0.04O3,1000.0,0.0126982
NaCo2O4,300.0,2.11E-03
Fe1.96Ti0.04O3,700.0,0.09422584
Zr0.5Hf0.5NiSn1.994Sb0.006,400.0,0.0012526
SrNd0.17Ti0.83O3,700.0,0.002269632
YbCd1.6Mg0.4Sb2,400.0,0.007568877
Bi0.5Sb1.5Te3,300.0,0.002585549
LaOBiS.12Se.08,400.0,2.483290488
Sr2Ti0.8Nb0.2O4,300.0,0.004761905
In1.994Ge0.006O3,400.0,0.000942337
Cu2Se,700.0,0.0042
Bi2YO4Cu2Se1.85I.15,700.0,0.028730159
Ba8Ni1.90Ga8.04Ge36.06,400.0,0.002297114
La2.74Te4,700.0,0.00425
Zr0.35Hf0.35Ti0.3NiSn,700.0,0.00234825
Cu2ZnGeSe4,700.0,0.01269
Ba8Ni2.97Ga3.94Ge39.09,700.0,0.00386735
Sr0.9La0.1TiO3,400.0,0.001650323
Cu2HgSnSe2Te2,300.0,0.002341634
CuInTe2(annealed 7 Days),1000.0,0.006158482
LaOBiS.10Se.10,700.0,4.030848329
CaMn0.98Nb0.02O3,300.0,0.02
Sn.985Na.015Se (hole doped)   A axis,700.0,2.3781E-02
Bi2Te2.6Se0.6,400.0,9.3963E-04
BiSbTe1.5Se1.5,400.0,7.5249E+01
In2O3,400.0,0.0149487
Cu2Te,300.0,1.8030E-04
Cu1.2Ag1.8SbSe4,400.0,0.01338174
Zn0.99Al0.01O,300.0,0.006778
Pb0.96Sr0.4TeNa0.2,400.0,0.000844595
Ca0.94La0.06MnO3,400.0,0.012167108
Cu3Sb0.98Bi0.02S4,700.0,0.16056338
CaMnO3,700.0,0.233107
Bi2YO4Cu2Se1.9I.10,300.0,0.005746032
Ca2.97Na0.03AlSb3,700.0,0.0172
Bi1.92Ta0.08O2,700.0,0.010842105
Cu3Sb.9Bi.1Se4,300.0,0.054034765
Ca2.7Bi0.3Co4O9,300.0,0.01035
La2.74Te4,400.0,0.00268
Cu3Sb0.9Bi0.1S4,400.0,0.029829364
CuCr0.95Mg0.05O2,300.0,0.0754474
BiCuSeO,400.0,0.002852018
Bi2Sr2Co2O8,300.0,0.0021239
CuCr0.97Mg0.03O2,700.0,0.0485233
WO2.722,300.0,6.45796E-05
Yb1.4Bi0.6Ru2O7,1000.0,0.00297746
Bi.80Ca.10Pb.10CuSeO,300.0,0.009983099
Bi0.5Sb1.5Te2.5Se.5,300.0,0.000624
Si0.8Ge0.2,1000.0,0.003342
Bi0.4Sb1.580Ge0.02Te3,700.0,0.00066
Pr0.5Ca0.5MnO3,300.0,0.0552875
CuInTe2(annealed 7 Days),700.0,0.005835551
Ca2.94Na0.06AlSb3,400.0,0.0337
CaMnO3,1000.0,8.44E-02
CaMnO3,700.0,0.103099
BaPbO3,300.0,0.000433737
Bi92Sb8,400.0,0.000155432
Ca0.9Tb0.1MnO3,700.0,0.00831725
BI.4Sb1.590Ge.010Te3,300.0,9.1711E-04
BI.4Sb1.6Te3,700.0,2.2745E-03
BiSbTe+(T2O3)6%,300.0,2.0533E-03
W0.99O2.97Co0.02O0.03,700.0,86.02520539
Ba8Ga16Ge30,700.0,0.00141
Cu2S,700.0,6.0110E-01
YbBiRu2O7,400.0,0.00169298
Bi0.5Sb1.5Te3+1.0wt%Pb,400.0,0.001022223
Bi.38Sb1.62Te3,700.0,2.0058E-03
CuCr0.99Mg0.01O2,300.0,6.11207
Cu3Sb.96Sn.02Bi.02Se4,400.0,0.003580318
Fe0.978Co0.00196Si1.96Y0.12O0.18,1000.0,0.0214
ZnO,700.0,1.786
Cu3Sb1Se4,400.0,0.034020918
(BiSbTe1.5Se1.5).988Ag.012,700.0,1.2472E+02
CuRh0.96Mg0.04O2,300.0,0.011
Znx0.12Bi0.46Sb1.54Te3.12,400.0,0.0011787
Nd2Ru2O7,300.0,1.536
Cu3Sb.96Bi.04Se4,400.0,5.3590E-06
Ba0.06La0.05Yb0.02Co4Sb12,400.0,0.000633605
Ca2Co2O5,700.0,0.00144731
Fe1.94Ti0.06O3,300.0,0.41152094
CeFe4Sb12,700.0,0.00130209
CaYb0.4Mn0.6O3,300.0,0.0152199
Bi.48SB1.52Te3+1%(MnSb2Se4),700.0,0.002317073
Bi.48SB1.52Te3+4%(MnSb2Se4),400.0,0.002642276
Mg3.07Sb1.5Bi0.46Se.04,300.0,0.013623431
CuCrO2,700.0,3.4081
WO3,300.0,1402.658318
Cu3Sb.98Sn.02Se4,300.0,0.002214308
Znx0.03Bi0.46Sb1.54Te3.03,400.0,0.0016332
LaOBiS.14Se.06,400.0,3.922879177
Cu2Se,700.0,3.9811E-03
La0.05Ca2.85Co3.8O8.55,1000.0,0.019086118
BaPbO3,1000.0,0.000858552
CaMn0.98Ru0.02O3,1000.0,0.0279999
In1.9Ge0.1O3,700.0,0.0017302
La2.99Te4,1000.0,0.000974
Cu3Sb0.94Bi0.06S4,400.0,0.028508495
W0.99O2.97Co0.02O0.03,400.0,707.6990581
SrTi0.8Nb0.2O3,1000.0,0.002564103
CaMn0.98Nb0.02O3,400.0,0.0215409
Na0.02PbTe0.85Se0.15,700.0,0.00160579
Cu2HgSnSe0.8Te3.2,700.0,0.001600907
La1.95Sr0.05CuO4,1000.0,0.0191756
CeFe2Co2Sb12,400.0,3.85E-03
Mg0.9975Li0.0025Ag0.97Sb 0.99,400.0,0.002543324
Zr0.99Nb0.01NiSn,300.0,0.00109507
Cu1.98S,300.0,2.5551E-02
Ca0.98La0.02MnO3,400.0,0.046114613
Bi.98Ca.01Pb.01CuSeO,300.0,0.005873384
Cu0.99GaTe2,700.0,0.004097866
Ca0.9Y0.1MnO3,300.0,0.017755745
SrMn0.98Mo0.02O3,1000.0,0.0355363
Tl2GeTe5,300.0,0.02314
CuInTe2(annealed 1hr),400.0,0.031410585
Bi.48SB1.52Te3+2%(Mn.8Cu.2Sb2Se4),400.0,0.001504065
AgCrSe2,700.0,0.0328604
Ca0.96Sm0.04MnO3,700.0,0.00825459
CuGaTe2,400.0,0.037295415
Na.96CoO2,300.0,0.01082
BiSbTe3,300.0,1232846.739
Mg3.07Sb1.5Bi0.46Se.04,400.0,0.01223431
Mg3.07Sb1.5Bi0.47Se.03,300.0,0.013221757
Sr0.9La0.1TiO3,300.0,0.002614215
Ca0.92La0.08MnO3,700.0,0.013632206
CeFeCo3Sb12,300.0,0.0104532
Na.96CoO2,1000.0,0.01312
Cu1.97S,300.0,1.2643E-02
Mg2Si0.6Ge0.4Ag0.02,300.0,0.0513
YbCd1.8Mg0.2Sb2,700.0,0.005033979
LaNiO3,700.0,0.00460122
Cu2ZnSn.85In0.15Se4,300.0,2885245.902
CaMn6.5Cu0.5O12,400.0,0.172634
CaMn0.98Nb0.02O3,1000.0,0.0308794
Mo6Te6S2,300.0,8.57E-04
Zn0.9975Al0.0025O,700.0,0.041277
Zn0.99Al0.01O,700.0,0.003981072
Mg3.07Sb1.5Bi0.48Se.02,400.0,0.009322176
CuCr0.98Mg0.02O2,400.0,0.119099
Bi2YO4Cu2Se1.9I.10,400.0,0.004905149
Sr0.61Ba0.39Nb2O6,700.0,0.008
Cu2S,700.0,6.2560E-01
Zn4Sb3,400.0,0.00258969
Cu3Sb.98Sn.02Se4,400.0,0.002470911
Bi2YO4Cu2Se2,700.0,0.004469136
BiSbTe1.5Se1.5,700.0,7.6994E+01
Pb0.98Sr0.2TeNa0.1,400.0,0.000706714
Na0.02PbTe0.85Se0.15,300.0,0.000413223
Fe1.98Ti0.02O3,300.0,0.887847148
Ca2Co2O5,400.0,0.00146667
Ba0.8Sr0.2PbO3,300.0,0.000462332
Cu3Sb.9Sn.1Se4,300.0,0.001119488
Ca0.9Sb0.1MnO3,700.0,0.067066382
Ba8Ga16Sn30,300.0,0.0111
Mn1.3Mo6S8,400.0,0.000736538
NaCo2O4,700.0,3.40E-03
Ca0.98Bi0.02Mn0.98Nb0.02O3,300.0,0.02032591
Cu4.0Mo6S8,300.0,0.000831731
Zn0.97Al0.025Ti0.005O,1000.0,0.017394965
Ca5Al2Sb6,400.0,0.409
Tl0.02Pb0.98Te,400.0,0.00290909
Bi.88Ca.06Pb.06CuSeO,300.0,0.006760778
Cu2ZnGe0.975In0.025Se4,400.0,0.00598
CaMn0.9Ru0.1O3,400.0,0.00395648
Zr0.15Hf0.15Ti0.7NiSn,400.0,0.00313369
Fe0.978Co0.00196Si1.96Y0.04O0.06,1000.0,0.0122
Zn0.97Al0.03O,300.0,0.0213949
In0.25Co4Sb12,700.0,0.00165666
La2.99Te4,700.0,0.000802
Ca3Co4O9,700.0,0.009901
Cu2ZnGeSe4,400.0,0.0187
Sn.985Na.015Se (hole doped)   B axis,700.0,5.6987E-03
MgAg0.97Sb.98Pb.01,400.0,0.003479839
LaNiO3,1000.0,0.00621929
Bi2YO4Cu2Se1.95I.05,300.0,0.001431396
ZrNi0.76Co0.004Cu0.2Sn,300.0,8.76E-03
Ca3Co4O9,1000.0,0.026053065
Sr0.61Ba0.39Nb2O6,300.0,0.00282598
CuFe0.9Cr0.1O2,300.0,0.107079
Zr0.15Hf0.15Ti0.7NiSn,300.0,0.0048146
La1.85Sr0.15Cu0.94Ti0.06O4,300.0,12.61
Zr0.25Hf0.25Ti0.5NiSn,300.0,0.00494914
Nd2CuO4,700.0,0.0243757
Cu0.98GaTe2,300.0,0.00141965
BiCuSeO,300.0,0.002857143
Cu3SbSe4,300.0,0.03946204
Bi2Te3,300.0,0.00055
La0.98Sr0.02CoO3,700.0,0.001096478
Mg1.95Ca0.05Si,700.0,0.002554
Ca3Co4O9,700.0,0.028737366
Bi.38Sb1.62Te3,300.0,8.4559E-04
Zn0.95Al0.05O,700.0,0.046832485
Cu2ZnSn.85In0.15Se4,700.0,1655737.705
Sn.985Na.015Se (hole doped)   B axis,400.0,1.1379E-03
Cu3Sb.98Bi.02Se4,700.0,0.018089466
CuInTe2(annealed 1hr),700.0,0.008394148
CaMn0.82Ru0.18O3,400.0,0.00310502
Sr0.95La0.05TiO3,700.0,0.009176669
Ti1.8Hf0.2FeNiSb1.7Sn0.3,700.0,0.003763643
BiCuSeO,700.0,0.002717949
La1.9Sr0.1CuO4,300.0,0.00280286
Bi0.4Sb1.6Te3,700.0,0.00044
Sn1.2S1.2Ti2S4,300.0,0.000478
Si0.8Ge0.2,700.0,0.002454
La1.95Sr0.05CuO4,400.0,0.0107975
CaMn7O12,1000.0,0.0405007
CaYb0.05Mn0.95O3,400.0,0.0106095
Cu3Sb.95Sn.05Se4,400.0,0.001984354
WO2.722,700.0,0.00020161
CaMn0.94Ru0.06O3,700.0,0.00892335
Cu3Sb0.98Bi0.02S4,400.0,0.360694618
BI.4Sb1.585Ge.015Te3,300.0,8.2215E-04
BiSbTe+(T2O3)2wt%,700.0,3.3333E-03
La3Te3.8Sb0.2,300.0,0.00053
Bi.048SB.152Te.3+.005wt%PbTe,400.0,9.8193E-04
Zn0.995Al0.005O,700.0,0.0154224
Ca0.7Tb0.3MnO3,300.0,0.00607036
Bi2YO4Cu2Se2,1000.0,0.006188034
Bi1.90Ta0.10O2,700.0,0.009155556
Cu2ZnSn.95In0.05Se4,700.0,1106557.377
CaMnO3,400.0,0.24169
BI.4Sb1.6Te3,400.0,1.7358E-03
Ba8Ga16Ge30,1000.0,0.00223
Zr0.5Hf0.5NiSn,700.0,0.00236129
Bi.94Ca.02Pb.02CuSeO,700.0,0.004674228
Sr0.61Ba0.39Nb2O6,700.0,0.0014
CaMn0.9Ru0.1O3,1000.0,0.00673792
MgAg0.97Sb.985Sn.005,300.0,0.002967742
CuCr0.99Mg0.01O2,1000.0,0.365988
Sr0.95La0.05TiO3,400.0,0.004427365
Ca2.4Na0.3Bi0.3Co4O9,700.0,0.008503
Bi.92Ca.04Pb.04CuSeO,1000.0,0.005097814
Sn1.2S1.2Ti2S4,700.0,0.002174
Ca0.9Y0.1MnO3,1000.0,0.00710372
ZrNiSn,1000.0,0.001589818
YbCd1.6Mg0.4Sb2,700.0,0.008710043
Ba0.08La0.05Yb0.04Co4Sb12,700.0,0.000634104
Zn0.95Al0.05O,400.0,0.001548817
Cu2HgSnSe0.8Te3.2,400.0,0.001327833
La1.67Sr0.34Cu0.94Ti0.06O4,300.0,0.0032
Cu2ZnGe0.95In0.05Se4,700.0,0.00618
CuRh0.9Mg0.1O2,400.0,0.00196
Ti0.95Nb0.05NiSn,400.0,0.000395775
NaCoO2,400.0,0.0125
In1.998Ge0.002O3,300.0,0.00210578
CuCr0.96Mg0.04O2,1000.0,0.0442664
Ba8Ga16Ge30,300.0,0.00066
Bi83Sb17,400.0,0.000285183
Bi88Sb12,400.0,0.000167887
In1.8Ge0.2O3,300.0,0.00287298
Ca0.9Bi0.1Mn0.9Nb0.1O3,300.0,0.007325377
(BiSbTe1.5Se1.5).991Ag.009,400.0,7.0161E+01
CeFe3CoSb12,1000.0,0.00230374
Cu2S.52Te.48,400.0,3.3598E-03
Ca0.96La0.04MnO3,700.0,0.02167829
YbCd1.8Mg0.2Sb2,400.0,0.003727588
YbCd1.2Mg0.8Sb2,700.0,0.009683354
Ba0.09La0.04Yb0.13Co4Sb12,400.0,0.000365148
Ca2.7Na0.3Co4O9,400.0,0.005294
Cu4.0Mo6S8,400.0,0.001025
ZnO,700.0,0.084836351
Cu2S.5Te.5,300.0,2.9764E-03
LaOBiS2,700.0,5.290488432
CuRh0.9Mg0.1O2,700.0,0.00392099
Bi0.4Sb1.590Ge0.01Te3,300.0,0.00111
Sb2Te3,400.0,0.0005308
Mg.305(Sb.03Bi.07)0.19975Te.00025,400.0,0.002615984
Sn.985Na.015Se (hole doped)   A axis,300.0,2.7475E-03
Cu1.98S,1000.0,2.2009E-02
Cu2S.52Te.48,1000.0,5.4556E-03
SrNd0.24Ti0.76O3,300.0,0.002247191
Cu3Sb.93Sn.05Bi.02Se4,700.0,0.002154435
Ca0.9Bi0.1MnO3,1000.0,0.005189333
La0.9Bi0.1NiO3,1000.0,0.00608691
CaYb0.1Mn0.9O3,300.0,0.00389918
Cu1.97Se,300.0,1.2743E-02
CuCr0.97Mg0.03O2,1000.0,0.0470555
MgAg0.97Sb.985As.005,300.0,0.002072848
MgAg0.97Sb.98Pb.01,700.0,0.001899194
Cu2ZnGe0.925In0.075Se4,300.0,0.01318
Ni2.0Mo6S8,1000.0,0.000468269
Ag0.15Sb0.15Te1.15Ge0.85,1000.0,0.00127604
Sr0.147Ga0.298Ge0.555,300.0,0.00262
Zn0.97Al0.02Ti0.01O,1000.0,0.015898605
Cu2ZnSnS4,700.0,0.1935
CuCr0.98Mg0.02O2,1000.0,0.232176
Ti1.6Hf0.4FeNiSb1.7Sn0.3,700.0,0.00358038
MgAg0.97Sb.985Sn.005,400.0,0.003064516
Cu2HgSnSe4,300.0,0.014547691
Cu2.05Mg0.95SnSe4,300.0,0.006862005
Bi2Te2.3I.1Se0.6,300.0,5.4433E-04
Cu2ZnGe0.9In0.1Se4,300.0,0.00621
Cu2Se,1000.0,7.4473E-03
 Bi.048SB.152Te.3///Bi.048SB.152Te.3+Xwt%,300.0,7.7936E-04
CuCr0.95Mg0.05O2,1000.0,0.0408004
Zn0.9975Al0.0025O,700.0,0.065316786
W0.9O2.7Co0.2O0.3,300.0,561.0255547
SrMn0.98Mo0.02O3,400.0,0.0260503
La1.85Sr0.15CuO4,700.0,0.00253868
Ca0.9Tb0.1MnO3,400.0,0.0107547
Pr0.5Ca0.5MnO3,700.0,0.0160953
Ba0.6Sr0.4PbO3,700.0,0.00117492
ZrNi0.76Co0.004Cu0.2Sn,400.0,6.95E-03
Ca0.9Ce0.1MnO3,400.0,0.006446871
Sr0.8La0.2TiO3,700.0,0.00119206
NbCoSn,300.0,0.00122831
CaYb0.05Mn0.95O3,700.0,0.0155708
Zn4Sb3,300.0,0.00210707
Na.96CoO2,400.0,0.01136
Nd2Ru2O7,300.0,2
Ba8Ga16Ge30,700.0,0.001418
BiSbTe,700.0,2.2449E-03
Sn.985Na.015Se (hole doped)   C axis,300.0,9.6272E-04
Cu3Sb.9Sn.1Se4,700.0,0.002002568
Fe0.998Co0.002Si2,1000.0,0.00605
Cu2.1Zn0.9SnS4,400.0,0.0224
CuCr0.96Mg0.04O2,400.0,0.0660993
Mg1.9Ca0.1Si,400.0,0.002141
Cu3Sb1-xSnxSe4,300.0,0.001105734
Ca0.9Sn0.1MnO3,400.0,2.301596618
BaCu5.9SeTe6,400.0,121.7977528
TiNiSn,300.0,0.0075
WO3,1000.0,64.85589021
Bi0.4Sb1.580Ge0.02Te3,300.0,0.00148
Cr1.3Mo6S8,400.0,0.000551923
Cu2S.54Te.46,700.0,5.5894E-03
Nd2Ru2O7,400.0,0.38
CaMnO3,700.0,0.485187234
Cu2ZnSnS4,300.0,2.8927
Ca2.94Na0.06AlSb3,300.0,0.0589
Ba8Ni.84Ga12.07Ge33.09,700.0,0.002085825
Ca0.9Bi0.1MnO3,400.0,0.003996595
Cu2ZnSnSe4,700.0,459016.3934
Mg2Si0.6Ge0.4Bi0.02,400.0,1.27E-03
Mg3.07Sb1.5Bi0.44Se.06,300.0,0.014811715
Bi0.5Sb1.5Te2.5Se.5,700.0,0.001984
Ca0.9Sn0.1MnO3,300.0,2.197937455
Cu3Sb.8Bi.1Se4,400.0,5.9280E-06
NbCoSn,400.0,0.00141493
Ca3Co4O9,700.0,0.002313
Cu2.1Zn0.9SnSe4,700.0,0.001235
(BiSbTe1.5Se1.5).997Ag.003,400.0,8.3166E+01
CeFe3CoSb12,700.0,0.00201791
Zn0.97Al0.01Ti0.02O,1000.0,0.013252247
Ca0.9Bi0.1Mn0.9Nb0.1O3,700.0,0.007633259
Ba7SrAl16Si30,400.0,0.000660331
Mg2Si,400.0,0.001976
CaMn6CuO12,1000.0,0.0204067
Zr0.5Hf0.5NiSn1.998Sb0.002,400.0,0.002168
CuRh0.9Mg0.1O2,300.0,0.00248814
Ca0.9Ho0.1MnO3,400.0,0.00739839
Cu2ZnSn.90In0.10Se4,1000.0,100
Ba0.4Sr0.6PbO3,300.0,0.00412774
Ca2.85Na0.15AlSb3,700.0,0.0122
Mg2Si0.993Bi0.007,700.0,0.000569
Ca2.7Bi0.3Co4O9,1000.0,0.007831
Nd2CuO4,300.0,2.91889
Cu1.5Ag1.5SbSe4,400.0,0.0126255
Bi.88Ca.06Pb.06CuSeO,700.0,0.004834925
Ba8Ga16Sn30,400.0,0.0115
Ba8Ga16Ge30,400.0,0.00084
Bi.48SB1.52Te3+4%(MnSb2Se4),300.0,0.001813008
CaYb0.05Mn0.95O3,300.0,0.00919163
La1.725Sr0.28CuO4,1000.0,0.00222519
La0.8Sr0.2CoO3,1000.0,0.000597035
W0.9O2.7Co0.2O0.3,400.0,175.7080154
Sr0.145Ga0.302Ge0.553,300.0,0.0129
Ca4.75Na0.25Al2Sb6,1000.0,0.00939
Ca0.9Sm0.1MnO3,1000.0,0.007834535
Fe1.98Ti0.02O3,400.0,0.491905692
In0.3Co4Sb12,400.0,0.00179338
In1.994Ge0.006O3,300.0,0.000836795
La0.99Sr0.01CoO3,300.0,0.15703628
Ba8Au6.10Si38.97,300.0,0.000617
La0.9Bi0.1NiO3,400.0,0.0026727
Ca3Co4O9,300.0,0.001971
Cu2.1Ag0.9SbSe4,700.0,0.011077
Bi2YO4Cu2Se1.9I.10,700.0,0.008743961
Ca2.4Na0.3Bi0.3Co4O9,400.0,0.009225
SrTi0.8Nb0.2O3,1000.0,0.005626132
Cu0.99GaTe2,300.0,0.006135778
Ca0.9Y0.1MnO3,1000.0,0.017598384
In1.94Ge0.06O3,400.0,0.000995442
Sr2Ti0.8Nb0.2O4,1000.0,0.013333333
Cu3Sb0.9Bi0.1S4,700.0,0.024978683
Fe1.3Mo6S8,700.0,0.000759615
CeFe2.5Co1.5Sb12,400.0,0.00287783
CeFe2.5Co1.5Sb12,700.0,0.00330908
Ca0.7Ho0.3MnO3,1000.0,0.00422589
Zn0.95Al0.05O,700.0,0.002089296
In1.94Ge0.06O3,300.0,0.000896151
Cu2Se,1000.0,0.0078
Fe1.3Mo6S8,1000.0,0.000825962
Cu3Sb.98Bi.02Se4,400.0,3.7644E-06
Ba8Ni1.90Ga8.04Ge36.06,300.0,0.001909919
Bi2Ru2O7,1000.0,0.00068672
Bi.48SB1.52Te3+1%(MnSb2Se4),400.0,0.001560976
Ca2Co2O5,300.0,0.00146827
Sb2Te3,300.0,0.0003368
CuRh0.9Mg0.1O2,300.0,0.00179525
In1.985Ge0.015O3,1000.0,0.00143465
Zn0.995Al0.005O,400.0,0.00616595
MgAg0.97Sb.985Bi.005,700.0,0.002152318
MgAg0.97Sb.98Bi.01,400.0,0.004099338
(BiSbTe1.5Se1.5).991Ag.009,700.0,8.2959E+01
Cu2S,1000.0,8.7992E-02
CaMn6.5Cu0.5O12,300.0,0.513021
La.50F.50OBiS2,300.0,0.002629781
In1.985Ge0.015O3,300.0,0.000722981
Bi.048SB.152Te.3+.005wt%PbTe,700.0,1.4651E-03
Ti2FeNiSb1.7Sn0.3,400.0,0.003233107
Ba8Ni.84Ga12.07Ge33.09,1000.0,0.001892588
Pr0.5Ca0.5MnO3,400.0,0.0298067
Bi2Sr2Co2O8,700.0,0.00276581
La0.95Sr0.05CoO3,400.0,0.007277798
SrTi0.8Nb0.2O3,400.0,0.004541079
Ca2.7Na0.3Co4O9,1000.0,0.007283
Zr0.95Nb0.05NiSn,300.0,0.000337249
Nd2CuO4,1000.0,0.00158489
Na0.02PbTe0.75Se0.25,1000.0,0.00198264
TiNiSn,400.0,0.0051
Yb1.4Bi0.6Ru2O7,700.0,0.00310001
CuRh0.9Mg0.1O2,400.0,0.001937
La3Te3.35Sb0.65,700.0,0.00721
La3Te3.8Sb0.2,700.0,0.000802
Sb1.80In0.20Te3,400.0,0.0038917
Mg3.07Sb1.5Bi0.45Se.05,400.0,0.01176569
Ba0.4Sr0.6PbO3,1000.0,0.00093481
CaYb0.15Mn0.85O3,1000.0,0.00595672
Zr0.4Hf0.4Ti0.2NiSn,300.0,0.00877175
Ba0.08La0.05Yb0.04Co4Sb12,400.0,0.000472647
Sn.985Na.015Se (hole doped)   C axis,700.0,9.4102E-03
In0.1Co4Sb12,400.0,0.00340249
Bi.048SB.152Te.3+.01wt%PbTe,300.0,4.7235E-04
Ba8Ga16Si30,700.0,0.00187
NiO,1000.0,14.64759355
BiCuSeO,1000.0,0.002585366
LaOBiS2,300.0,3.994858612
Zr0.99Nb0.01NiSn,700.0,0.001348732
Li0.0024Ni0.9976O,400.0,28.86769359
Nd2Cu0.98Ni0.02O4,300.0,0.0594173
CaYb0.1Mn0.9O3,700.0,0.00614631
Mg0.98Li0.02Ag0.97Sb 0.99,300.0,0.00107476
Ag9TlTe5,400.0,0.0832
CuInTe2(annealed 1hr),1000.0,0.007742637
Mg2Si,300.0,0.001623
Mg3.07Sb1.5Bi0.46Se.04,700.0,0.009221757
La3Te3.65Sb0.35,1000.0,0.00225
Ca3Co4O9,400.0,0.002172
Ba8Ni2.97Ga3.94Ge39.09,400.0,0.003165023
Ba8Ni.32Ga13.63Ge32.05,300.0,0.00076026
Mo6Te7S,700.0,8.17E-04
Bi1.94Ta0.06O2,400.0,0.017024793
Cu2HgSnSe0.8Te3.2,300.0,0.001157657
Mg2Si0.98Bi0.02,300.0,1.52E-03
Ti2FeNiSb1.7Sn0.3,700.0,0.003604903
Bi1.2S1.2Ti2S4,700.0,0.000948
YbCd1.9Mg0.1Sb2,300.0,0.002016292
Bi0.5Sb1.5Te3+1.0wt%Pb,300.0,0.000809959
Cu1.5Ag1.5SbSe4,700.0,0.01125395
Mg0.995Li0.005Ag0.97Sb 0.99,300.0,0.001746836
Ba0.10La0.05Yb0.07Co4Sb12,300.0,0.000323079
Fe0.998Co0.002Si2,400.0,0.026
Cu0.98GaTe2,400.0,0.001701591
Znx0.03Bi0.46Sb1.54Te3.03,300.0,0.0009637
Bi0.4Sb1.585Ge0.015Te3,300.0,0.00123
Znx0.005Bi0.46Sb1.54Te3.005,400.0,0.0017994
MgAg0.97Sb.985Bi.005,400.0,0.003781457
Ca0.9Yb0.1MnO3,400.0,0.0040566
La3Te3.35Sb0.65,300.0,0.018
NbCo1.05Sn,1000.0,0.00297916
LaOBiS.12Se.08,700.0,4.984575835
Mg2Si0.6Ge0.4Bi0.02,700.0,1.37E-03
Ca0.94La0.06MnO3,700.0,0.017025942
Zn0.98Al0.02O,700.0,0.06809206
Tl0.01Pb0.99Te,300.0,0.00274242
In1.985Ge0.015O3,700.0,0.00113128
Bi0.4Sb1.580Ge0.02Te3,400.0,0.00094
Ba8Ni.32Ga13.63Ge32.05,400.0,0.000933588
Mg2Si0.6Ge0.4Ag0.02,700.0,0.0149
Bi2Te2.2I.2Se0.6,700.0,9.9910E-04
CeFe4Sb12,700.0,8.86E-04
Bi2Ru2O7,700.0,0.00057405
Znx0.03Bi0.46Sb1.54Te3.03,700.0,0.0021368
La1.725Sr0.28CuO4,400.0,0.000676029
Cu2ZnSn.90In0.10Se4,700.0,146.9879518
Zn0.95Al0.05O,300.0,0.001318257
La1.69Sr0.31Cu0.94Ti0.06O4,300.0,0.0035
Bi1.92Ta0.08O2,300.0,0.009951691
Ca2.7Na0.3Co4O9,300.0,0.00813
YbCd1.4Mg0.6Sb2,400.0,0.017162373
Bi2Te2.3I.1Se0.6,700.0,1.3608E-03
Bi88Sb12,300.0,0.000172072
LiMn2O4,700.0,1.69095
Ca2.85Na0.15AlSb3,400.0,0.0187
Ca0.7Y0.3MnO3,400.0,0.00649209
W0.95O2.95Co0.1O0.15,400.0,99.41840235
Cu2Se,1000.0,7.6597E-03
Ti2FeNiSb1.7Sn0.3,300.0,0.00310559
Si0.8Ge0.2,1000.0,0.002484145
Cu1.97Se,1000.0,1.1288E-02
Ag9TlTe5,300.0,0.2544
La0.95Sr0.05CoO3,1000.0,0.000831764
Mg0.995Li0.005Ag0.97Sb 0.99,400.0,0.002144089
Zr0.4Hf0.4Ti0.2NiSn,300.0,0.00904316
Cu3Sb.88Sn.1Bi.02Se4,700.0,0.001403004
Ca0.9Y0.1MnO3,400.0,0.00477637
YbCd1.2Mg0.8Sb2,300.0,0.006381621
Cr1.3Mo6S8,700.0,0.000693269
CeFe1.5Co2.5Sb12,300.0,0.0609811
Cu2HgSnSe3.2Te0.8,700.0,0.013415213
(BiSbTe1.5Se1.5).994Ag.006,300.0,8.3166E+01
Cu1.98S,400.0,1.5317E-02
Ca4.95Na0.05Al2Sb6,300.0,0.0332
CaGd0.98Mn0.02O3,700.0,0.022105261
CaMnO3,300.0,6.975397772
Sb1.9In0.10Te3,700.0,0.0023481
Zr0.5Hf0.5NiSn,300.0,0.00932355
Fe1.94Ti0.06O3,700.0,0.075870807
Ca0.9Nd0.1MnO3,1000.0,0.0213208
(BiSbTe1.5Se1.5).994Ag.006,700.0,8.8486E+01
CaGd0.98Mn0.02O3,1000.0,0.022702713
CaYb0.4Mn0.6O3,700.0,0.0106181
Ca0.9Yb0.1MnO3,1000.0,0.00825472
Mo6Te6S2,1000.0,1.00E-03
LaCoO3,400.0,0.38388399
Bi.38Sb1.62Te3,400.0,1.4024E-03
Bi1.2S1.2Ti2S4,400.0,0.000499
Cu2Se,300.0,9.7605E-04
Cu3Sb.96Bi.04Se4,300.0,5.1423E-06
Cu3Sb.93Sn.05Bi.02Se4,400.0,0.001326017
CuRhO2,300.0,0.5868
Bi2YO4Cu2Se1.80I.20,400.0,0.002298413
Ba0.3Sr0.6La0.1TiO3,700.0,0.00273
Cu0.01Bi0.5Sb1.48Te3,600.0,0.002384256
Zn0.995Al0.005O,300.0,0.005623413
NbCo1.05Sn,700.0,0.00233598
BiSbTe+(T2O3)4wt%,400.0,2.8625E-03
CaMn6.5Cu0.5O12,1000.0,0.0281389
CaMn6CuO12,400.0,0.101057
Mg.305(Sb.03Bi.07)0.19975Te.00025,300.0,1.9970E-03
Si0.9Ge0.1,300.0,0.001822
Cu2Se,400.0,1.7462E-03
Ba8Ni.84Ga12.07Ge33.09,400.0,0.001197255
Mg1.95Ca0.05Si,400.0,0.00115
Cu2HgSnSe4,400.0,0.017001202
Mg.305(Sb.03Bi.07).1999Te.001,400.0,0.000970525
Ba7SrAl16Si30,300.0,0.000588239
Cu0.005Bi0.5Sb1.495Te3,300.0,0.000723232
Cu0.015Bi0.5Sb1.475Te3,600.0,0.002361375
CaYb0.05Mn0.95O3,1000.0,0.0186642
Cu2.4Ag0.6SbSe4,700.0,0.01246484
Zn0.97Al0.015Ti0.015O,1000.0,0.014455316
CuCr0.95Mg0.05O2,400.0,0.0546485
Cu2S.52Te.48,300.0,3.5267E-03
La0.9Bi0.1NiO3,700.0,0.0041267
Cu2Te,1000.0,8.4395E-04
W0.99O2.97Co0.02O0.03,1000.0,36.42867811
Zn4Sb3,300.0,0.00212594
NbCo2Sn,300.0,1.47E-04
Ca0.9Nd0.1MnO3,700.0,0.0174057
Sb1.80In0.20Te3,300.0,0.002803
Bi.80Ca.10Pb.10CuSeO,1000.0,0.006206655
Na.94CoO2,700.0,0.01206
Sb1.9In0.10Te3,300.0,0.0008658
Na0.02PbTe0.85Se0.15,400.0,0.000619008
In2O3,1000.0,0.0229674
CaYb0.1Mn0.9O3,400.0,0.0043831
Zr0.4Hf0.4Ti0.2NiSn,400.0,0.00511455
Si0.79936Ge0.19984B0.0008,400.0,0.0015184
Fe1.96Sn0.04O3,1000.0,0.087288979
Cu2S,400.0,1.2140E-01
Zn0.995Al0.005O,400.0,0.0150295
Ca0.9Ce0.1MnO3,1000.0,0.007892598
Ca0.7Y0.3MnO3,300.0,0.00762653
La1.61Sr0.39Cu0.94Ti0.06O4,300.0,0.0032
