formula,Temperature,Seebeck (uV/K)
CaMnO3,300.0,-462.97
CaMnO3,400.0,-462.97
CaMnO3,700.0,-470.65
CaMnO3,1000.0,-279.83
Ca0.98La0.02MnO3,300.0,-201.71
Ca0.98La0.02MnO3,400.0,-201.71
Ca0.98La0.02MnO3,700.0,-224.12
Ca0.98La0.02MnO3,1000.0,-190.18
Ca0.96La0.04MnO3,300.0,-123.59
Ca0.96La0.04MnO3,400.0,-123.59
Ca0.96La0.04MnO3,700.0,-173.53
Ca0.96La0.04MnO3,1000.0,-160.09
Ca0.94La0.06MnO3,300.0,-103.74
Ca0.94La0.06MnO3,400.0,-103.74
Ca0.94La0.06MnO3,700.0,-127.43
Ca0.94La0.06MnO3,1000.0,-135.75
Ca0.92La0.08MnO3,300.0,-83.24
Ca0.92La0.08MnO3,400.0,-83.24
Ca0.92La0.08MnO3,700.0,-118.46
Ca0.92La0.08MnO3,1000.0,-140.88
NiO,700.0,483.47
NiO,1000.0,642.62
Li0.0024Ni0.9976O,400.0,294.97
Li0.0024Ni0.9976O,700.0,249.75
Li0.0024Ni0.9976O,1000.0,262.41
Li0.0066Ni0.9944O,400.0,249.37
Li0.0066Ni0.9944O,700.0,200.39
Li0.0066Ni0.9944O,1000.0,206.66
Li0.0184Ni0.9816O,400.0,116.91
Li0.0184Ni0.9816O,700.0,97.88
Li0.0184Ni0.9816O,1000.0,105.17
Li0.0242Ni0.9758O,400.0,102.59
Li0.0242Ni0.9758O,700.0,77.37
Li0.0242Ni0.9758O,1000.0,79.49
CaMnO3,300.0,-572.04
CaMnO3,400.0,-549.12
CaMnO3,700.0,-477.48
CaMnO3,1000.0,-406.81
Ca0.98Bi0.02Mn0.98Nb0.02O3,300.0,-100.04
Ca0.98Bi0.02Mn0.98Nb0.02O3,400.0,-119.21
Ca0.98Bi0.02Mn0.98Nb0.02O3,700.0,-184.31
Ca0.98Bi0.02Mn0.98Nb0.02O3,1000.0,-205.16
Ca0.96Bi0.04Mn0.96Nb0.04O3,300.0,-91.19
Ca0.96Bi0.04Mn0.96Nb0.04O3,400.0,-114.15
Ca0.96Bi0.04Mn0.96Nb0.04O3,700.0,-164.08
Ca0.9Bi0.1Mn0.9Nb0.1O3,1000.0,-172.3
Ca0.9Bi0.1Mn0.9Nb0.1O3,300.0,-72.23
Ca0.9Bi0.1Mn0.9Nb0.1O3,400.0,-72.44
Ca0.9Bi0.1Mn0.9Nb0.1O3,700.0,-80.65
Ca0.9Bi0.1Mn0.9Nb0.1O3,1000.0,-92.67
CaMn0.98Nb0.02O3,300.0,-180.0
CaMn0.98Nb0.02O3,400.0,-203.88
CaMn0.98Nb0.02O3,700.0,-234.57
CaMn0.98Nb0.02O3,1000.0,-248.22
CaMn0.98Ru0.02O3,400.0,-153.66
CaMn0.98Ru0.02O3,700.0,-195.78
CaMn0.98Ru0.02O3,1000.0,-213.72
CaMn0.96Ru0.04O3,400.0,-119.99
CaMn0.96Ru0.04O3,700.0,-137.22
CaMn0.96Ru0.04O3,1000.0,-152.89
CaMn0.94Ru0.06O3,400.0,-101.6
CaMn0.94Ru0.06O3,700.0,-122.22
CaMn0.94Ru0.06O3,1000.0,-144.55
CaMn0.9Ru0.1O3,400.0,-60.57
CaMn0.9Ru0.1O3,700.0,-81.62
CaMn0.9Ru0.1O3,1000.0,-101.82
CaMn0.82Ru0.18O3,400.0,-35.67
CaMn0.82Ru0.18O3,700.0,-55.87
CaMn0.82Ru0.18O3,1000.0,-67.87
CaGd0.98Mn0.02O3,300.0,-211.97
CaGd0.98Mn0.02O3,400.0,-215.39
CaGd0.98Mn0.02O3,700.0,-227.92
CaGd0.98Mn0.02O3,1000.0,-235.33
CaGd0.96Mn0.04O3,300.0,-162.39
CaGd0.96Mn0.04O3,400.0,-163.53
CaGd0.96Mn0.04O3,700.0,-172.65
CaGd0.96Mn0.04O3,1000.0,-172.65
CaGd0.94Mn0.06O3,300.0,-104.27
CaGd0.94Mn0.06O3,400.0,-118.52
CaGd0.94Mn0.06O3,700.0,-144.73
CaGd0.94Mn0.06O3,1000.0,-144.73
Nd1.4Bi0.6Ru2O7,400.0,23.09
Nd1.4Bi0.6Ru2O7,700.0,32.45
Nd1.4Bi0.6Ru2O7,1000.0,39.96
NdBiRu2O7,400.0,21.17
NdBiRu2O7,700.0,30.25
NdBiRu2O7,1000.0,35.44
Yb1.4Bi0.6Ru2O7,400.0,17.72
Yb1.4Bi0.6Ru2O7,700.0,29.32
Yb1.4Bi0.6Ru2O7,1000.0,38.96
YbBiRu2O7,400.0,19.3
YbBiRu2O7,700.0,29.32
YbBiRu2O7,1000.0,35.86
Bi2Ru2O7,400.0,-1.64
Bi2Ru2O7,700.0,5.38
Bi2Ru2O7,1000.0,12.43
Y0.5Bi1.5Ru2O7,400.0,21.46
Y0.5Bi1.5Ru2O7,700.0,15.29
Y0.5Bi1.5Ru2O7,1000.0,17.26
YBiRu2O7,400.0,15.44
YBiRu2O7,700.0,17.15
YBiRu2O7,1000.0,17.21
Y2Ru2O7,400.0,270.0
Y2Ru2O7,700.0,21.92
Y2Ru2O7,1000.0,17.26
Nd2Ru2O7,300.0,210.0
Nd2Ru2O7,400.0,40.0
Nd2Ru2O7,700.0,22.7
Nd2Ru2O7,1000.0,26.5
Nd2Ru2O7,300.0,173.9
Nd2Ru2O7,400.0,59.3
Nd2Ru2O7,700.0,22.0
Ca0.9Nd0.1MnO3,400.0,-90.28
Ca0.9Nd0.1MnO3,700.0,-123.85
Ca0.9Nd0.1MnO3,1000.0,-130.04
Ca0.9Tb0.1MnO3,400.0,-90.28
Ca0.9Tb0.1MnO3,700.0,-123.85
Ca0.9Tb0.1MnO3,1000.0,-130.04
Ca0.9Ho0.1MnO3,400.0,-90.28
Ca0.9Ho0.1MnO3,700.0,-123.85
Ca0.9Ho0.1MnO3,1000.0,-130.04
Ca0.9Yb0.1MnO3,400.0,-90.28
Ca0.9Yb0.1MnO3,700.0,-123.85
Ca0.9Yb0.1MnO3,1000.0,-130.04
CaMnO3,400.0,-600.16
CaMnO3,700.0,-374.8
CaMnO3,1000.0,-320.53
Ca0.9Tb0.1MnO3,300.0,-74.98
Ca0.9Tb0.1MnO3,400.0,-93.82
Ca0.9Tb0.1MnO3,700.0,-124.55
Ca0.9Tb0.1MnO3,1000.0,-152.37
Ca0.7Tb0.3MnO3,300.0,-46.31
Ca0.7Tb0.3MnO3,400.0,-44.36
Ca0.7Tb0.3MnO3,700.0,-55.34
Ca0.7Tb0.3MnO3,1000.0,-68.2
Ca0.9Ho0.1MnO3,300.0,-72.01
Ca0.9Ho0.1MnO3,400.0,-81.79
Ca0.9Ho0.1MnO3,700.0,-101.47
Ca0.9Ho0.1MnO3,1000.0,-114.58
Ca0.7Ho0.3MnO3,300.0,-43.69
Ca0.7Ho0.3MnO3,400.0,-45.05
Ca0.7Ho0.3MnO3,700.0,-50.98
Ca0.7Ho0.3MnO3,1000.0,-64.7
Ca0.9Y0.1MnO3,300.0,-70.53
Ca0.9Y0.1MnO3,400.0,-81.71
Ca0.9Y0.1MnO3,700.0,-112.78
Ca0.9Y0.1MnO3,1000.0,-135.59
Ca0.7Y0.3MnO3,300.0,-41.61
Ca0.7Y0.3MnO3,400.0,-41.63
Ca0.7Y0.3MnO3,700.0,-52.45
Ca0.7Y0.3MnO3,1000.0,-60.8
BaPbO3,300.0,-26.0
BaPbO3,400.0,-31.98
BaPbO3,700.0,-33.62
BaPbO3,1000.0,-30.17
Ba0.8Sr0.2PbO3,300.0,-24.46
Ba0.8Sr0.2PbO3,400.0,-30.29
Ba0.8Sr0.2PbO3,700.0,-41.77
Ba0.8Sr0.2PbO3,1000.0,-33.71
Ba0.6Sr0.4PbO3,300.0,-42.0
Ba0.6Sr0.4PbO3,400.0,-51.37
Ba0.6Sr0.4PbO3,700.0,-65.77
Ba0.6Sr0.4PbO3,1000.0,-39.71
Ba0.4Sr0.6PbO3,300.0,-82.77
Ba0.4Sr0.6PbO3,400.0,-96.44
Ba0.4Sr0.6PbO3,700.0,-117.92
Ba0.4Sr0.6PbO3,1000.0,-52.48
LaNiO3,400.0,-19.88
LaNiO3,700.0,-25.76
LaNiO3,1000.0,-27.03
La0.9Bi0.1NiO3,400.0,-20.95
La0.9Bi0.1NiO3,700.0,-28.46
La0.9Bi0.1NiO3,1000.0,-30.79
Ca0.96Sm0.04MnO3,400.0,-139.46
Ca0.96Sm0.04MnO3,700.0,-169.85
Ca0.96Sm0.04MnO3,1000.0,-187.5
Bi2Te3,300.0,162.0
Bi2Te3,300.0,-174.0
Sb2Te3,300.0,38.0
Sb2Te3,300.0,63.0
Ag0.15Sb0.15Te1.15Ge0.85,300.0,78.67
Ag0.15Sb0.15Te1.15Ge0.85,400.0,122.16
Ag0.15Sb0.15Te1.15Ge0.85,700.0,199.03
Ag0.15Sb0.15Te1.15Ge0.85,1000.0,165.79
In0.05Co4Sb12,300.0,-279.86
In0.05Co4Sb12,400.0,-295.57
In0.05Co4Sb12,700.0,-334.67
In0.1Co4Sb12,300.0,-257.3
In0.1Co4Sb12,400.0,-276.16
In0.1Co4Sb12,700.0,-309.85
In0.15Co4Sb12,300.0,-246.59
In0.15Co4Sb12,400.0,-266.33
In0.15Co4Sb12,700.0,-301.53
In0.2Co4Sb12,300.0,-222.15
In0.2Co4Sb12,400.0,-248.19
In0.2Co4Sb12,700.0,-281.75
In0.25Co4Sb12,300.0,-217.11
In0.25Co4Sb12,400.0,-247.94
In0.25Co4Sb12,700.0,-275.7
In0.3Co4Sb12,300.0,-211.82
In0.3Co4Sb12,400.0,-247.31
In0.3Co4Sb12,700.0,-278.47
In0.2Co4Sb12,300.0,-192.21
In0.2Co4Sb12,400.0,-214.39
In0.2Co4Sb12,700.0,-247.54
Na0.02PbTe,300.0,62.38
Na0.02PbTe,400.0,105.0
Na0.02PbTe,700.0,212.86
Na0.02PbTe0.85Se0.15,300.0,50.95
Na0.02PbTe0.85Se0.15,400.0,98.33
Na0.02PbTe0.85Se0.15,700.0,209.05
Na0.02PbTe0.85Se0.15,1000.0,204.0
Na0.02PbTe0.75Se0.25,300.0,58.81
Na0.02PbTe0.75Se0.25,400.0,89.76
Na0.02PbTe0.75Se0.25,700.0,205.24
Na0.02PbTe0.75Se0.25,1000.0,197.0
Tl0.01Pb0.99Te,300.0,140.4
Tl0.01Pb0.99Te,400.0,201.46
Tl0.01Pb0.99Te,700.0,323.94
Tl0.02Pb0.98Te,300.0,136.17
Tl0.02Pb0.98Te,400.0,195.21
Tl0.02Pb0.98Te,700.0,327.66
Si0.9Ge0.1,300.0,169.0
Si0.9Ge0.1,400.0,192.0
Si0.9Ge0.1,700.0,242.0
Si0.9Ge0.1,1000.0,273.0
Si0.8Ge0.2,300.0,137.0
Si0.8Ge0.2,400.0,161.0
Si0.8Ge0.2,700.0,218.3
Si0.8Ge0.2,1000.0,254.0
Si0.79936Ge0.19984B0.0008,300.0,127.631
Si0.79936Ge0.19984B0.0008,400.0,151.36
Si0.79936Ge0.19984B0.0008,700.0,209.823
Si0.79936Ge0.19984B0.0008,1000.0,248.114
Si0.7956Ge0.1989P0.0055,300.0,-122.807
Si0.7956Ge0.1989P0.0055,400.0,-150.045
Si0.7956Ge0.1989P0.0055,700.0,-230.877
Si0.7956Ge0.1989P0.0055,1000.0,-281.446
TiNiSn,300.0,-200.0
TiNiSn,400.0,-245.0
TiNiSn,700.0,-233.0
TiNiSn,1000.0,-155.0
Bi2Sr2Co2O8,300.0,108.88
Bi2Sr2Co2O8,400.0,120.0
Bi2Sr2Co2O8,700.0,171.43
Bi2Sr2Co2O8,1000.0,293.62
K2Bi8Se13,300.0,-196.16
K2Bi8Se13,300.0,-219.62
Ca2Co2O5,300.0,135.09
Ca2Co2O5,400.0,142.36
Ca2Co2O5,700.0,173.46
Ca2Co2O5,1000.0,207.27
ZnO,,-501.65
ZnO,,-549.67
Al0.02Zn0.98O,,-289.98
Al0.02Zn0.98O,,-331.35
Al0.02Zn0.98O,,-412.05
Ni0.02Zn0.98O,,-206.81
Ni0.02Zn0.98O,,-204.62
Ni0.02Zn0.98O,,-229.87
Zn0.9604Al0.0196Ni0.02O,,-362.53
Zn0.9604Al0.0196Ni0.02O,,-434.32
Zn0.9604Al0.0196Ni0.02O,,-443.73
WO2.9,300.0,-28.21
WO2.9,400.0,-31.41
WO2.9,700.0,-45.45
WO2.9,1000.0,-66.47
WO2.722,300.0,-25.74
WO2.722,400.0,-25.21
WO2.722,700.0,-27.03
WO2.722,1000.0,-33.86
La2CuO4,300.0,217.6
La1.61Sr0.39Cu0.94Ti0.06O4,300.0,130.0
La1.85Sr0.15Cu0.94Ti0.06O4,300.0,200.0
La1.73Sr0.27Cu0.94Ti0.06O4,300.0,20.0
La1.69Sr0.31Cu0.94Ti0.06O4,300.0,5.0
La1.67Sr0.34Cu0.94Ti0.06O4,300.0,6.3
La1.95Sr0.05CuO4,300.0,149.91
La1.95Sr0.05CuO4,400.0,140.0
La1.95Sr0.05CuO4,700.0,120.0
La1.95Sr0.05CuO4,1000.0,100.0
La1.9Sr0.1CuO4,300.0,54.72
La1.9Sr0.1CuO4,400.0,50.0
La1.9Sr0.1CuO4,700.0,40.0
La1.9Sr0.1CuO4,1000.0,30.0
La1.85Sr0.15CuO4,300.0,25.0
La1.85Sr0.15CuO4,400.0,20.0
La1.85Sr0.15CuO4,700.0,2.0
La1.85Sr0.15CuO4,1000.0,1.0
La1.725Sr0.28CuO4,300.0,0.5
La1.725Sr0.28CuO4,400.0,0.1
La1.725Sr0.28CuO4,700.0,0.1
La1.725Sr0.28CuO4,1000.0,0.1
TlCr5Se8,300.0,215.0
TlCr5Se8,400.0,240.0
TlCr5Se8,700.0,295.0
LiMn2O4,300.0,-175.031
LiMn2O4,400.0,-147.0
LiMn2O4,700.0,-100.68
LiMn2O4,1000.0,-84.81
CuFe0.9Cr0.1O2,300.0,277.076
CuFe0.9Cr0.1O2,400.0,299.003
CuFe0.9Cr0.1O2,700.0,321.429
CuFe0.9Cr0.1O2,1000.0,324.917
CuRh0.9Mg0.1O2,300.0,97.6744
CuRh0.9Mg0.1O2,400.0,115.116
CuRh0.9Mg0.1O2,700.0,145.515
CuRh0.9Mg0.1O2,1000.0,167.94
CuCr0.98Mg0.02O2,300.0,300.0
CuCr0.98Mg0.02O2,400.0,321.429
CuCr0.98Mg0.02O2,700.0,351.827
CuCr0.98Mg0.02O2,1000.0,354.817
WO3,300.0,97.9094
WO3,400.0,107.578
WO3,700.0,124.826
WO3,1000.0,160.801
W0.99O2.97Co0.02O0.03,300.0,92.5958
W0.99O2.97Co0.02O0.03,400.0,97.0383
W0.99O2.97Co0.02O0.03,700.0,113.502
W0.99O2.97Co0.02O0.03,1000.0,113.937
W0.95O2.95Co0.1O0.15,300.0,103.223
W0.95O2.95Co0.1O0.15,400.0,106.01
W0.95O2.95Co0.1O0.15,700.0,120.122
W0.95O2.95Co0.1O0.15,1000.0,125.61
W0.9O2.7Co0.2O0.3,300.0,103.833
W0.9O2.7Co0.2O0.3,400.0,105.575
W0.9O2.7Co0.2O0.3,700.0,121.603
W0.9O2.7Co0.2O0.3,1000.0,124.216
CaMnO3,300.0,-650.91
CaMnO3,400.0,-587.185
CaMnO3,700.0,-362.325
CaMnO3,1000.0,-282.213
CaYb0.05Mn0.95O3,300.0,-109.244
CaYb0.05Mn0.95O3,400.0,-124.72
CaYb0.05Mn0.95O3,700.0,-168.417
CaYb0.05Mn0.95O3,1000.0,-244.888
CaYb0.1Mn0.9O3,300.0,-52.8011
CaYb0.1Mn0.9O3,400.0,-60.084
CaYb0.1Mn0.9O3,700.0,-84.6639
CaYb0.1Mn0.9O3,1000.0,-128.361
CaYb0.15Mn0.85O3,300.0,-38.2353
CaYb0.15Mn0.85O3,400.0,-49.1597
CaYb0.15Mn0.85O3,700.0,-60.9944
CaYb0.15Mn0.85O3,1000.0,-101.05
CaYb0.4Mn0.6O3,300.0,-9.10364
CaYb0.4Mn0.6O3,400.0,-20.028
CaYb0.4Mn0.6O3,700.0,-50.9804
CaYb0.4Mn0.6O3,1000.0,-25.4902
In2O3,300.0,-156.078
In2O3,400.0,-172.722
In2O3,700.0,-202.219
In2O3,1000.0,-222.736
In1.998Ge0.002O3,300.0,-88.5671
In1.998Ge0.002O3,400.0,-105.832
In1.998Ge0.002O3,700.0,-146.168
In1.998Ge0.002O3,1000.0,-177.832
In1.994Ge0.006O3,300.0,-50.4768
In1.994Ge0.006O3,400.0,-62.4767
In1.994Ge0.006O3,700.0,-94.1419
In1.994Ge0.006O3,1000.0,-119.305
In1.985Ge0.015O3,300.0,-46.7607
In1.985Ge0.015O3,400.0,-56.5928
In1.985Ge0.015O3,700.0,-83.3032
In1.985Ge0.015O3,1000.0,-108.464
In1.94Ge0.06O3,300.0,-50.7871
In1.94Ge0.06O3,400.0,-60.6186
In1.94Ge0.06O3,700.0,-88.5677
In1.94Ge0.06O3,1000.0,-114.967
In1.9Ge0.1O3,300.0,-53.2639
In1.9Ge0.1O3,400.0,-65.5729
In1.9Ge0.1O3,700.0,-93.2129
In1.9Ge0.1O3,1000.0,-117.444
In1.8Ge0.2O3,300.0,-52.3343
In1.8Ge0.2O3,400.0,-64.0245
In1.8Ge0.2O3,700.0,-86.4
In1.8Ge0.2O3,1000.0,-110.012
LaCoO3,300.0,-390.0
LaCoO3,400.0,140.3
LaCoO3,700.0,28.76
LaCoO3,1000.0,15.7
La0.99Sr0.01CoO3,300.0,395.0
La0.99Sr0.01CoO3,400.0,304.0
La0.99Sr0.01CoO3,700.0,32.48
La0.99Sr0.01CoO3,1000.0,18.56
La0.98Sr0.02CoO3,300.0,330.0
La0.98Sr0.02CoO3,400.0,243.5
La0.98Sr0.02CoO3,700.0,28.76
La0.98Sr0.02CoO3,1000.0,17.6
La0.95Sr0.05CoO3,300.0,214.7
La0.95Sr0.05CoO3,400.0,129.0
La0.95Sr0.05CoO3,700.0,25.04
La0.95Sr0.05CoO3,1000.0,14.8
La0.8Sr0.2CoO3,300.0,21.32
La0.8Sr0.2CoO3,400.0,17.6
La0.8Sr0.2CoO3,700.0,10.17
La0.8Sr0.2CoO3,1000.0,5.52
Yb14MnSb11,300.0,56.4516
Yb14MnSb11,400.0,68.7334
Yb14MnSb11,700.0,117.242
Yb14MnSb11,1000.0,164.143
Zn4Sb3,300.0,110.866
Zn4Sb3,400.0,146.015
Zn4Sb3,700.0,205.872
CeFe2Co2Sb12,300.0,126.0
CeFe2Co2Sb12,400.0,154.0
CeFe2Co2Sb12,700.0,166.0
CeFe3CoSb12,300.0,101.0
CeFe3CoSb12,400.0,127.0
CeFe3CoSb12,700.0,176.0
CeFe3.5Co0.5Sb12,300.0,87.2
CeFe3.5Co0.5Sb13,400.0,107.0
CeFe3.5Co0.5Sb14,700.0,158.0
CeFe4Sb12,300.0,58.2
CeFe4Sb12,400.0,75.7
CeFe4Sb12,700.0,127.0
AgCrSe2,300.0,279.207
AgCrSe2,400.0,300.119
AgCrSe2,700.0,306.696
Zn0.9975Al0.0025O,300.0,-132.097
Zn0.9975Al0.0025O,400.0,-135.054
Zn0.9975Al0.0025O,700.0,-180.753
Zn0.9975Al0.0025O,1000.0,-218.521
Zn0.995Al0.005O,300.0,-115.43
Zn0.995Al0.005O,400.0,-128.468
Zn0.995Al0.005O,700.0,-162.876
Zn0.995Al0.005O,1000.0,-204.677
Zn0.9925Al0.0075O,300.0,-113.952
Zn0.9925Al0.0075O,400.0,-123.495
Zn0.9925Al0.0075O,700.0,-154.543
Zn0.9925Al0.0075O,1000.0,-187.876
Zn0.99Al0.01O,300.0,-110.995
Zn0.99Al0.01O,400.0,-117.177
Zn0.99Al0.01O,700.0,-147.016
Zn0.99Al0.01O,1000.0,-175.78
Zn0.97Al0.03O,300.0,-144.866
Zn0.97Al0.03O,400.0,-149.839
Zn0.97Al0.03O,700.0,-177.527
Zn0.97Al0.03O,1000.0,-207.5
SrMn0.98Mo0.02O3,300.0,-80.5607
SrMn0.98Mo0.02O3,400.0,-73.8318
SrMn0.98Mo0.02O3,700.0,-58.3178
SrMn0.98Mo0.02O3,1000.0,-40.1869
SrMn0.96Mo0.04O3,300.0,-110.28
SrMn0.96Mo0.04O3,400.0,-105.047
SrMn0.96Mo0.04O3,700.0,-88.5981
SrMn0.96Mo0.04O3,1000.0,-74.3925
Sm1.7Ca0.3MnO3,300.0,69.4361
Sm0.5Ca0.5MnO3,300.0,-32.5663
CaMnO3,300.0,-357.564
ZrNi1.98Cu0.02Sn,300.0,-133.0
ZrNi1.98Cu0.02Sn,400.0,-136.0
ZrNi0.76Co0.004Cu0.2Sn,300.0,-95.0
ZrNi0.76Co0.004Cu0.2Sn,400.0,-130.0
ZrNiSn0.98Sb0.02,300.0,-113.0
ZrNiSn0.98Sb0.02,400.0,-137.0
Zr0.94Y0.06NiSn0.96Sb0.04,300.0,-92.0
Zr0.94Y0.06NiSn0.96Sb0.04,400.0,-109.0
NbCoSn,300.0,-119.188
NbCoSn,400.0,-137.005
NbCoSn,700.0,-168.074
NbCoSn,1000.0,-177.53
NbCo1.05Sn,300.0,-163.441
NbCo1.05Sn,400.0,-185.373
NbCo1.05Sn,700.0,-236.772
NbCo1.05Sn,1000.0,-250.86
NbCo1.10Sn,300.0,-130.766
NbCo1.10Sn,400.0,-151.928
NbCo1.10Sn,700.0,-189.172
NbCo1.10Sn,1000.0,-199.4
NbCo2Sn,300.0,-18.17146
Bi92Sb8,300.0,-81.3
Bi92Sb8,400.0,-69.3
Bi90Sb10,300.0,-80.8
Bi90Sb10,400.0,-68.5
Bi88Sb12,300.0,-85.3
Bi88Sb12,400.0,-72.9
Bi86Sb14,300.0,-81.3
Bi86Sb14,400.0,-69.1
Bi83Sb17,300.0,-75.2
Bi83Sb17,400.0,-61.6
CaMn7O12,700.0,8.02541
CaMn7O12,1000.0,-20.1644
CaMn6.5Cu0.5O12,300.0,32.5598
CaMn6.5Cu0.5O12,400.0,9.29006
CaMn6.5Cu0.5O12,700.0,-15.3459
CaMn6.5Cu0.5O12,1000.0,-24.3591
CaMn6CuO12,300.0,-13.1349
CaMn6CuO12,400.0,-19.922
CaMn6CuO12,700.0,-27.3305
CaMn6CuO12,1000.0,-30.2012
LiMn2O4,300.0,-55.6808
LiMn2O4,400.0,-45.9919
LiMn2O4,700.0,-30.1768
LiMn2O4,1000.0,-19.4145
Pr0.5Ca0.5MnO3,300.0,-22.2738
Pr0.5Ca0.5MnO3,400.0,-22.7685
Pr0.5Ca0.5MnO3,700.0,-23.4352
Pr0.5Ca0.5MnO3,1000.0,-23.7587
Mo3Te4,300.0,4.08735
Mo3Te4,400.0,7.50989
Mo3Te4,700.0,16.5599
Mo3Te4,1000.0,23.9118
Mo6Te7S,300.0,3.34933
Mo6Te7S,400.0,5.48011
Mo6Te7S,700.0,13.9768
Mo6Te7S,1000.0,21.1078
Mo6Te6S2,300.0,6.30124
Mo6Te6S2,400.0,8.06322
Mo6Te6S2,700.0,11.6892
Mo6Te6S2,1000.0,14.6136
CuRh0.9Mg0.1O2,300.0,138.814
CuRh0.9Mg0.1O2,400.0,153.007
CuRh0.9Mg0.1O2,700.0,203.027
CuRh0.9Mg0.1O2,1000.0,265.993
Sr2Ti0.8Nb0.2O4,300.0,-53.6
Sr2Ti0.8Nb0.2O4,400.0,-67.6
Sr2Ti0.8Nb0.2O4,700.0,-110.3
Sr2Ti0.8Nb0.2O4,1000.0,-167.0
Sr3Ti1.6Nb0.4O7,300.0,-42.4
Sr3Ti1.6Nb0.4O7,400.0,-57.16
Sr3Ti1.6Nb0.4O7,700.0,-98.3
Sr3Ti1.6Nb0.4O7,1000.0,-158.0
SrTi0.8Nb0.2O3,300.0,-52.14
SrTi0.8Nb0.2O3,400.0,-62.4
SrTi0.8Nb0.2O3,700.0,-110.0
SrTi0.8Nb0.2O3,1000.0,-164.9
Sr0.95La0.05TiO3,300.0,-167.0
Sr0.95La0.05TiO3,400.0,-188.0
Sr0.95La0.05TiO3,700.0,-251.0
Sr0.95La0.05TiO3,1000.0,-285.0
Sr0.9La0.1TiO3,300.0,-97.6
Sr0.9La0.1TiO3,400.0,-115.0
Sr0.9La0.1TiO3,700.0,-179.0
Sr0.9La0.1TiO3,1000.0,-221.0
Sr0.8La0.2TiO3,300.0,-53.7
Sr0.8La0.2TiO3,400.0,-64.7
Sr0.8La0.2TiO3,700.0,-113.0
Sr0.8La0.2TiO3,1000.0,-158.0
TiNiSn,300.0,-271.305
TiNiSn,400.0,-295.891
TiNiSn,700.0,-255.058
TiNiSn,1000.0,-159.717
Ti0.99Nb0.01NiSn,300.0,-177.319
Ti0.99Nb0.01NiSn,400.0,-192.458
Ti0.99Nb0.01NiSn,700.0,-211.295
Ti0.99Nb0.01NiSn,1000.0,-172.594
Ti0.98Nb0.02NiSn,300.0,-139.982
Ti0.98Nb0.02NiSn,400.0,-158.575
Ti0.98Nb0.02NiSn,700.0,-188.543
Ti0.98Nb0.02NiSn,1000.0,-174.312
Ti0.95Nb0.05NiSn,300.0,-96.2097
Ti0.95Nb0.05NiSn,400.0,-110.94
Ti0.95Nb0.05NiSn,700.0,-146.063
Ti0.95Nb0.05NiSn,1000.0,-142.549
ZrNiSn,300.0,-353.714
ZrNiSn,400.0,-342.674
ZrNiSn,700.0,-284.671
ZrNiSn,1000.0,-212.937
Zr0.99Nb0.01NiSn,300.0,-170.876
Zr0.99Nb0.01NiSn,400.0,-189.025
Zr0.99Nb0.01NiSn,700.0,-228.446
Zr0.99Nb0.01NiSn,1000.0,-210.789
Zr0.98Nb0.02NiSn,300.0,-131.398
Zr0.98Nb0.02NiSn,400.0,-148.254
Zr0.98Nb0.02NiSn,700.0,-193.681
Zr0.98Nb0.02NiSn,1000.0,-196.196
Zr0.95Nb0.05NiSn,300.0,-78.184
Zr0.95Nb0.05NiSn,400.0,-89.0283
Zr0.95Nb0.05NiSn,700.0,-129.304
Zr0.95Nb0.05NiSn,1000.0,-150.706
Ca3Co4O9,300.0,50.1234
Ca3Co4O9,400.0,58.0016
Ca3Co4O9,700.0,84.2826
Ca3Co4O9,1000.0,118.607
La0.05Ca2.85Co3.8O8.55,300.0,62.1344
La0.05Ca2.85Co3.8O8.55,400.0,70.013
La0.05Ca2.85Co3.8O8.55,700.0,88.58
La0.05Ca2.85Co3.8O8.55,1000.0,123.896
La0.3Ca2.7Co4O9,300.0,59.7107
La0.3Ca2.7Co4O9,400.0,68.4692
La0.3Ca2.7Co4O9,700.0,92.437
La0.3Ca2.7Co4O9,1000.0,126.87
La0.45Ca2.55Co4O9,300.0,65.3296
La0.45Ca2.55Co4O9,400.0,73.0975
La0.45Ca2.55Co4O9,700.0,95.0781
La0.45Ca2.55Co4O9,1000.0,131.717
Cr1.3Mo6S8,300.0,21.5075
Cr1.3Mo6S8,400.0,27.071
Cr1.3Mo6S8,700.0,51.22
Cr1.3Mo6S8,1000.0,69.9615
Mn1.3Mo6S8,300.0,27.2882
Mn1.3Mo6S8,400.0,30.9869
Mn1.3Mo6S8,700.0,47.6766
Mn1.3Mo6S8,1000.0,57.4673
Fe1.3Mo6S8,300.0,22.6264
Fe1.3Mo6S8,400.0,28.1894
Fe1.3Mo6S8,700.0,45.2526
Fe1.3Mo6S8,1000.0,53.9242
Ni2.0Mo6S8,300.0,8.26675
Ni2.0Mo6S8,400.0,9.16846
Ni2.0Mo6S8,700.0,20.8232
Ni2.0Mo6S8,1000.0,33.2249
Cu4.0Mo6S8,300.0,47.8006
Cu4.0Mo6S8,400.0,61.5689
Cu4.0Mo6S8,700.0,105.3
Cu4.0Mo6S8,1000.0,132.993
Ca0.9Bi0.1MnO3,300.0,-82.6524
Ca0.9Bi0.1MnO3,400.0,-100.786
Ca0.9Bi0.1MnO3,700.0,-119.707
Ca0.9Bi0.1MnO3,1000.0,-96.0071
Ca0.9Ce0.1MnO3,300.0,-49.1829
Ca0.9Ce0.1MnO3,400.0,-55.3822
Ca0.9Ce0.1MnO3,700.0,-59.9632
Ca0.9Ce0.1MnO3,1000.0,-80.4739
Ca0.9Y0.1MnO3,300.0,-86.6384
Ca0.9Y0.1MnO3,400.0,-91.2314
Ca0.9Y0.1MnO3,700.0,-102.587
Ca0.9Y0.1MnO3,1000.0,-107.567
Ca0.9Sm0.1MnO3,300.0,-102.175
Ca0.9Sm0.1MnO3,400.0,-105.968
Ca0.9Sm0.1MnO3,700.0,-146.796
Ca0.9Sm0.1MnO3,1000.0,-122.707
Ca0.9Sb0.1MnO3,300.0,-69.9028
Ca0.9Sb0.1MnO3,400.0,-70.9189
Ca0.9Sb0.1MnO3,700.0,-81.0778
Ca0.9Sb0.1MnO3,1000.0,-70.1149
Ca0.9La0.1MnO3,300.0,-93.0096
Ca0.9La0.1MnO3,400.0,-98.403
Ca0.9La0.1MnO3,700.0,-116.934
Ca0.9La0.1MnO3,1000.0,-88.437
Ca0.9Pb0.1MnO3,300.0,-274.285
Ca0.9Pb0.1MnO3,400.0,-266.152
Ca0.9Pb0.1MnO3,700.0,-277.092
Ca0.9Pb0.1MnO3,1000.0,-114.746
Ca0.9In0.1MnO3,300.0,-348.389
Ca0.9In0.1MnO3,400.0,-356.591
Ca0.9In0.1MnO3,700.0,-410.971
Ca0.9In0.1MnO3,1000.0,-234.678
Ca0.9Sn0.1MnO3,300.0,-283.848
Ca0.9Sn0.1MnO3,400.0,-281.694
Ca0.9Sn0.1MnO3,700.0,-255.18
Ca0.9Sn0.1MnO3,1000.0,-145.433
CaMnO3,300.0,-476.683
CaMnO3,400.0,-460.992
CaMnO3,700.0,-332.067
CaMnO3,1000.0,-192.833
CuCrO2,300.0,1235.43
CuCrO2,400.0,916.284
CuCrO2,700.0,633.893
CuCrO2,1000.0,617.422
CuCr0.99Mg0.01O2,300.0,525.19
CuCr0.99Mg0.01O2,400.0,444.688
CuCr0.99Mg0.01O2,700.0,428.212
CuCr0.99Mg0.01O2,1000.0,445.826
CuCr0.98Mg0.02O2,300.0,311.548
CuCr0.98Mg0.02O2,400.0,332.182
CuCr0.98Mg0.02O2,700.0,367.981
CuCr0.98Mg0.02O2,1000.0,403.782
CuCr0.97Mg0.03O2,300.0,199.047
CuCr0.97Mg0.03O2,400.0,241.278
CuCr0.97Mg0.03O2,700.0,289.576
CuCr0.97Mg0.03O2,1000.0,325.374
CuCr0.96Mg0.04O2,300.0,196.762
CuCr0.96Mg0.04O2,400.0,225.369
CuCr0.96Mg0.04O2,700.0,270.256
CuCr0.96Mg0.04O2,1000.0,303.784
CuCr0.95Mg0.05O2,300.0,208.131
CuCr0.95Mg0.05O2,400.0,241.265
CuCr0.95Mg0.05O2,700.0,281.605
CuCr0.95Mg0.05O2,1000.0,325.387
NaCo2O4,300.0,81.9
NaCo2O4,400.0,98.0
NaCo2O4,700.0,146.0
NaCo2O4,1000.0,200.0
NaCo2O4,300.0,104.0
NaCo2O4,400.0,118.0
NaCo2O4,700.0,161.0
NaCo2O4,1000.0,175.0
ZnO,700.0,-159.904
ZnO,1000.0,-190.963
Zn0.98Al0.02O,700.0,-133.608
Zn0.98Al0.02O,1000.0,-182.054
Zn0.97Al0.03O,700.0,-124.909
Zn0.97Al0.03O,1000.0,-173.573
Zn0.95Al0.05O,700.0,-112.738
Zn0.95Al0.05O,1000.0,-164.443
Zn0.97Al0.025Ti0.005O,700.0,-170.775
Zn0.97Al0.025Ti0.005O,1000.0,-217.259
Zn0.97Al0.02Ti0.01O,700.0,-147.96
Zn0.97Al0.02Ti0.01O,1000.0,-212.256
Zn0.97Al0.015Ti0.015O,700.0,-143.177
Zn0.97Al0.015Ti0.015O,1000.0,-205.305
Zn0.97Al0.01Ti0.02O,700.0,-139.044
Zn0.97Al0.01Ti0.02O,1000.0,-195.093
Zr0.5Hf0.5NiSn,300.0,-178.765
Zr0.5Hf0.5NiSn,400.0,-208.592
Zr0.5Hf0.5NiSn,700.0,-236.062
Zr0.4Hf0.4Ti0.2NiSn,300.0,-188.659
Zr0.4Hf0.4Ti0.2NiSn,400.0,-233.589
Zr0.4Hf0.4Ti0.2NiSn,700.0,-276.689
Zr0.35Hf0.35Ti0.3NiSn,300.0,-369.912
Zr0.35Hf0.35Ti0.3NiSn,400.0,-379.426
Zr0.35Hf0.35Ti0.3NiSn,700.0,-348.046
Zr0.25Hf0.25Ti0.5NiSn,300.0,-311.579
Zr0.25Hf0.25Ti0.5NiSn,400.0,-329.939
Zr0.25Hf0.25Ti0.5NiSn,700.0,-328.251
Zr0.15Hf0.15Ti0.7NiSn,300.0,-252.204
Zr0.15Hf0.15Ti0.7NiSn,400.0,-264.835
Zr0.15Hf0.15Ti0.7NiSn,700.0,-260.541
CeFe4Sb12,300.0,68.2676
CeFe4Sb12,400.0,87.0227
CeFe4Sb12,700.0,128.846
CeFe4Sb12,1000.0,156.737
CeFe3CoSb12,300.0,86.5388
CeFe3CoSb12,400.0,107.702
CeFe3CoSb12,700.0,149.997
CeFe3CoSb12,1000.0,176.441
CeFe2.5Co1.5Sb12,300.0,104.331
CeFe2.5Co1.5Sb12,400.0,123.077
CeFe2.5Co1.5Sb12,700.0,162.016
CeFe2.5Co1.5Sb12,1000.0,189.903
CeFe2Co2Sb12,300.0,107.699
CeFe2Co2Sb12,400.0,134.608
CeFe2Co2Sb12,700.0,163.937
CeFe2Co2Sb12,1000.0,117.784
CeFeCo3Sb12,300.0,-87.0125
CeFeCo3Sb12,400.0,-102.424
CeFeCo3Sb12,700.0,-140.861
CeFeCo3Sb12,1000.0,-138.009
CeFe1.5Co2.5Sb12,300.0,16.3458
CeFe1.5Co2.5Sb12,400.0,12.0057
CeFe1.5Co2.5Sb12,700.0,-35.5636
CeFe1.5Co2.5Sb12,1000.0,-89.9103
LaFe3CoSb12,300.0,108.391
LaFe3CoSb12,400.0,142.661
LaFe3CoSb12,700.0,210.479
Zr0.5Hf0.5NiSn,300.0,-177.252
Zr0.5Hf0.5NiSn,700.0,-237.912
Zr0.5Hf0.5NiSn1.998Sb0.002,300.0,-250.0
Zr0.5Hf0.5NiSn1.998Sb0.002,400.0,-281.0
Zr0.5Hf0.5NiSn1.998Sb0.002,700.0,-307.0
Zr0.5Hf0.5NiSn1.994Sb0.006,300.0,-211.0
Zr0.5Hf0.5NiSn1.994Sb0.006,400.0,-237.0
Zr0.5Hf0.5NiSn1.994Sb0.006,700.0,-274.0
Zr0.4Hf0.4Ti0.2NiSn,300.0,-181.756
Zr0.4Hf0.4Ti0.2NiSn,700.0,-287.251
Zr0.35Hf0.35Ti0.3NiSn,300.0,-329.724
Zr0.35Hf0.35Ti0.3NiSn,700.0,-345.217
Zr0.3Hf0.3Ti0.4NiSn,300.0,-316.151
Zr0.3Hf0.3Ti0.4NiSn,700.0,-358.019
Zr0.25Hf0.25Ti0.5NiSn,300.0,-303.567
Zr0.25Hf0.25Ti0.5NiSn,700.0,-333.898
Zr0.15Hf0.15Ti0.7NiSn,300.0,-250.711
Zr0.15Hf0.15Ti0.7NiSn,700.0,-260.931
SrTi0.8Nb0.2O3,300.0,-63.5492
SrTi0.8Nb0.2O3,400.0,-76.9741
SrTi0.8Nb0.2O3,700.0,-122.314
SrTi0.8Nb0.2O3,1000.0,-163.115
SrDy0.08Ti0.92O3,300.0,-49.7
SrDy0.08Ti0.92O3,400.0,-70.5
SrDy0.08Ti0.92O3,700.0,-147.0
SrDy0.08Ti0.92O3,1000.0,-191.6
SrNd0.17Ti0.83O3,300.0,-32.5
SrNd0.17Ti0.83O3,400.0,-42.2
SrNd0.17Ti0.83O3,700.0,-96.0
SrNd0.17Ti0.83O3,1000.0,-141.8
SrNd0.2Ti0.8O3,300.0,-34.4
SrNd0.2Ti0.8O3,400.0,-44.9
SrNd0.2Ti0.8O3,700.0,-94.4
SrNd0.2Ti0.8O3,1000.0,-140.0
SrNd0.24Ti0.76O3,300.0,-22.6
SrNd0.24Ti0.76O3,400.0,-31.5
SrNd0.24Ti0.76O3,700.0,-80.7
SrNd0.24Ti0.76O3,1000.0,-124.0
Zn4Sb3,300.0,122.133
Zn4Sb3,400.0,148.361
Zn4Sb3,700.0,184.769
Zn4Sb3,300.0,126.887
Zn4Sb3,400.0,155.085
Zn4Sb3,700.0,188.372
Zn4Sb3,300.0,135.898
Zn4Sb3,400.0,160.988
Zn4Sb3,700.0,191.811
ZnO,300.0,-301.0
ZnO,400.0,-293.962
ZnO,700.0,-329.869
ZnO,1000.0,-436.926
Zn0.995Al0.005O,300.0,-154.022
Zn0.995Al0.005O,400.0,-190.595
Zn0.995Al0.005O,700.0,-166.107
Zn0.995Al0.005O,1000.0,-231.536
Zn0.99Al0.01O,300.0,-178.859
Zn0.99Al0.01O,400.0,-204.023
Zn0.99Al0.01O,700.0,-182.219
Zn0.99Al0.01O,1000.0,-167.118
Zn0.98Al0.02O,300.0,-137.914
Zn0.98Al0.02O,400.0,-147.654
Zn0.98Al0.02O,700.0,-171.48
Zn0.98Al0.02O,1000.0,-175.0
Zn0.95Al0.05O,300.0,-174.827
Zn0.95Al0.05O,400.0,-173.816
Zn0.95Al0.05O,700.0,-195.646
Zn0.95Al0.05O,1000.0,-200.026
SrNb0.15Ti0.85O3,300.0,-39.5353
SrNb0.15Ti0.85O3,400.0,-47.5373
SrNb0.15Ti0.85O3,700.0,-99.982
SrNb0.15Ti0.85O3,1000.0,-176.694
Ba8Ga16Ge30,300.0,-42.79
Ba8Ga16Ge30,300.0,-49.65
Ba8Ga16Ge30,400.0,-55.98
Ba8Ga16Ge30,400.0,-62.16
Ba8Ga16Ge30,700.0,-102.27
Ba8Ga16Ge30,700.0,-107.38
Ba8Ga16Ge30,1000.0,-141.98
Ba8Ga16Ge30,1000.0,-144.4
CsBi4Te6,300.0,105.3
Sb0.005I0.015Cs0.995Bi3.98Te5.97,300.0,154.2
Ba8Ga16Ge30,300.0,-50.0
Ba8Ga16Ge30,400.0,-75.0
Ba8Ga16Ge30,700.0,-150.0
Ba8Ga16Ge30,1000.0,-200.0
Tl9BiTe6,300.0,256.0
Tl9BiTe6,400.0,337.9
Bi1.2S1.2Ti2S4,300.0,-41.3
Bi1.2S1.2Ti2S4,400.0,-54.85
Bi1.2S1.2Ti2S4,700.0,-89.12
Pb1.8S1.8Ti2S4,300.0,-50.8
Pb1.8S1.8Ti2S4,400.0,-70.8
Pb1.8S1.8Ti2S4,700.0,-128.9
Sn1.2S1.2Ti2S4,300.0,-64.8
Sn1.2S1.2Ti2S4,400.0,-88.8
Sn1.2S1.2Ti2S4,700.0,-140.8
Ba8Au5.14Si39.51,300.0,-102.0
Ba8Au5.14Si39.51,400.0,-118.1
Ba8Au5.14Si39.51,700.0,-98.25
Ba8Au5.59Si39.01,300.0,106.2
Ba8Au5.59Si39.01,400.0,126.5
Ba8Au5.59Si39.01,700.0,136.48
Ba8Au6.10Si38.97,300.0,46.24
Ba8Au6.10Si38.97,400.0,56.99
Ba8Au6.10Si38.97,700.0,76.87
KBi6.33S10,300.0,-25.0
Tl11.5Sb11.5Cu8Se27,300.0,220.0
TlTiPS5,300.0,-160.0
Tl2Cu2SnTe4,300.0,345.0
Mg2Si0.999Bi0.001,300.0,-151.0
Mg2Si0.999Bi0.001,400.0,-164.4
Mg2Si0.999Bi0.001,700.0,-231.0
Mg2Si0.9985Bi0.0015,300.0,-107.0
Mg2Si0.9985Bi0.0015,400.0,-149.0
Mg2Si0.9985Bi0.0015,700.0,-217.0
Mg2Si0.997Bi0.003,300.0,-76.6
Mg2Si0.997Bi0.003,400.0,-101.0
Mg2Si0.997Bi0.003,700.0,-153.0
Mg2Si0.995Bi0.005,300.0,-67.7
Mg2Si0.995Bi0.005,400.0,-83.5
Mg2Si0.995Bi0.005,700.0,-121.2
Mg2Si0.994Bi0.006,300.0,-61.0
Mg2Si0.993Bi0.007,400.0,-78.6
Mg2Si0.993Bi0.007,700.0,-125.0
Mg2Si0.98Bi0.02,300.0,-82.9
Mg2Si0.98Bi0.02,400.0,-110.3
Mg2Si0.98Bi0.02,700.0,-174.9
Mg2Si0.98Bi0.02,1000.0,-212.3
Mg2Si0.6Ge0.4Bi0.02,300.0,-83.0
Mg2Si0.6Ge0.4Bi0.02,400.0,-117.5
Mg2Si0.6Ge0.4Bi0.02,700.0,-176.2
Mg2Si0.6Ge0.4Bi0.02,1000.0,-187.7
Mg2Si0.98Ag0.02,300.0,26.0
Mg2Si0.98Ag0.02,400.0,178.0
Mg2Si0.98Ag0.02,700.0,149.0
Mg2Si0.98Ag0.02,1000.0,192.0
Mg2Si0.6Ge0.4Ag0.02,300.0,30.42
Mg2Si0.6Ge0.4Ag0.02,400.0,157.9
Mg2Si0.6Ge0.4Ag0.02,700.0,318.8
Mg2Si0.6Ge0.4Ag0.02,1000.0,224.0
Ag9TlTe5,300.0,388.0
Ag9TlTe5,400.0,327.0
Ag9TlTe5,700.0,311.0
Tl2SnTe5,300.0,219.0
Tl2GeTe5,300.0,285.0
Tl2SnTe5,300.0,163.0
Tl2SnTe5,300.0,145.0
Sr0.145Ga0.302Ge0.553,300.0,-320.0
Sr0.147Ga0.298Ge0.555,300.0,-154.0
Sr0.146Ga0.285Ge0.569,300.0,-128.0
Ba8Ga16Ge30,300.0,149.0
Ba8Ga16Ge30,400.0,185.0
Ba8Ga16Ge30,700.0,288.0
Ba8Ga16Ge30,1000.0,289.0
Ba8Ga18Ge28,300.0,-78.9
Ba8Ga18Ge28,400.0,-112.9
Ba8Ga18Ge28,700.0,-219.0
Ba8Ga18Ge28,1000.0,-266.0
Ba8Ga16Sn30,300.0,-188.6
Ba8Ga16Sn30,400.0,-233.0
Ba8Ga16Sn30,700.0,-138.0
Sr8Ga16Ge30,300.0,-71.9
Sr8Ga16Ge30,400.0,-94.9
Sr8Ga16Ge30,700.0,-139.0
Ba8Ga16Ge30,300.0,-62.0
Ba8Ga16Ge30,400.0,-100.8
Ba8Ga16Ge30,700.0,-186.0
Ba8Ga16Si30,300.0,-49.3
Ba8Ga16Si30,400.0,-62.8
Ba8Ga16Si30,700.0,-111.0
Mg2Si,300.0,-89.0
Mg2Si,400.0,-189.0
Mg2Si,700.0,-267.0
Mg1.95Ca0.05Si,300.0,-74.8
Mg1.95Ca0.05Si,400.0,-94.8
Mg1.95Ca0.05Si,700.0,-153.0
Mg1.9Ca0.1Si,300.0,-61.0
Mg1.9Ca0.1Si,400.0,-74.0
Mg1.9Ca0.1Si,700.0,-130.0
Mg2Si,300.0,-178.0
Mg2Si,400.0,-205.0
Mg2Si,700.0,-282.6
Cu2Se,300.0,90.0
Cu2Se,400.0,107.0
Cu2Se,700.0,201.0
Cu2Se,1000.0,297.0
Cu1.98Se,300.0,62.4
Cu1.98Se,400.0,64.2
Cu1.98Se,700.0,129.0
Cu1.98Se,1000.0,201.5
Ca3Co4O9,300.0,125.5
Ca3Co4O9,400.0,152.0
Ca3Co4O9,700.0,197.0
Ca3Co4O9,1000.0,245.0
Ca3Co4O9,300.0,117.0
Ca3Co4O9,400.0,121.0
Ca3Co4O9,700.0,147.0
Ca3Co4O9,1000.0,177.0
Ca2.7Na0.3Co4O9,300.0,117.0
Ca2.7Na0.3Co4O9,400.0,125.6
Ca2.7Na0.3Co4O9,700.0,153.6
Ca2.7Na0.3Co4O9,1000.0,184.0
Ca2.7Bi0.3Co4O9,300.0,135.4
Ca2.7Bi0.3Co4O9,400.0,140.8
Ca2.7Bi0.3Co4O9,700.0,169.0
Ca2.7Bi0.3Co4O9,1000.0,196.8
Ca2.4Na0.3Bi0.3Co4O9,300.0,132.0
Ca2.4Na0.3Bi0.3Co4O9,400.0,144.6
Ca2.4Na0.3Bi0.3Co4O9,700.0,173.0
Ca2.4Na0.3Bi0.3Co4O9,1000.0,205.0
Sr0.9Y0.1TiO3,300.0,-92.5
Sr0.9Y0.1TiO3,400.0,-119.5
Sr0.9Y0.1TiO3,700.0,-185.3
Sr0.9Y0.1TiO3,1000.0,-228.0
Ba0.3Sr0.6La0.1TiO3,300.0,-82.2
Ba0.3Sr0.6La0.1TiO3,400.0,-101.4
Ba0.3Sr0.6La0.1TiO3,700.0,-163.0
CuRhO2,300.0,294.8
CuRhO2,400.0,275.3
CuRhO2,700.0,292.4
CuRhO2,1000.0,317.0
CuRh0.99Mg0.01O2,300.0,261.0
CuRh0.99Mg0.01O2,400.0,259.0
CuRh0.99Mg0.01O2,700.0,283.0
CuRh0.99Mg0.01O2,1000.0,315.0
CuRh0.96Mg0.04O2,300.0,174.4
CuRh0.96Mg0.04O2,400.0,187.8
CuRh0.96Mg0.04O2,700.0,232.0
CuRh0.96Mg0.04O2,1000.0,271.0
CuRh0.9Mg0.1O2,300.0,99.7
CuRh0.9Mg0.1O2,400.0,115.0
CuRh0.9Mg0.1O2,700.0,144.9
CuRh0.6Mg0.4O2,1000.0,168.2
Ca3AlSb3,300.0,165.0
Ca3AlSb3,400.0,315.9
Ca3AlSb3,700.0,411.8
Ca3AlSb3,1000.0,265.4
Ca2.97Na0.03AlSb3,300.0,90.0
Ca2.97Na0.03AlSb3,400.0,164.8
Ca2.97Na0.03AlSb3,700.0,248.0
Ca2.97Na0.03AlSb3,1000.0,287.5
Ca2.94Na0.06AlSb3,300.0,81.5
Ca2.94Na0.06AlSb3,400.0,150.0
Ca2.94Na0.06AlSb3,700.0,233.0
Ca2.94Na0.06AlSb3,1000.0,262.0
Ca2.85Na0.15AlSb3,300.0,112.6
Ca2.85Na0.15AlSb3,400.0,152.0
Ca2.85Na0.15AlSb3,700.0,215.0
Ca2.85Na0.15AlSb3,1000.0,243.0
Fe0.998Co0.002Si2,300.0,-191.0
Fe0.998Co0.002Si2,400.0,-183.0
Fe0.998Co0.002Si2,700.0,-180.6
Fe0.998Co0.002Si2,1000.0,-87.3
Fe0.978Co0.00196Si1.96Y0.04O0.06,300.0,-318.0
Fe0.978Co0.00196Si1.96Y0.04O0.06,400.0,-327.0
Fe0.978Co0.00196Si1.96Y0.04O0.06,700.0,-287.0
Fe0.978Co0.00196Si1.96Y0.04O0.06,1000.0,-100.8
Fe0.978Co0.00196Si1.96Y0.12O0.18,300.0,-226.0
Fe0.978Co0.00196Si1.96Y0.12O0.18,400.0,-227.0
Fe0.978Co0.00196Si1.96Y0.12O0.18,700.0,-222.0
Fe0.978Co0.00196Si1.96Y0.12O0.18,1000.0,-68.0
Ca5Al2Sb6,300.0,470.0
Ca5Al2Sb6,400.0,463.0
Ca5Al2Sb6,700.0,390.0
Ca4.95Na0.05Al2Sb6,300.0,193.0
Ca4.95Na0.05Al2Sb6,400.0,219.9
Ca4.95Na0.05Al2Sb6,700.0,261.7
Ca4.75Na0.25Al2Sb6,300.0,142.7
Ca4.75Na0.25Al2Sb6,400.0,161.0
Ca4.75Na0.25Al2Sb6,700.0,200.8
Ca4.75Na0.25Al2Sb6,1000.0,207.0
Fe1.98Ti0.02O3,300.0,-413.39
Fe1.98Ti0.02O3,400.0,-402.83
Fe1.98Ti0.02O3,700.0,-370.39
Fe1.98Ti0.02O3,1000.0,-371.87
Fe1.96Ti0.04O3,300.0,-366.46
Fe1.96Ti0.04O3,400.0,-343.86
Fe1.96Ti0.04O3,700.0,-322.97
Fe1.96Ti0.04O3,1000.0,-328.38
Fe1.94Ti0.06O3,300.0,-335.01
Fe1.94Ti0.06O3,400.0,-308.72
Fe1.94Ti0.06O3,700.0,-292.02
Fe1.94Ti0.06O3,1000.0,-294.72
Fe1.98Sn0.02O3,300.0,-427.64
Fe1.98Sn0.02O3,400.0,-413.39
Fe1.98Sn0.02O3,700.0,-373.83
Fe1.98Sn0.02O3,1000.0,-374.57
Fe1.96Sn0.04O3,300.0,-364.5
Fe1.96Sn0.04O3,400.0,-335.5
Fe1.96Sn0.04O3,700.0,-317.81
Fe1.96Sn0.04O3,1000.0,-323.46
Ba7SrAl16Si30,300.0,-26.52
Ba7SrAl16Si30,400.0,-33.75
Ba7SrAl16Si30,700.0,-53.15
Ba7SrAl16Si30,1000.0,-79.05
Nd2CuO4,300.0,-752.2
Nd2CuO4,400.0,-618.43
Nd2CuO4,700.0,-99.7
Nd2CuO4,1000.0,26.27
Nd2Cu0.98Ni0.02O4,300.0,-249.39
Nd2Cu0.98Ni0.02O4,400.0,-182.68
Nd2Cu0.98Ni0.02O4,700.0,-98.5
Nd2Cu0.98Ni0.02O4,1000.0,-82.67
Nd2Cu0.98Zn0.02O4,300.0,-343.22
Nd2Cu0.98Zn0.02O4,400.0,-294.38
Nd2Cu0.98Zn0.02O4,700.0,-175.63
Nd2Cu0.98Zn0.02O4,1000.0,-63.68
La3Te3.8Sb0.2,300.0,-45.0
La3Te3.8Sb0.2,400.0,-46.6
La3Te3.8Sb0.2,700.0,-67.6
La3Te3.8Sb0.2,1000.0,-87.8
La3Te3.65Sb0.35,300.0,-53.0
La3Te3.65Sb0.35,400.0,-58.0
La3Te3.65Sb0.35,700.0,-87.2
La3Te3.65Sb0.35,1000.0,-117.3
La3Te3.35Sb0.65,300.0,-91.0
La3Te3.35Sb0.65,400.0,-89.9
La3Te3.35Sb0.65,700.0,-159.3
La3Te3.35Sb0.65,1000.0,-221.2
La3Te3.35Bi0.65,300.0,-71.0
La3Te3.35Bi0.65,400.0,-69.5
La3Te3.35Bi0.65,700.0,-130.6
La3Te3.35Bi0.65,1000.0,-185.2
La2.99Te4,300.0,-40.87
La2.99Te4,400.0,-41.6
La2.99Te4,700.0,-57.6
La2.99Te4,1000.0,-74.7
La2.74Te4,300.0,-41.0
La2.74Te4,400.0,-89.0
La2.74Te4,700.0,-159.0
La2.74Te4,1000.0,-215.0
Zn0.9975Al0.0025O,300.0,-210.0
Zn0.9975Al0.0025O,400.0,-220.0
Zn0.9975Al0.0025O,700.0,-268.0
Zn0.9975Al0.0025O,1000.0,-316.0
Sr0.61Ba0.39Nb2O6,300.0,-92.4
Sr0.61Ba0.39Nb2O6,300.0,-186.0
Sr0.61Ba0.39Nb2O6,400.0,-194.0
Sr0.61Ba0.39Nb2O6,700.0,-201.0
Sr0.61Ba0.39Nb2O6,300.0,-220.0
Sr0.61Ba0.39Nb2O6,400.0,-220.0
Sr0.61Ba0.39Nb2O6,700.0,-216.0
Sr4.5Nb4.5O15.5,300.0,-19.0
Sr1.6La0.4Nb2O7,300.0,-107.0
Si0.8Ge0.2,300.0,120.75
Si0.8Ge0.2,400.0,138.43
Si0.8Ge0.2,700.0,191.49
Si0.8Ge0.2,1000.0,231.64
Pb0.96Sr0.4TeNa0.2,300.0,81.0
Pb0.96Sr0.4TeNa0.2,400.0,128.0
Pb0.96Sr0.4TeNa0.2,700.0,239.0
Pb0.96Sr0.4TeNa0.2,1000.0,265.0
Pb0.98Sr0.2TeNa0.1,300.0,68.0
Pb0.98Sr0.2TeNa0.1,400.0,117.0
Pb0.98Sr0.2TeNa0.1,700.0,263.0
Pb0.98TeNa0.2,300.0,64.0
Pb0.98TeNa0.2,400.0,105.0
Pb0.98TeNa0.2,700.0,236.0
W08,300.0,-43.647359
W08,400.0,-58.451946
W08,700.0,-98.148999
W08,1000.0,-130.77099
Mg.305(Sb.03Bi.07).1999Te.001,300.0,-135.71
Mg.305(Sb.03Bi.07).1999Te.001,400.0,-175.0
Mg.305(Sb.03Bi.07).1999Te.001,700.0,-199.55
Mg.305(Sb.03Bi.07)0.19975Te.00025,300.0,-205.05
Mg.305(Sb.03Bi.07)0.19975Te.00025,400.0,-232.24
Mg.305(Sb.03Bi.07)0.19975Te.00025,700.0,-192.12
BiCuSeO,300.0,350.0
BiCuSeO,400.0,350.63
BiCuSeO,700.0,367.92
BiCuSeO,1000.0,386.79
Bi.98Ca.01Pb.01CuSeO,300.0,170.2595937
Bi.98Ca.01Pb.01CuSeO,400.0,182.4492099
Bi.98Ca.01Pb.01CuSeO,700.0,224.6049661
Bi.98Ca.01Pb.01CuSeO,1000.0,240.8577878
Bi.94Ca.02Pb.02CuSeO,300.0,161.6252822
Bi.94Ca.02Pb.02CuSeO,400.0,174.8306998
Bi.94Ca.02Pb.02CuSeO,700.0,213.9390519
Bi.94Ca.02Pb.02CuSeO,1000.0,228.1602709
Bi.92Ca.04Pb.04CuSeO,300.0,139.2776524
Bi.92Ca.04Pb.04CuSeO,400.0,150.4514673
Bi.92Ca.04Pb.04CuSeO,700.0,184.4808126
Bi.92Ca.04Pb.04CuSeO,1000.0,196.1625282
Bi.88Ca.06Pb.06CuSeO,300.0,147.9119639
Bi.88Ca.06Pb.06CuSeO,400.0,161.1173815
Bi.88Ca.06Pb.06CuSeO,700.0,206.8284424
Bi.88Ca.06Pb.06CuSeO,1000.0,225.1128668
Bi.84Ca.08Pb.08CuSeO,300.0,114.8984199
Bi.84Ca.08Pb.08CuSeO,400.0,129.1196388
Bi.84Ca.08Pb.08CuSeO,700.0,169.751693
Bi.84Ca.08Pb.08CuSeO,1000.0,181.4334086
Bi.80Ca.10Pb.10CuSeO,300.0,100.1693002
Bi.80Ca.10Pb.10CuSeO,400.0,111.3431151
Bi.80Ca.10Pb.10CuSeO,700.0,148.4198646
Bi.80Ca.10Pb.10CuSeO,1000.0,161.1173815
LaOBiS2,300.0,-57.35099338
LaOBiS2,400.0,-93.77483444
LaOBiS2,700.0,-130.5298013
LaOBiS.16Se.04,300.0,-67.28476821
LaOBiS.16Se.04,400.0,-98.0794702
LaOBiS.16Se.04,700.0,-143.4437086
LaOBiS.14Se.06,300.0,-72.58278146
LaOBiS.14Se.06,400.0,-102.7152318
LaOBiS.14Se.06,700.0,-146.4238411
LaOBiS.12Se.08,300.0,-82.18543046
LaOBiS.12Se.08,400.0,-104.7019868
LaOBiS.12Se.08,700.0,-158.3443709
LaOBiS.10Se.10,300.0,-79.53642384
LaOBiS.10Se.10,400.0,-100.7284768
LaOBiS.10Se.10,700.0,-150.0662252
La.95F.05OBiS2,300.0,-73.87022016
La.95F.05OBiS2,400.0,-82.27114716
La.75F.25OBiS2,300.0,-33.89339513
La.75F.25OBiS2,400.0,-37.36964079
La.50F.50OBiS2,300.0,-27.5202781
La.50F.50OBiS2,400.0,-33.02433372
Bi2O2Se,300.0,-369.7876448
Bi2O2Se,400.0,-392.3745174
Bi2O2Se,700.0,-404.9227799
Bi1.94Ta0.06O2,300.0,-158.976834
Bi1.94Ta0.06O2,400.0,-189.0926641
Bi1.94Ta0.06O2,700.0,-255.5984556
Bi1.92Ta0.08O2,300.0,-126.3513514
Bi1.92Ta0.08O2,400.0,-153.957529
Bi1.92Ta0.08O2,700.0,-212.9343629
Bi1.90Ta0.10O2,300.0,-116.3127413
Bi1.90Ta0.10O2,400.0,-141.4092664
Bi1.90Ta0.10O2,700.0,-199.1312741
Bi1.88Ta0.12O2,300.0,-116.3127413
Bi1.88Ta0.12O2,400.0,-142.6640927
Bi1.88Ta0.12O2,700.0,-195.3667954
Bi2YO4Cu2Se2,300.0,19.58333333
Bi2YO4Cu2Se2,400.0,23.54166667
Bi2YO4Cu2Se2,700.0,45.625
Bi2YO4Cu2Se2,1000.0,61.875
Bi2YO4Cu2Se1.95I.05,300.0,16.66666667
Bi2YO4Cu2Se1.95I.05,400.0,20.20833333
Bi2YO4Cu2Se1.95I.05,700.0,50.0
Bi2YO4Cu2Se1.9I.10,300.0,39.79166667
Bi2YO4Cu2Se1.9I.10,400.0,36.45833333
Bi2YO4Cu2Se1.9I.10,700.0,52.5
Bi2YO4Cu2Se1.9I.10,1000.0,63.125
Bi2YO4Cu2Se1.85I.15,300.0,26.04166667
Bi2YO4Cu2Se1.85I.15,400.0,30.20833333
Bi2YO4Cu2Se1.85I.15,700.0,68.125
Bi2YO4Cu2Se1.80I.20,300.0,18.125
Bi2YO4Cu2Se1.80I.20,400.0,21.66666667
Bi2YO4Cu2Se1.80I.20,700.0,47.08333333
Bi2YO4Cu2Se1.80I.20,1000.0,66.66666667
Mg3.07Sb1.5Bi0.48Se.02,300.0,-275.7476636
Mg3.07Sb1.5Bi0.48Se.02,400.0,-285.1401869
Mg3.07Sb1.5Bi0.48Se.02,700.0,-301.8224299
Mg3.07Sb1.5Bi0.47Se.03,300.0,-280.6542056
Mg3.07Sb1.5Bi0.47Se.03,400.0,-293.271028
Mg3.07Sb1.5Bi0.47Se.03,700.0,-301.2616822
Mg3.07Sb1.5Bi0.46Se.04,300.0,-281.3551402
Mg3.07Sb1.5Bi0.46Se.04,400.0,-297.8971963
Mg3.07Sb1.5Bi0.46Se.04,700.0,-304.4859813
Mg3.07Sb1.5Bi0.45Se.05,300.0,-278.9719626
Mg3.07Sb1.5Bi0.45Se.05,400.0,-293.8317757
Mg3.07Sb1.5Bi0.45Se.05,700.0,-306.1682243
Mg3.07Sb1.5Bi0.44Se.06,300.0,-296.0747664
Mg3.07Sb1.5Bi0.44Se.06,400.0,-304.2056075
Mg3.07Sb1.5Bi0.44Se.06,700.0,-314.1588785
Sn.985Na.015Se (hole doped)   B axis,300.0,160.74
Sn.985Na.015Se (hole doped)   B axis,400.0,199.47
Sn.985Na.015Se (hole doped)   B axis,700.0,319.19
Sn.985Na.015Se (hole doped)   A axis,300.0,150.18
Sn.985Na.015Se (hole doped)   A axis,400.0,183.63
Sn.985Na.015Se (hole doped)   A axis,700.0,305.11
Sn.985Na.015Se (hole doped)   C axis,300.0,158.98
Sn.985Na.015Se (hole doped)   C axis,400.0,194.19
Sn.985Na.015Se (hole doped)   C axis,700.0,323.59
Bi.38Sb1.62Te3,300.0,185.72
Bi.38Sb1.62Te3,400.0,207.81
Bi.38Sb1.62Te3,700.0,197.04
Bi.38Sb1.62Te3+.5%(Ge.5Mn.5Te),300.0,161.75
Bi.38Sb1.62Te3+.5%(Ge.5Mn.5Te),400.0,187.07
Bi.38Sb1.62Te3+.5%(Ge.5Mn.5Te),700.0,188.69
Bi.38Sb1.62Te3+1%(Ge.5Mn.5Te),300.0,135.35
Bi.38Sb1.62Te3+1%(Ge.5Mn.5Te),400.0,159.87
Bi.38Sb1.62Te3+1%(Ge.5Mn.5Te),700.0,169.83
Bi.38Sb1.62Te3+1.5%(Ge.5Mn.5Te),300.0,125.66
Bi.38Sb1.62Te3+1.5%(Ge.5Mn.5Te),400.0,153.94
Bi.38Sb1.62Te3+1.5%(Ge.5Mn.5Te),700.0,162.02
BiSbTe1.5Se1.5,300.0,146.1009174
BiSbTe1.5Se1.5,400.0,135.4357798
BiSbTe1.5Se1.5,700.0,140.940367
(BiSbTe1.5Se1.5).997Ag.003,300.0,200.8027523
(BiSbTe1.5Se1.5).997Ag.003,400.0,235.5504587
(BiSbTe1.5Se1.5).997Ag.003,700.0,220.412844
(BiSbTe1.5Se1.5).994Ag.006,300.0,185.3211009
(BiSbTe1.5Se1.5).994Ag.006,400.0,220.7568807
(BiSbTe1.5Se1.5).994Ag.006,700.0,215.940367
(BiSbTe1.5Se1.5).991Ag.009,300.0,176.0321101
(BiSbTe1.5Se1.5).991Ag.009,400.0,211.4678899
(BiSbTe1.5Se1.5).991Ag.009,700.0,218.3486239
(BiSbTe1.5Se1.5).988Ag.012,300.0,219.0366972
(BiSbTe1.5Se1.5).988Ag.012,400.0,241.0550459
(BiSbTe1.5Se1.5).988Ag.012,700.0,198.7385321
Bi0.5Sb1.5Te2.7Se.3,300.0,106.67
Bi0.5Sb1.5Te2.7Se.3,400.0,131.0
Bi0.5Sb1.5Te2.7Se.3,700.0,154.69
Bi0.5Sb1.5Te2.5Se.5,300.0,87.85
Bi0.5Sb1.5Te2.5Se.5,400.0,110.88
Bi0.5Sb1.5Te2.5Se.5,700.0,147.23
Bi0.5Sb1.5Te2.25Se.75,300.0,160.21
Bi0.5Sb1.5Te2.25Se.75,400.0,179.03
Bi0.5Sb1.5Te2.25Se.75,700.0,137.49
BI.4Sb1.6Te3,300.0,213.25
BI.4Sb1.6Te3,400.0,228.5
BI.4Sb1.6Te3,700.0,174.6
BI.4Sb1.590Ge.010Te3,300.0,209.6
BI.4Sb1.590Ge.010Te3,400.0,222.7
BI.4Sb1.590Ge.010Te3,700.0,172.67
BI.4Sb1.585Ge.015Te3,300.0,198.65
BI.4Sb1.585Ge.015Te3,400.0,210.67
BI.4Sb1.585Ge.015Te3,700.0,166.66
BI.4Sb1.580Ge.020Te3,300.0,152.7
BI.4Sb1.580Ge.020Te3,400.0,170.31
BI.4Sb1.580Ge.020Te3,700.0,152.7
Bi2Te2.4Se0.6,300.0,-287.49
Bi2Te2.4Se0.6,400.0,-267.17
Bi2Te2.4Se0.6,700.0,-128.13
Bi2Te2.3I.1Se0.6,300.0,-114.22
Bi2Te2.3I.1Se0.6,400.0,-133.48
Bi2Te2.3I.1Se0.6,700.0,-153.8
Bi2Te2.2I.2Se0.6,300.0,-77.86
Bi2Te2.2I.2Se0.6,400.0,-98.18
Bi2Te2.2I.2Se0.6,700.0,-125.99
Bi2Te2.5Se0.6,300.0,-165.56
Bi2Te2.5Se0.6,400.0,-188.02
Bi2Te2.5Se0.6,700.0,-161.28
Bi2Te2.6Se0.6,300.0,-127.06
Bi2Te2.6Se0.6,400.0,-147.38
Bi2Te2.6Se0.6,700.0,-158.07
 Bi.048SB.152Te.3///Bi.048SB.152Te.3+Xwt%,300.0,196.2219959
 Bi.048SB.152Te.3///Bi.048SB.152Te.3+Xwt%,400.0,215.1527495
 Bi.048SB.152Te.3///Bi.048SB.152Te.3+Xwt%,700.0,169.5621181
Bi.048SB.152Te.3+.005wt%PbTe,300.0,176.7311609
Bi.048SB.152Te.3+.005wt%PbTe,400.0,202.3828921
Bi.048SB.152Te.3+.005wt%PbTe,700.0,179.4195519
Bi.048SB.152Te.3+.01wt%PbTe,300.0,159.8167006
Bi.048SB.152Te.3+.01wt%PbTe,400.0,184.4602851
Bi.048SB.152Te.3+.01wt%PbTe,700.0,180.98778
Bi.048SB.152Te.3+.015wt%PbTe,300.0,155.7841141
Bi.048SB.152Te.3+.015wt%PbTe,400.0,182.2199593
Bi.048SB.152Te.3+.015wt%PbTe,700.0,186.700611
Bi.035Sb1.65Te3,300.0,283.99
Bi.035Sb1.65Te3,400.0,374.38
Bi.05Sb1.5Te3,300.0,173.67
Bi.05Sb1.5Te3,400.0,209.25
BiSbTe3,300.0,160.14
Bi2Te3,300.0,52.67
Cu3Sb1Se4,300.0,340.57
Cu3Sb1Se4,400.0,366.51
Cu3Sb1Se4,700.0,300.0
Cu3Sb.99Bi.01Se4,300.0,439.15
Cu3Sb.99Bi.01Se4,400.0,475.94
Cu3Sb.99Bi.01Se4,700.0,403.77
Cu3Sb.98Bi.02Se4,300.0,431.6
Cu3Sb.98Bi.02Se4,400.0,433.49
Cu3Sb.98Bi.02Se4,700.0,368.87
Cu3Sb.96Bi.04Se4,300.0,418.4
Cu3Sb.96Bi.04Se4,400.0,464.62
Cu3Sb.96Bi.04Se4,700.0,375.47
Cu3Sb.8Bi.1Se4,300.0,402.36
Cu3Sb.8Bi.1Se4,400.0,443.87
Cu3Sb.8Bi.1Se4,700.0,392.92
Bi.48SB1.52Te3,300.0,245.1724138
Bi.48SB1.52Te3,400.0,248.6206897
Bi.48SB1.52Te3,700.0,139.137931
Bi.48SB1.52Te3+1%(MnSb2Se4),300.0,185.2586207
Bi.48SB1.52Te3+1%(MnSb2Se4),400.0,210.0431034
Bi.48SB1.52Te3+1%(MnSb2Se4),700.0,189.3534483
Bi.48SB1.52Te3+2%(MnSb2Se4),300.0,194.9568966
Bi.48SB1.52Te3+2%(MnSb2Se4),400.0,217.8017241
Bi.48SB1.52Te3+2%(MnSb2Se4),700.0,185.4741379
Bi.48SB1.52Te3+3%(MnSb2Se4),300.0,214.7844828
Bi.48SB1.52Te3+3%(MnSb2Se4),400.0,235.0431034
Bi.48SB1.52Te3+3%(MnSb2Se4),700.0,183.9655172
Bi.48SB1.52Te3+4%(MnSb2Se4),300.0,222.112069
Bi.48SB1.52Te3+4%(MnSb2Se4),400.0,236.9827586
Bi.48SB1.52Te3+4%(MnSb2Se4),700.0,180.3017241
Bi.48SB1.52Te3+2%(Mn.8Cu.2Sb2Se4),300.0,195.8189655
Bi.48SB1.52Te3+2%(Mn.8Cu.2Sb2Se4),400.0,215.6465517
Bi.48SB1.52Te3+2%(Mn.8Cu.2Sb2Se4),700.0,194.5258621
Cu2Se,300.0,66.35
Cu2Se,400.0,86.06
Cu2Se,700.0,192.31
Cu2Se,1000.0,260.1
Cu1.98Ag.02Se,300.0,50.0
Cu1.98Ag.02Se,400.0,198.08
Cu1.98Ag.02Se,700.0,323.56
Cu1.98Ag.02Se,1000.0,264.9
Cu2Te,300.0,18.27
Cu2Te,400.0,28.85
Cu2Te,700.0,46.63
Cu2Te,1000.0,76.92
Cu1.98Ag.02Te,300.0,48.08
Cu1.98Ag.02Te,400.0,58.17
Cu1.98Ag.02Te,700.0,111.06
Cu1.98Ag.02Te,1000.0,160.1
Cu2S,300.0,295.83
Cu2S,400.0,356.94
Cu2S,700.0,337.5
Cu2S,1000.0,444.44
Cu1.98S,300.0,152.78
Cu1.98S,400.0,191.67
Cu1.98S,700.0,277.78
Cu1.98S,1000.0,344.44
Cu1.97S,300.0,101.39
Cu1.97S,400.0,148.61
Cu1.97S,700.0,227.78
Cu1.97S,1000.0,305.56
Cu2S.5Te.5,300.0,56.52
Cu2S.5Te.5,400.0,73.91
Cu2S.5Te.5,700.0,166.67
Cu2S.5Te.5,1000.0,273.91
Cu2S.52Te.48,300.0,62.32
Cu2S.52Te.48,400.0,76.81
Cu2S.52Te.48,700.0,143.48
Cu2S.52Te.48,1000.0,218.84
Cu2S.54Te.46,300.0,71.01
Cu2S.54Te.46,400.0,88.41
Cu2S.54Te.46,700.0,159.42
Cu2S.54Te.46,1000.0,243.48
Cu2S,300.0,294.2
Cu2S,400.0,344.93
Cu2S,700.0,336.23
Cu2S,1000.0,440.58
Cu2Se,300.0,88.41
Cu2Se,400.0,105.8
Cu2Se,700.0,198.55
Cu2Se,1000.0,297.1
Cu1.97Se,300.0,101.45
Cu1.97Se,400.0,140.58
Cu1.97Se,700.0,223.19
Cu1.97Se,1000.0,302.9
Cu2Te,300.0,23.19
Cu2Te,400.0,27.54
Cu2Te,700.0,52.17
Cu2Te,1000.0,89.86
Cu3Sb1Se4,300.0,356.48
Cu3Sb1Se4,400.0,370.37
Cu3Sb1Se4,700.0,301.85
Cu3Sb.96Sn.02Bi.02Se4,300.0,150.0
Cu3Sb.96Sn.02Bi.02Se4,400.0,184.26
Cu3Sb.96Sn.02Bi.02Se4,700.0,281.48
Cu3Sb.93Sn.05Bi.02Se4,300.0,85.19
Cu3Sb.93Sn.05Bi.02Se4,400.0,108.33
Cu3Sb.93Sn.05Bi.02Se4,700.0,178.7
Cu3Sb.88Sn.1Bi.02Se4,300.0,75.0
Cu3Sb.88Sn.1Bi.02Se4,400.0,91.67
Cu3Sb.88Sn.1Bi.02Se4,700.0,157.41
Cu3Sb.9Sn.1Se4,300.0,62.96
Cu3Sb.9Sn.1Se4,400.0,75.93
Cu3Sb.9Sn.1Se4,700.0,115.74
Cu3Sb.98Bi.02Se4,300.0,434.26
Cu3Sb.98Bi.02Se4,400.0,439.81
Cu3Sb.98Bi.02Se4,700.0,372.22
Cu3Sb1Se4,300.0,353.90625
Cu3Sb1Se4,400.0,368.75
Cu3Sb1Se4,700.0,300.78125
Cu3Sb.99Sn.01Se4,300.0,151.5625
Cu3Sb.99Sn.01Se4,400.0,175.78125
Cu3Sb.99Sn.01Se4,700.0,239.0625
Cu3Sb.98Sn.02Se4,300.0,119.53125
Cu3Sb.98Sn.02Se4,400.0,140.625
Cu3Sb.98Sn.02Se4,700.0,210.15625
Cu3Sb.95Sn.05Se4,300.0,86.71875
Cu3Sb.95Sn.05Se4,400.0,106.25
Cu3Sb.95Sn.05Se4,700.0,169.53125
Cu3Sb1-xSnxSe4,300.0,66.40625
Cu3Sb.9Sn.1Se4,400.0,75.78125
Cu3Sb.9Sn.1Se4,700.0,118.75
Cu3Sb1Se4,300.0,351.7
Cu3Sb1Se4,400.0,366.48
Cu3Sb1Se4,700.0,302.84
Cu3Sb.99Bi.01Se4,300.0,435.8
Cu3Sb.99Bi.01Se4,400.0,472.16
Cu3Sb.99Bi.01Se4,700.0,401.7
Cu3Sb.98Bi.02Se4,300.0,426.7
Cu3Sb.98Bi.02Se4,400.0,430.11
Cu3Sb.98Bi.02Se4,700.0,368.18
Cu3Sb.96Bi.04Se4,300.0,415.34
Cu3Sb.96Bi.04Se4,400.0,461.93
Cu3Sb.96Bi.04Se4,700.0,378.98
Cu3Sb.9Bi.1Se4,300.0,403.98
Cu3Sb.9Bi.1Se4,400.0,440.34
Cu3Sb.9Bi.1Se4,700.0,389.2
CuInTe2(annealed 1hr),300.0,382.39
CuInTe2(annealed 1hr),400.0,403.41
CuInTe2(annealed 1hr),700.0,307.39
CuInTe2(annealed 1hr),1000.0,284.09
CuInTe2(annealed 3 Days),300.0,272.16
CuInTe2(annealed 3 Days),400.0,300.0
CuInTe2(annealed 3 Days),700.0,290.91
CuInTe2(annealed 3 Days),1000.0,275.57
CuInTe2(annealed 7 Days),300.0,253.98
CuInTe2(annealed 7 Days),400.0,284.66
CuInTe2(annealed 7 Days),700.0,276.14
CuInTe2(annealed 7 Days),1000.0,280.68
MgAg0.97Sb.985As.005,300.0,198.99
MgAg0.97Sb.985As.005,400.0,214.32
MgAg0.97Sb.985As.005,700.0,175.13
MgAg0.97Sb.98As.01,300.0,181.41
MgAg0.97Sb.98As.01,400.0,204.52
MgAg0.97Sb.98As.01,700.0,168.59
MgAg0.97Sb.985Bi.005,300.0,257.04
MgAg0.97Sb.985Bi.005,400.0,261.56
MgAg0.97Sb.985Bi.005,700.0,211.81
MgAg0.97Sb.98Bi.01,300.0,261.06
MgAg0.97Sb.98Bi.01,400.0,263.82
MgAg0.97Sb.98Bi.01,700.0,214.82
MgAg0.97Sb.985Sn.005,300.0,235.56
MgAg0.97Sb.985Sn.005,400.0,243.48
MgAg0.97Sb.985Sn.005,700.0,197.36
MgAg0.97Sb.98Sn.01,300.0,218.17
MgAg0.97Sb.98Sn.01,400.0,229.19
MgAg0.97Sb.98Sn.01,700.0,183.23
MgAg0.97Sb.985Pb.005,300.0,251.4
MgAg0.97Sb.985Pb.005,400.0,255.59
MgAg0.97Sb.985Pb.005,700.0,207.14
MgAg0.97Sb.98Pb.01,300.0,246.12
MgAg0.97Sb.98Pb.01,400.0,252.95
MgAg0.97Sb.98Pb.01,700.0,202.8
BiSbTe,300.0,194.79
BiSbTe,400.0,218.06
BiSbTe,700.0,205.56
BiSbTe+(T2O3)2wt%,300.0,278.47
BiSbTe+(T2O3)2wt%,400.0,253.47
BiSbTe+(T2O3)2wt%,700.0,175.69
BiSbTe+(T2O3)4wt%,300.0,260.42
BiSbTe+(T2O3)4wt%,400.0,220.83
BiSbTe+(T2O3)4wt%,700.0,164.58
BiSbTe+(T2O3)6%,300.0,223.26
BiSbTe+(T2O3)6wt%,400.0,227.08
BiSbTe+(T2O3)6wt%,700.0,161.11
BaCu5.7Se.6Te6.4,300.0,108.21
BaCu5.7Se.6Te6.4,400.0,121.43
BaCu5.7Se.6Te6.4,700.0,136.43
Cu2ZnSn.90In0.10Se4,300.0,0.932515337
Cu2ZnSn.90In0.10Se4,400.0,1.128834356
Cu2ZnSn.90In0.10Se4,700.0,1.889570552
Cu2ZnSn.90In0.10Se4,1000.0,2.957055215
Cu2ZnSnSe4,300.0,136.5
Cu2ZnSnSe4,400.0,178.83
Cu2ZnSnSe4,700.0,305.11
Cu2ZnSn.95In0.05Se4,300.0,91.97
Cu2ZnSn.95In0.05Se4,400.0,124.82
Cu2ZnSn.95In0.05Se4,700.0,233.58
Cu2ZnSn.90In0.10Se4,300.0,93.43
Cu2ZnSn.90In0.10Se4,400.0,119.71
Cu2ZnSn.90In0.10Se4,700.0,213.87
Cu2ZnSn.85In0.15Se4,300.0,78.83
Cu2ZnSn.85In0.15Se4,400.0,92.7
Cu2ZnSn.85In0.15Se4,700.0,197.81
BaCu5.9SeTe6,300.0,181.03
BaCu5.9SeTe6,400.0,215.52
BaCu5.9SeTe6,700.0,215.8
BaCu5.9STe6,300.0,205.75
BaCu5.9STe6,400.0,216.67
BaCu5.9STe6,700.0,195.4
Ba8Ni4Ge42,300.0,-106.79
Ba8Ni4Ge42,400.0,-130.68
Ba8Ni4Ge42,700.0,-84.02
Ba8Ni4Ge42,1000.0,-60.82
Ba8Ni2.97Ga3.94Ge39.09,300.0,-117.62
Ba8Ni2.97Ga3.94Ge39.09,400.0,-145.26
Ba8Ni2.97Ga3.94Ge39.09,700.0,-153.59
Ba8Ni2.97Ga3.94Ge39.09,1000.0,-90.96
Ba8Ni1.90Ga8.04Ge36.06,300.0,-102.63
Ba8Ni1.90Ga8.04Ge36.06,400.0,-126.51
Ba8Ni1.90Ga8.04Ge36.06,700.0,-182.34
Ba8Ni1.90Ga8.04Ge36.06,1000.0,-77.77
Ba8Ni.84Ga12.07Ge33.09,300.0,-62.2
Ba8Ni.84Ga12.07Ge33.09,400.0,-83.6
Ba8Ni.84Ga12.07Ge33.09,700.0,-155.67
Ba8Ni.84Ga12.07Ge33.09,1000.0,-179.29
Ba8Ni.32Ga13.63Ge32.05,300.0,-45.95
Ba8Ni.32Ga13.63Ge32.05,400.0,-61.51
Ba8Ni.32Ga13.63Ge32.05,700.0,-120.26
Ba8Ni.32Ga13.63Ge32.05,1000.0,-169.43
Ba0.06La0.05Yb0.02Co4Sb12,300.0,-137.91
Ba0.06La0.05Yb0.02Co4Sb12,400.0,-165.97
Ba0.06La0.05Yb0.02Co4Sb12,700.0,-208.96
Ba0.06La0.05Yb0.02Co4Sb12,1000.0,-211.04
Ba0.08La0.05Yb0.04Co4Sb12,300.0,-126.27
Ba0.08La0.05Yb0.04Co4Sb12,400.0,-142.39
Ba0.08La0.05Yb0.04Co4Sb12,700.0,-182.39
Ba0.08La0.05Yb0.04Co4Sb12,1000.0,-194.03
Ba0.10La0.05Yb0.07Co4Sb12,300.0,-106.87
Ba0.10La0.05Yb0.07Co4Sb12,400.0,-131.94
Ba0.10La0.05Yb0.07Co4Sb12,700.0,-173.73
Ba0.10La0.05Yb0.07Co4Sb12,1000.0,-185.67
Ba0.09La0.04Yb0.13Co4Sb12,300.0,-104.18
Ba0.09La0.04Yb0.13Co4Sb12,400.0,-121.19
Ba0.09La0.04Yb0.13Co4Sb12,700.0,-161.79
Ba0.09La0.04Yb0.13Co4Sb12,1000.0,-174.63
Ba0.09La0.04Yb0.14Co4Sb12,300.0,-93.73
Ba0.09La0.04Yb0.14Co4Sb12,400.0,-109.25
Ba0.09La0.04Yb0.14Co4Sb12,700.0,-148.36
Ba0.09La0.04Yb0.14Co4Sb12,1000.0,-161.49
Cu2HgSnTe4,300.0,36.37306
Cu2HgSnTe4,400.0,45.69948
Cu2HgSnTe4,700.0,61.5544
Cu2HgSnSe0.8Te3.2,300.0,58.75648
Cu2HgSnSe0.8Te3.2,400.0,74.30052
Cu2HgSnSe0.8Te3.2,700.0,97.61658
Cu2HgSnSe2Te2,300.0,78.34197
Cu2HgSnSe2Te2,400.0,97.61658
Cu2HgSnSe2Te2,700.0,129.6373
Cu2HgSnSe3.2Te0.8,300.0,132.1244
Cu2HgSnSe3.2Te0.8,400.0,162.5906736
Cu2HgSnSe3.2Te0.8,700.0,214.1968912
Cu2HgSnSe4,300.0,201.76
Cu2HgSnSe4,400.0,244.66
Cu2HgSnSe4,700.0,283.8342
Cu0.98GaTe2,300.0,129.8979592
Cu0.98GaTe2,400.0,150.1020408
Cu0.98GaTe2,700.0,192.9591837
Cu0.98GaTe2,1000.0,190.5102041
Cu0.985GaTe2,300.0,155.6122449
Cu0.985GaTe2,400.0,178.877551
Cu0.985GaTe2,700.0,216.2244898
Cu0.985GaTe2,1000.0,217.4489796
Cu0.99GaTe2,300.0,262.755102
Cu0.99GaTe2,400.0,284.1836735
Cu0.99GaTe2,700.0,251.7346939
Cu0.99GaTe2,1000.0,224.7959184
CuGaTe2,300.0,412.755102
CuGaTe2,400.0,427.4489796
CuGaTe2,700.0,282.9591837
CuGaTe2,1000.0,262.755102
Sb2Te3,300.0,91.0627
Sb2Te3,400.0,105.2744
Sb2Te3,700.0,136.489
Sb1.95In0.05Te3,300.0,90.8395
Sb1.95In0.05Te3,400.0,112.0402
Sb1.95In0.05Te3,700.0,164.112
Sb1.9In0.10Te3,300.0,100.7167
Sb1.9In0.10Te3,400.0,133.5027
Sb1.9In0.10Te3,700.0,188.936
Sb1.85In0.15Te3,300.0,120.7189
Sb1.85In0.15Te3,400.0,165.1041
Sb1.85In0.15Te3,700.0,209.4892
Sb1.80In0.20Te3,300.0,146.8612
Sb1.80In0.20Te3,400.0,196.84323
Sb1.80In0.20Te3,700.0,211.349
Bi0.4Sb1.6Te3,300.0,210.7
Bi0.4Sb1.6Te3,400.0,229.5
Bi0.4Sb1.6Te3,700.0,174.8
Bi0.4Sb1.590Ge0.01Te3,300.0,208.2
Bi0.4Sb1.590Ge0.01Te3,400.0,222.8
Bi0.4Sb1.590Ge0.01Te3,700.0,170.5
Bi0.4Sb1.585Ge0.015Te3,300.0,197.5
Bi0.4Sb1.585Ge0.015Te3,400.0,212.7
Bi0.4Sb1.585Ge0.015Te3,700.0,166.9
Bi0.4Sb1.580Ge0.02Te3,300.0,153.5
Bi0.4Sb1.580Ge0.02Te3,400.0,170.3
Bi0.4Sb1.580Ge0.02Te3,700.0,152.7
Bi0.46Sb1.54Te3,300.0,
Bi0.46Sb1.54Te3,400.0,
Bi0.46Sb1.54Te3,700.0,
Znx0.005Bi0.46Sb1.54Te3.005,300.0,
Znx0.005Bi0.46Sb1.54Te3.005,400.0,
Znx0.005Bi0.46Sb1.54Te3.005,700.0,
Znx0.015Bi0.46Sb1.54Te3.015,300.0,
Znx0.015Bi0.46Sb1.54Te3.015,400.0,
Znx0.015Bi0.46Sb1.54Te3.015,700.0,
Znx0.03Bi0.46Sb1.54Te3.03,300.0,
Znx0.03Bi0.46Sb1.54Te3.03,400.0,
Znx0.03Bi0.46Sb1.54Te3.03,700.0,
Znx0.06Bi0.46Sb1.54Te3.06,300.0,
Znx0.06Bi0.46Sb1.54Te3.06,400.0,
Znx0.06Bi0.46Sb1.54Te3.06,700.0,
Znx0.12Bi0.46Sb1.54Te3.12,300.0,
Znx0.12Bi0.46Sb1.54Te3.12,400.0,
Znx0.12Bi0.46Sb1.54Te3.12,700.0,
Bi0.5Sb1.5Te2.7Se0.3,300.0,151.5671642
Bi0.5Sb1.5Te2.7Se0.3,400.0,167.9104478
Bi0.5Sb1.5Te2.7Se0.3,300.0,236.1940299
Bi0.5Sb1.5Te2.7Se0.3,400.0,241.3432836
YbCd2Sb2,300.0,116.476
YbCd2Sb2,400.0,143.81
YbCd2Sb2,700.0,205.25
YbCd1.9Mg0.1Sb2,300.0,142.66
YbCd1.9Mg0.1Sb2,400.0,171.73
YbCd1.9Mg0.1Sb2,700.0,229.71
YbCd1.8Mg0.2Sb2,300.0,134.03
YbCd1.8Mg0.2Sb2,400.0,161.37
YbCd1.8Mg0.2Sb2,700.0,199.79
YbCd1.6Mg0.4Sb2,300.0,179.21
YbCd1.6Mg0.4Sb2,400.0,203.96
YbCd1.6Mg0.4Sb2,700.0,246.98
YbCd1.4Mg0.6Sb2,300.0,194.17
YbCd1.4Mg0.6Sb2,400.0,217.19
YbCd1.4Mg0.6Sb2,700.0,240.94
YbCd1.2Mg0.8Sb2,300.0,130.0
YbCd1.2Mg0.8Sb2,400.0,144.101
YbCd1.2Mg0.8Sb2,700.0,172.158
Bi0.5Sb1.5Te3,300.0,228.33
Bi0.5Sb1.5Te3,400.0,228.02
Bi0.5Sb1.5Te3,600.0,150.51
Cu0.005Bi0.5Sb1.495Te3,300.0,154.86
Cu0.005Bi0.5Sb1.495Te3,400.0,190.66
Cu0.005Bi0.5Sb1.495Te3,600.0,191.91
Cu0.01Bi0.5Sb1.48Te3,300.0,143.97
Cu0.01Bi0.5Sb1.48Te3,400.0,173.23
Cu0.01Bi0.5Sb1.48Te3,600.0,185.68
Cu0.015Bi0.5Sb1.475Te3,300.0,125.6
Cu0.015Bi0.5Sb1.475Te3,400.0,160.78
Cu0.015Bi0.5Sb1.475Te3,600.0,187.55
Bi0.5Sb1.5Te3+1.0wt%Pb,300.0,128.51
Bi0.5Sb1.5Te3+1.0wt%Pb,400.0,145.54
Bi0.5Sb1.5Te3+.5wt%Pb,300.0,167.35
Bi0.5Sb1.5Te3+.5wt%Pb,400.0,182.77
Cu2ZnGeSe4,300.0,90.7545
Cu2ZnGeSe4,400.0,113.1782
Cu2ZnGeSe4,700.0,184.9119
Cu2ZnGe0.975In0.025Se4,300.0,64.2377
Cu2ZnGe0.975In0.025Se4,400.0,82.6165
Cu2ZnGe0.975In0.025Se4,700.0,154.7996
Cu2ZnGe0.95In0.05Se4,300.0,108.9567
Cu2ZnGe0.95In0.05Se4,400.0,124.1894
Cu2ZnGe0.95In0.05Se4,700.0,194.5748
Cu2ZnGe0.925In0.075Se4,300.0,113.2264
Cu2ZnGe0.925In0.075Se4,400.0,131.3804
Cu2ZnGe0.925In0.075Se4,700.0,202.8894
Cu2ZnGe0.9In0.1Se4,300.0,94.5747
Cu2ZnGe0.9In0.1Se4,400.0,113.8524
Cu2ZnGe0.9In0.1Se4,700.0,185.8108
Cu2ZnSnS4,300.0,331.0
Cu2ZnSnS4,400.0,344.0
Cu2ZnSnS4,700.0,359.0
Cu2.1Zn0.9SnS4,300.0,125.0
Cu2.1Zn0.9SnS4,400.0,145.0
Cu2.1Zn0.9SnS4,700.0,217.0
Cu2ZnSnSe4,300.0,81.8
Cu2ZnSnSe4,400.0,98.0
Cu2ZnSnSe4,700.0,160.0
Cu2.1Zn0.9SnSe4,300.0,58.0
Cu2.1Zn0.9SnSe4,400.0,67.0
Cu2.1Zn0.9SnSe4,700.0,116.0
NaCoO2,300.0,5.0
NaCoO2,400.0,51.6
NaCoO2,700.0,183.2
NaCoO2,1000.0,316.8
Na.98CoO2,300.0,18.9
Na.98CoO2,400.0,62.1
Na.98CoO2,700.0,196.8
Na.98CoO2,1000.0,330.5
Na.96CoO2,300.0,32.6
Na.96CoO2,400.0,75.0
Na.96CoO2,700.0,212.6
Na.96CoO2,1000.0,349.0
Na.94CoO2,300.0,32.6
Na.94CoO2,400.0,83.1
Na.94CoO2,700.0,237.9
Na.94CoO2,1000.0,392.6
CaMg2Bi2,300.0,273.66
CaMg2Bi2,400.0,307.8
CaMg2Bi2,700.0,255.76
CaMg1.95Zn0.05Bi1.98,300.0,280.35
CaMg1.95Zn0.05Bi1.98,400.0,310.98
CaMg1.95Zn0.05Bi1.98,700.0,242.39
CaMg1.9Zn0.1Bi1.98,300.0,282.58
CaMg1.9Zn0.1Bi1.98,400.0,303.34
CaMg1.9Zn0.1Bi1.98,700.0,234.42
CaMg1.8Zn0.2Bi1.98,300.0,251.36
CaMg1.8Zn0.2Bi1.98,400.0,262.8
CaMg1.8Zn0.2Bi1.98,700.0,202.8
Cu2MgSnSe4,300.0,272.794
Cu2MgSnSe4,400.0,292.647
Cu2MgSnSe4,700.0,313.235
Cu2.05Mg0.95SnSe4,300.0,93.382
Cu2.05Mg0.95SnSe4,400.0,115.44
Cu2.05Mg0.95SnSe4,700.0,191.911
Cu2.075Mg0.925SnSe4,300.0,69.853
Cu2.075Mg0.925SnSe4,400.0,86.764
Cu2.075Mg0.925SnSe4,700.0,157.35
Cu2.1Mg0.9SnSe4,300.0,75.0
Cu2.1Mg0.9SnSe4,400.0,94.852
Cu2.1Mg0.9SnSe4,700.0,169.117
Ti2FeNiSb1.7Sn0.3,300.0,166.74
Ti2FeNiSb1.7Sn0.3,400.0,182.812
Ti2FeNiSb1.7Sn0.3,700.0,235.044
Ti2FeNiSb1.7Sn0.3,1000.0,231.026
Ti1.8Hf0.2FeNiSb1.7Sn0.3,300.0,155.192
Ti1.8Hf0.2FeNiSb1.7Sn0.3,400.0,179.438
Ti1.8Hf0.2FeNiSb1.7Sn0.3,700.0,228.186
Ti1.8Hf0.2FeNiSb1.7Sn0.3,1000.0,211.186
Ti1.6Hf0.4FeNiSb1.7Sn0.3,300.0,153.118
Ti1.6Hf0.4FeNiSb1.7Sn0.3,400.0,173.514
Ti1.6Hf0.4FeNiSb1.7Sn0.3,700.0,221.67
Ti1.6Hf0.4FeNiSb1.7Sn0.3,1000.0,203.188
Ti1.4Hf0.6FeNiSb1.7Sn0.3,300.0,150.748
Ti1.4Hf0.6FeNiSb1.7Sn0.3,400.0,172.625
Ti1.4Hf0.6FeNiSb1.7Sn0.3,700.0,220.78
Ti1.4Hf0.6FeNiSb1.7Sn0.3,1000.0,203.48
Ti1.0Hf1.0FeNiSb1.7Sn0.3,300.0,138.3
Ti1.0Hf1.0FeNiSb1.7Sn0.3,400.0,160.77
Ti1.0Hf1.0FeNiSb1.7Sn0.3,700.0,200.935
Ti1.0Hf1.0FeNiSb1.7Sn0.3,1000.0,183.638
Mg1Ag0.97Sb 0.99,300.0,255.9183673
Mg1Ag0.97Sb 0.99,400.0,262.8571429
Mg1Ag0.97Sb 0.99,700.0,214.6938776
Mg0.9975Li0.0025Ag0.97Sb 0.99,300.0,210.6122449
Mg0.9975Li0.0025Ag0.97Sb 0.99,400.0,233.877551
Mg0.9975Li0.0025Ag0.97Sb 0.99,700.0,199.1836735
Mg0.995Li0.005Ag0.97Sb 0.99,300.0,200.0
Mg0.995Li0.005Ag0.97Sb 0.99,400.0,226.122449
Mg0.995Li0.005Ag0.97Sb 0.99,700.0,186.5306122
Mg0.99Li0.01Ag0.97Sb 0.99,300.0,173.0612245
Mg0.99Li0.01Ag0.97Sb 0.99,400.0,204.4897959
Mg0.99Li0.01Ag0.97Sb 0.99,700.0,170.2040816
Mg0.98Li0.02Ag0.97Sb 0.99,300.0,155.5102041
Mg0.98Li0.02Ag0.97Sb 0.99,400.0,192.244898
Mg0.98Li0.02Ag0.97Sb 0.99,700.0,165.7142857
Mg0.96Li0.04Ag0.97Sb 0.99,300.0,147.3469388
Mg0.96Li0.04Ag0.97Sb 0.99,400.0,178.3673469
Mg0.96Li0.04Ag0.97Sb 0.99,700.0,149.7959184
Yb9Mn4.2Sb9,300.0,53.7192
Yb9Mn4.2Sb9,400.0,85.4167
Yb9Mn4.2Sb9,700.0,145.8791
Yb9Mn4.2Sb9,1000.0,192.8612
Cu3SbSe4,300.0,481.1595172
Cu3SbSe4,400.0,465.4071334
Cu3SbSe4,700.0,327.1994279
Cu2.4Ag0.6SbSe4,300.0,400.2204998
Cu2.4Ag0.6SbSe4,400.0,431.8144867
Cu2.4Ag0.6SbSe4,700.0,346.1145446
Cu2.1Ag0.9SbSe4,300.0,357.1116754
Cu2.1Ag0.9SbSe4,400.0,387.528133
Cu2.1Ag0.9SbSe4,700.0,338.5342923
Cu1.8Ag1.2SbSe4,300.0,339.9561228
Cu1.8Ag1.2SbSe4,400.0,380.1386293
Cu1.8Ag1.2SbSe4,700.0,346.5633654
Cu1.5Ag1.5SbSe4,300.0,345.6746403
Cu1.5Ag1.5SbSe4,400.0,394.7899539
Cu1.5Ag1.5SbSe4,700.0,365.0363093
Cu1.2Ag1.8SbSe4,300.0,328.0792017
Cu1.2Ag1.8SbSe4,400.0,381.5678459
Cu1.2Ag1.8SbSe4,700.0,370.248854
Cu3Sb0.98Bi0.02S4,300.0,467.7886402
Cu3Sb0.98Bi0.02S4,400.0,492.6086984
Cu3Sb0.98Bi0.02S4,700.0,495.4554462
Cu3Sb0.94Bi0.06S4,300.0,352.1549322
Cu3Sb0.94Bi0.06S4,400.0,364.7250876
Cu3Sb0.94Bi0.06S4,700.0,395.0937409
Cu3Sb0.9Bi0.1S4,300.0,313.8468326
Cu3Sb0.9Bi0.1S4,400.0,335.8152087
Cu3Sb0.9Bi0.1S4,700.0,365.7596215
Cu3Sb0.86Bi0.14S4,300.0,246.0988296
Cu3Sb0.86Bi0.14S4,400.0,269.8429748
Cu3Sb0.86Bi0.14S4,700.0,306.6926187
