formula,shear_modulus
AlPt3,91.1977479844793
Mn2Nb,74.5901571765234
HfO2,98.5643740215749
Cu3Pt,51.7788162049249
Mg3Pt,27.5887654011698
CaNi5,65.2090591840404
NbPt3,100.162864362062
Ni3S2,55.6477934064098
MnSb,40.0035468402362
CoSn,72.3364479018333
Li2S,33.16547462638
Li2O,69.6957029195801
GaN,105.473088851076
AlN,121.531014162742
MgPd2,41.7193748646843
LiRh,47.3827819350243
BeCo,117.760132119537
AlCu3,45.6364284006255
Hg4Pt,27.8094956928921
Ga2Pt,22.0229097031054
CdTe,13.1268055720818
CaMg2,19.1792740736106
Mg2Sn,25.8488960273125
Hf2Ni,20.2703277721911
FeSb2,59.0880880319982
NbPd3,83.8867378043873
InNi3,52.6558523322835
AlSb,29.5787527006744
CoSb3,57.014326980079304
Nb3Sn,27.4507201489913
Fe3Pt,39.8612736282348
CdS,17.593031680382
CaSi2,34.5634413291587
NbO,139.921306473246
Be12Cr,144.548352581867
GaN,140.455134798732
Fe2W,136.693700691198
CrO2,100.807159983441
CaSi2,37.8747847180896
Li3N,34.1878936171275
NiO,97.5771677471743
CuI,14.4953233551114
Mg9Si5,38.173463816852
BP,162.102106160968
Fe3O4,64.3157440187283
NiTe2,22.6278939546279
CoO,31.458832073149
MgTe,12.2876705725744
MgO,118.713619231515
CdS,17.278298793886
HfTc,75.8145074639637
FeGe,83.7422868366848
Rb2S,7.43698506709504
GeTe,23.942067447701
LiSi,34.3364046670762
Cr3Os,103.346186318999
Cr3Ir,103.695921321247
LiZn,24.8974484346883
Mo3Pt,84.5584175347774
GaRu,88.0921033293555
AgI,6.67291407687166
AgI,6.11317259860141
MgSc,27.3034130958167
AgI,10.7430177679186
CdTe,13.5475508448539
Fe2Si,119.211648032195
CuF2,20.6753068746419
BeO,156.145876615348
InNi,50.0323759769131
BN,383.403010416406
BN,74.5214997936035
FeSe,13.1439806422555
CaO,74.1731218439861
Cu2O,8.35250974059621
FeN,60.3845323523332
Mg2Pt,40.1420689960629
AlPd5,51.393628415969
Mn5Si3,46.2583081892087
CuI,15.2349319788464
FeSe2,91.7903444229829
FeSn2,55.6517893713262
CoSn2,54.6532134228064
GaPd2,41.486781440384
AlPt3,74.4740588989519
CaZn2,28.2028428095156
CaF2,38.4377456824836
Co2Ge,51.1619481175339
LiSn,16.3648781785059
MnNi3,93.382523553477
AlAu,31.3802414407495
BePd2,66.2124613539161
Nb3Sb,82.3084231774268
GaNi,42.4317995073201
NbSi2,140.361948614751
Fe3N,95.5165695975565
BaPt,19.0134026626682
MgPd3,37.8823828323856
HgSe,13.251026442132
Fe2N,88.8024033206842
NiTe,33.9487499870867
Cs2Pt,4.258588999519
BaSn2,17.5436850999963
Cr2N,139.53395636971
CaCd2,23.2650523536688
MnPt,71.5263469102243
CaS,39.2224973098555
FeO,59.8050230830431
NiSe,24.656612758495
Ba2Hg,9.39012593027317
MgS,52.0845555300782
HfMo2,67.9871709623524
BaS,24.8684379170573
MgTe2,21.6699402509948
Au2O3,38.2125850283899
Nb3Si,73.6936228847091
Cr3Si,153.957852828306
Ga2Te5,13.8490346332678
As3Ir,83.578800195143
As3Rh,71.5648110021734
CuP2,50.0154752866469
AlB2,117.060736287589
AlF3,62.0998664772913
FeSi,138.637839635921
GeS,17.3331292142544
FeSi2,127.303969526708
PtS,34.3611245915665
PbSe,27.4100922248291
PbS,29.3956646170522
MgP4,36.7654507892515
Na2O,30.1853281837922
K2O,12.3231372523858
Li2Se,26.5962999669848
CrSi,116.047941179825
MoPt2,136.734374995521
CsI,3.88794053430199
P2Pd,58.0952348603708
BePd3,37.26804810421
Mn11Pd21,56.2476211609855
NbRu,53.0291860314924
FeP,118.587422606497
Mn3Pt,50.2705247081628
CoSb2,64.5786803234031
Ge2W,136.512124592686
BaF2,24.0289903884239
BaZn,14.721861906024
CoN,48.5404566515229
Be2C,230.954498040399
GaP,51.7754273478922
As2Pt,82.7053609877927
HgPd,34.5020524909125
FeNi3,96.2069213122779
AlCu,66.761068685435
FeP4,113.878925282529
NbO2,96.3105401374838
FeGe,73.254659479569
Sc5Sn3,50.7776690472931
CoF2,36.1510940336439
AlAs,39.1384527506976
P2Pt,117.303915577993
B6O,207.451931003651
Si2W,188.75100246886
Si2W,147.453013876657
Te2W,13.3614968799316
MnSi,141.319312506119
Ni3Sn,65.5754546152511
As2Pd,48.6096054556354
Nb3Pt,80.2714409077525
BiO2,23.729133529968
GeO2,27.3319238324106
CaSi2,46.4931230342492
Cr5Si3,132.841186928733
CaZn,13.3397919048624
GePt2,32.9485181350068
B2O3,35.8627911390574
Li2Pd,21.4115114089844
Al5Mo,94.3539854523539
CaPd2,37.0781243658605
Ga2O3,69.3529896973263
Co2Si,107.205055859715
Al6Ru,57.4644802999772
Ni2P,41.6936902016906
ReSi,93.2300952578468
MnP4,115.135327463838
CuSe,14.0578137295312
Fe2Ge,31.8832085740467
PdS2,16.756641334423
PdSe2,14.4807713416976
HfSi2,93.5509523421613
CoS2,73.2051592553993
Fe3Sn2,57.0769191731476
MnP4,113.590518098547
CoSi,116.069791125031
GeS2,13.7003507277587
MoSe2,15.4004186555004
GeSe,14.301847197928
NbS,95.7695525299334
AuSe,5.57647880282947
NbSe2,13.3750573601221
Mo3Os,120.119733357624
HfNi3,82.434578909861
Nb2O5,48.8153654783454
Co2P,78.8513039808341
CoGe,76.1884308692977
Ca2Si,21.9434541904658
BW2,152.232835538123
Bi2Te3,10.8514939809265
FeGe2,76.6289555998467
NbRh3,146.266476738738
Hf2Si,99.6753711574622
HfP,85.721739921165
CrPt3,97.2734714252737
CoTe2,45.6457458605808
Hf2S,73.9037922590617
CoP,111.069805697691
NiS,17.8909310683411
NbSe2,13.234866030597
InNi,41.1015187365771
CoO,33.3313543681338
BeRh,99.871152040237
InPd,27.8727512523872
Ge2Pt,51.6608841536606
TaTc,130.421799082373
CaSn,21.5849028116586
FeP4,118.115825051574
AlRu,103.117888447633
PW,117.560382201963
CoSb2,63.3054354785255
NbS,97.1682418018711
CoSb,68.7604210282208
HgO,9.6566280049482
HfZn2,58.1152473005897
FeSb,54.0545240286268
NbZn3,71.4865287719967
MoP,134.45617670168
Be12Mo,149.924021128209
Fe4N,57.0246182755866
Bi2Pd,19.0269231648633
Ni3Se4,34.282340631922
CoSe2,67.0115225857741
GePd,44.5852642918966
BaC2,10.7501257482073
HfSi,95.6113619597165
BPt,46.7721949072503
CrSb,46.9801661944967
GaNi3,77.3779655509467
HfSn,16.2584919475136
LiSn,18.7795075378271
CuSe2,23.7126816398182
NiP2,67.2549583043233
BRh,101.19605619262
In2Pt,29.6127445243658
Al3Cu2,44.8676301430567
BaO,37.7462310418842
MgTe,12.2929344980263
Fe3Si,92.742552652722
AlP,47.2010712741777
CaSi,37.7933081744144
AlRe2,139.088586800836
Cu2S,22.1746850023833
Mn3Si,99.7045798669087
GeSe,44.6198235233186
MgSe,41.31467654017
GeTe,40.3737664859859
FeSi2,123.704835759434
AlMo3,121.345530195093
AlCr2,102.676714002123
Al2Os,141.566934122546
Al3Ir,48.4551959906339
MnSn2,47.6775927777494
Al2Pd,30.4294573244172
AlPt2,57.7792649750132
AlPd,52.053538046875
Fe3Ge,68.0574176485095
Al12Mo,57.0025219270038
AlPd,65.1493150149018
SrZn5,30.4101340246624
CdPd,42.2220285027465
BaGa2,24.1281428209096
FeTe,12.2568949733547
Bi2Pt,23.3216273425014
Hf2Pd,55.1568909270523
BaMg2,13.2317279398223
MnRh,81.1795527964004
AlV3,10.5782112033388
Al3V,100.07808803404
LiPd,27.2884737502899
LiPd,33.2883360100158
Be2Nb,103.396566699284
Be2Cr,157.649212856747
CoPt3,91.3885939807296
AlFe,95.4099859750083
CaCd,15.3168795600814
AlOs,117.925193431883
CaCu5,37.4292039983737
CdCu2,30.7579185373578
CaZn5,38.6982932894417
Ca2Sn,16.3981389263364
CaHg,19.4970569299727
Cd2Hg,13.1124133705155
CaPd,21.9092548408131
CrSi2,156.308490226118
AlIr,115.536420464177
Co3Mo,133.206401548979
Hg2Rh,38.5866075186169
Cu3Sn,39.499518526482
Al3Pd2,63.032577164537
CaSn3,26.0544005591818
FeNi,91.9020885194347
LiTl,16.3868342122795
Li3Pd,11.8191168292497
GaPt3,78.8607530639319
AlFe3,76.59084525034
AlNi3,84.3506026109866
Al5Mo,85.4757793697483
HfIr3,148.872970430092
Hg2Pt,26.5424842756635
HfMn2,53.0783684652209
HfOs,116.979400151706
InPt3,63.6848315820409
CoPt,107.999065928708
AlAu4,15.744739760129
FePd3,70.9554462028472
LiPt7,82.6300968878171
MoRh3,126.582727332278
LiPt2,70.1477321505718
MgRh,58.0086623918958
NbNi3,76.5553600481287
Ni3Sn4,47.4987806573505
Ni3Sn,75.5564580057449
Nb3Os,91.2652751613124
HfPd3,84.618269707272
ScZn,40.3827294773366
NbPt2,108.10779602352
Fe3Ge,67.5930727576254
Al12Tc,73.6834793891293
Bi2Pd,13.6198963392075
Mg5Pd2,24.4891988754494
Mg3Rh,26.8525663421835
CoSi2,64.3595175988691
NiP3,75.3606833346807
AlPd,64.1232423977529
MgZn2,27.1969470960135
Co3Se4,44.0404138644173
Fe3Pt,36.5208437075889
Be12W,157.58511378195
Be12Pd,77.580705406983
Co2N,88.2470771995385
CaGa,24.4997468285384
NbSn2,48.93531935108
MnPd3,52.6158488249102
CaPd5,49.4366824224247
MnO2,28.8590742913043
Cr5O12,41.2953743182543
NbP,109.209404705538
SnTe,27.5905439333788
InSb,18.806197366422
Nb5Sb4,54.6256089746167
CuSn,34.1179593085843
Ba2Cd,9.21106451921988
MnPt3,91.6046738454312
Al2Pt,38.5870973109876
Ni3Se2,46.5618564419153
Cr3Ru,95.7951431030366
InPd3,34.7108757390838
Mg3Pd,20.5178485094422
Ca2Cu,12.3582296496458
InPd2,33.5361485889361
FeRh,79.3822461387581
Li3Sb,23.8131824138954
CdPt,48.0594640613488
NiPb,37.4127565583755
Al2Au,33.2409174325863
Mg2Tl,11.4078534189674
CaPt2,59.0665895391598
SrZn,8.80001784909892
HfOs2,91.0552438095001
Be22Re,152.394429448256
Li12Si7,31.697596813557
AlNi,71.9319843282295
CrRh3,151.284868816384
FeS2,135.130112175568
Be12Nb,137.823101230466
AlRh,102.224707396746
HfRe2,74.6149151262141
P3Rh,95.5340808682181
ScSn2,34.1911111493272
NbSe2,15.7668113978087
Li7Si2,28.2243383803423
Fe3Sn,59.3695822826616
AlPt,73.5861793945829
CrN,87.4780183202354
Al6Tc,67.5263533683513
BeP2,72.7571652763384
Be17Ru3,117.025070243128
Be12V,144.026009328462
CaIr2,59.1229390628834
BeCu,69.6986498212816
Be2Re,172.886838952575
CoSe2,55.4115292326607
Al2Ru,103.361903994087
FeP4,111.905926710773
HfS3,12.0378299534303
As2Ir,96.2342912129463
ScTe,33.4056395950372
CoGe,82.1834337656132
CdHg2,5.19484250043143
IrO2,103.571409840414
CoP3,114.461832702036
CuPt7,73.6523053004182
CdSb,17.5494675189379
YZn12,51.5647517583898
NiSb2,41.7789519865096
Be17Nb2,151.953246455698
Al9Co2,73.8570816693722
Al4Mo,74.1273476466228
P2W,112.599571043369
Cu3Sb,25.0600874520928
Al3Ni5,74.7401807834488
Al3Pt2,73.7284874807432
Al5Rh2,76.6358012516548
Mg2Si,44.5705496478095
Al3Ni,65.7756292613356
Ir3W,193.262706612058
Be3Nb,125.810065026892
Al21Pd8,50.0590132847971
CaPt5,71.4461227234085
CoTe,50.7715995672072
HfO2,115.425092925075
GaNi2,53.9394518666233
Be2Cu,125.412948193975
Mg2Rh,39.8724136050638
NbZn2,82.3292546305163
NiP2,97.7333437513195
HfRh3,116.304975932601
Cu4Pd,49.1426872018817
Li7Sn2,24.5095519142221
Li5Sn2,23.0677317108519
Li7Sn3,23.1422621396827
Mg5Rh2,32.1608014379525
BaPt5,63.2277914748233
BaZn2,8.58258408582833
Nb3Rh,89.0420686297033
NbPd3,79.0991823204522
Ni4W,97.8949141713849
BaPd5,40.1140449066746
TaV2,39.4987058420093
Be12Pt,75.9661951134029
Al3Mo,97.3361503160589
Co3W,142.092601838712
Be2Fe,146.0465265026
Ag3Pt,34.1036709074867
Si3W5,121.193526655261
Fe2P,88.8242140344989
LiPt,51.3489943343363
InNi3,62.2720350056975
Nb5Si3,64.3958962493526
IrW,182.837335002165
Cr3Pt,70.7790088524952
CdP4,27.6356908147093
MnV,122.28570702478
AlCo,117.716839849637
Fe3Sn,53.2614691389855
Mg2Pd,27.6467840481037
TiZn2,63.4649161405191
Li13Si4,27.6350852202612
Nb5Si3,105.071416806324
CaRh2,48.9441971179344
V4Zn5,55.6567028537475
Cu3Ge,42.61158803824
CuO,25.2951399434532
YZn,29.3177579637548
HfPt,31.3630893252695
HfTe2,11.6211042048396
Ni3Sb,49.4092933317687
P2W,132.483662733625
HfPt3,105.815960926544
Al12Re,78.8216119905797
Be2Mo,149.985485463714
Al13Os4,76.8404606490419
CuI,5.52653191324729
Be5Pd,131.553323481874
AlAu2,32.3513321848115
HgTe,11.9123252552444
NiPt,90.7890038482097
NiO2,32.24601872165
CdSe,15.2959833490231
Al6Re,70.1523886055666
Al3Pd5,49.5782046258737
Al21Pt8,62.3774589907447
CuPt,74.1135503635352
GaSb,29.9462625425424
Fe3Se4,51.2563027760051
Fe7W6,131.897118647219
MoRh,133.777119143076
BMo,191.080817632071
CuSe2,26.0351854250852
Al2Cu,40.2118018157127
FeSn,53.8836748472184
Nb3Te,85.5187177255239
Li15Si4,21.4644191816776
HfRu,96.9660298016734
AlRe,64.3678794359271
Be2V,137.535467220953
BaCu,7.87470352055338
Sb2Te,21.0219351790896
GePd2,38.4047997547507
Mg2Pb,20.4030634062967
Mn3Sn2,55.2312153091435
HfSb,60.8125707266549
TiZn16,27.9252635920082
NbSb2,69.2847447526497
GaIr,67.7586591254038
GePt,54.1025477920606
Fe2N,88.923141342725
AlPt2,85.075092687186
MgPt3,75.8498165277481
CaCd2,15.5380456888288
CaZn2,24.1445853648872
NbSe2,14.1027213876437
NiSe2,37.6857738793342
CoO2,35.9969100651213
CdPt3,49.4957281408751
Cr2O3,112.83200146749
Li2Pt,30.6004340749147
ScZn2,48.0595746343517
AgBr,9.56468313859006
Be2W,169.634378764691
CuTe,8.81130866655963
VZn3,65.3499492337928
Ca3Zn,8.85741526317731
FeS2,124.831758517195
B2W,223.73798230368
MnS,39.3448937041841
CoP2,121.592020531373
CuS,24.7339285500987
Rh3W,132.011086663238
FeS,18.5063989760276
FePd,76.0286644978571
FePt,92.3902605778957
AlPd2,51.2052641871906
CrSb2,31.9912411625627
Li2Sb,23.4198723733225
MgPd3,39.0653530375078
BPd2,47.5483624923301
FeP2,153.655944306928
Al12W,56.7375662882216
Bi2Se3,8.3796740926569
NbNi3,88.6778731808143
MnPd,51.3774400384211
Hf3Sb,48.7574097117826
Cu2Sb,34.5413604171475
HfW2,94.0484412409167
Y2Zn17,50.7718450098619
YZn5,48.3576233380873
SrZn2,15.0666329201744
NbRu3,128.47826663585
ScZn12,48.2768159750532
MnS,16.0473904403333
BaS3,19.1368920613098
ScSi,70.2531823194326
HfN,156.154140392057
ScSe,36.841303711625
Li13Sn5,23.9909807033368
HfCr2,66.1852057595004
Ti5Sn3,48.4211504135588
TiO2,109.739279912401
HfAl2,87.5965725343234
ScMn2,38.1439461938942
SrO,56.0019602630129
ZrSe2,11.5720402719183
SnPd,35.9774042813911
Pb2Au,12.6645926847683
Ca3Au4,17.0287331095797
ScPt3,90.3200349771307
TiP2,90.8122400120177
SbIr,59.2454096612535
PtPb2,15.7140172975446
Nb3Al,20.4488063023369
SrCu5,29.7776044082658
MnAl6,67.3600273754242
Zr3Al,54.9726954047006
Ti3Pt,57.7885871615112
Cu3Au,47.3155866857716
MgB2,117.654509205628
ScCo2,47.8946136117951
NbN,189.315334488938
TiRu,106.837587129835
MgAg,29.4986935829997
ZrAs,58.8451175091544
CaAl4,27.838549965138
Mg2Ge,41.9576513085331
Sn4Au,11.3034190420141
NbIr,105.23108242121
Sn4Pd,22.9274193338868
Zr2Cu,47.2324222312894
TiPd3,87.6359575901738
NiF2,45.2725456607861
SiO2,43.0261402930142
TiO2,54.6920688812494
ZnO,41.158243696272
Y2O3,61.4956389346702
ScGa,42.1850861346327
TaNi2,76.0871912581097
SnO2,86.5740770332418
TiMn2,61.2459646851144
ZrO2,48.0183358720943
HfGa3,70.8078229233192
TiO2,80.9434338057093
VFe,60.8318044075177
MgF2,51.5871903862326
PtO2,86.7771510237724
ZrC,158.941745319546
HfC,179.815131784405
CoAs,74.4143095775572
YMg,19.7948984007666
W2C,165.72894484511
SiO2,54.1902586575347
SiO2,34.743798866697
ScSb,34.7090738824857
ZnS,33.164499363365
ZnO,39.7654790072276
Fe3C,90.6751433999002
ZnSe,27.5299499643662
RbCl,7.67112621864841
V3Si,73.5356118592635
ZrAg,46.7598998747581
Hf2Ag,53.2857743225905
WC,278.958668729391
HfAg,50.2665962428506
Fe3C,80.7501667949966
ZrBe5,110.838030505879
Ti2Pd,62.3903994919981
ZnO,65.1872393250822
ScGa3,34.308507083889
TiC,175.633101685266
MgCu2,37.5485562677717
Fe2B,145.080911222492
CuCl,10.4496946023127
SiC,186.929786771167
SnPt,43.1943949216348
TiSb2,53.8156229160823
Mo2C,149.616854949652
VB2,241.223926015277
Sn2Ir,35.8607685646821
Sc2Sb,40.3916942785691
TiBe2,106.486354459523
Ti5Si3,94.3617479710561
VNi2,85.6482352922019
TiFe2,79.0233667069496
ZnS,32.8653286923338
TaB2,199.535290295133
SbPt7,32.07352070173
TiCo,61.4159677445148
Mg3Au,30.1337334715486
KCl,9.24134695055116
InI,7.05367369244864
InBr,6.37875229626913
ScCd7,19.8008933720001
ZrAl2,87.4333693067611
ScHg3,20.1864144712649
Mg5Hg3,21.8582853253324
NaCl,14.2746829162373
SnO,20.2164421675609
Sb2S3,8.93982663143953
Nb6C5,161.045430506511
TeO2,17.0712211706781
VN,165.037074869259
NaF,30.0093367046556
Sc2O3,79.3784147417926
CuBr,12.7545661505959
ZrB2,226.301605516008
NbB2,195.132625218112
TiB2,252.737515831137
SiNi,81.7688588061659
Y3Pt,19.1211847654365
Nb2C,117.265596218548
WO3,110.243749318215
Sb2O5,75.075460810553
YMn12,88.1796020982798
Si3N4,120.484069245207
Sb3Ir,59.669934857323
FeAs,80.9198130203205
NiF2,45.483323746486
SiMo3,127.46502926437
ScF3,40.7517357904928
Si3Mo5,119.749182331655
VF2,34.6655233760549
Ti2N,117.145327796192
MoF3,36.0228503302694
Sb2O3,20.4197031099627
TiO2,78.0278202323603
Sb7Mo3,54.6496097709576
ZnS,32.7228185151839
CoAs3,83.064458823821
TiTe2,12.4544577962905
NbCr2,63.7179493263958
TlBr,7.09524800563657
TlBr,8.97792317785493
TlCl,6.34309744532295
NaI,8.46536609224649
CsBr,4.62869596225937
Hf3Al2,63.7951989718497
Hf5Al3,47.4848229327129
RbI,4.62642129886225
SnPd3,51.5040061260618
NbGe2,105.03997538343
ZnO2,61.962177897223
HfB2,242.284372602417
Nb3In,17.0395698545489
Zr3Hg,57.6904211389695
TaBe12,142.66653291384
V2C,116.866455721285
LiF,50.9433940117777
V3Se4,54.4791171832025
VAs,85.7362666878275
NaBr,11.5668999169201
SbO2,54.459548113056
ZnP4,35.2454150189326
SrF2,32.1222137669282
Te2Pd,21.791414651401
ZnTe,22.4317745315122
ScIr3,111.075739547956
GaAs,40.8483375973128
FeF2,33.3344918602399
TaPd2,71.7239905492974
Mn4Al11,84.9056660398753
ZrP,81.6077770564574
CaAu2,14.2310638819352
TeO3,96.5604574119472
Mn5C2,111.574593420287
ZnF2,34.7072266169216
SiIr3,119.237990311254
Ti6Sn5,55.437672725475
ZnTe,21.8980173779398
ZnSe,26.4882202665837
FeAs2,110.477473373112
ZrO2,92.2162124983651
ScFe2,65.042291072958
Si2Mo,176.901518328263
RuO2,92.6812309040968
Cu2As,25.1587706120897
MgCd,19.7512074367561
Hf2Ga,63.1720561019243
V3Te4,33.1215439466254
NbN,210.433735682227
SnRh,54.2294025786946
SiO2,35.0642338307949
SiIr,86.630569664185
SiRu,99.3430060932565
SiRh,95.1050996226402
Ti2C,78.1881513092057
ZnCl2,4.78727958669035
ScIr2,100.274710112803
NbAs2,89.6912470855465
YAl3,62.6353457977659
Fe2C,100.93232800596
Y5Sn3,44.412117251994
NbAs,88.1367120191975
SbRu,51.3461620951754
Sb2Ru,77.1804907490204
TaC,214.587491997419
Sb2Os,87.1519640038904
HfGe2,70.492508119348
Sc2Pt,27.67986098857
SiC,185.229345236942
Sn3Pd,25.374171855666
VS2,16.2092876268771
Ti3Hg,48.9136034102526
Ta5Si3,133.011671549251
SiS2,19.2680112309906
RbBr,6.46256613253334
KBr,7.32669357284031
HfFe2,82.1822587156524
V3Au,40.5614983128048
MgAs4,25.1954423775031
Ti5Sb3,45.9995655869033
ScN,155.552371038214
VP,111.682713040631
TiS3,11.4715276202066
VB,232.091304071658
SiPt2,66.6736166911007
Sc3In,39.3519148313323
Ta2Si,111.776880902178
V3Sn,21.9080249946204
HfAs2,74.7852761904082
BaAl4,34.6366120833392
HfAs,66.151738473559
YAs,50.9802012667728
Ti5Si4,94.6049319244673
Fe5C2,90.0952924848861
Sb2Pt,54.0743689176497
SiP2,10.4473511644466
Si5Pt6,69.4257906105981
TaIr3,212.50082345696
ZnSb,28.1479818173203
Ti3Au,70.7348658817327
TiSi,98.9032475551626
InAs,25.1304121085257
SnSe2,10.0360178650851
SiRu2,101.947797912038
InCl,4.88599799880457
CsCl,7.67669933214494
YCo,29.6981245074633
ZrCo,44.1983801834008
NiAs,45.4369751359815
ReO3,125.535839989481
Mn2Au5,31.7561846199751
YIr,49.8397900320828
ZrN,142.436448447605
CoAs,80.4908917467457
TiSb,45.0039212022305
Mo3Ir,108.407243662534
ScGe2,55.8449482478352
PtO2,32.1513831417687
ZnCl2,5.38854364385795
Nb3B4,198.13891015317
Ti2Cu,55.194097539775
TePd,20.1752221061689
NiGe,62.0461045530439
Cr3C2,168.550713888833
Pd3Pb,44.8223671501454
WO3,100.703781667666
SnRh2,55.1605342506944
Ta2O5,71.1837776734299
CuBr2,4.37192591261075
Sn2S3,11.2496539798114
Te2O5,38.7877773031634
ScS,50.9843940236856
ZrTe,44.1045414491585
TiPt3,91.8445892667569
SrC2,14.9300323122121
CaC2,19.3364625682547
CaC2,15.2211594873736
TiS2,14.0127047034929
ZrO2,102.56487557706
CuBr,5.52456171621155
Ta2C,138.252679501639
SnAu,19.5424293851094
Ta3Sb,84.1665524119522
VSb2,47.1563278324016
NbCo2,110.841948103728
KI,5.55030414149479
KF,16.5029322733547
V3Sb,79.3079705950944
Ti2O,106.242764327535
SnSb,23.1787032499289
YRh,42.2974193524001
YCd,24.8288556893835
YSb,34.4108280470528
ScP,62.6713761554878
ScF3,40.6559163559932
ZrP,75.739887429648
Hf2Al,55.5160933082089
MoC,239.799141657095
V2P,102.140219146036
Si3Pt2,24.4721557259364
Zr2Si,87.0643204561387
VSi2,146.923803615787
V3Ge,54.2320542269128
HfBe2,103.35980769158
YC2,40.2907897569132
ZnF2,31.2813205271307
Hf2Au,59.0020499885544
NbAl3,104.945911017193
LiAl,40.1849292520109
Li3Al2,34.8840604939963
MgF2,56.0288267153893
ZrOs,98.8255557990461
YCu2,21.7817679800053
TiAg,39.6520217836928
TiRh,49.3735228783324
TiRh3,129.118565005315
ZrTe,55.9971903056356
Sn7Ir3,59.9905098588944
SrPt5,69.2793140486608
ZrNi,34.994268173416
Sc2Al,44.4637711440037
In2Co,26.6137182987938
Ti3Al,61.0572554243851
SrAl2,33.6399538634862
TaAl3,103.531779679108
Ga2Cu,37.0388419062614
Zr2Al,52.8836301712108
MgIn,15.046666368755
Y2Al,29.6558595909048
BeAu,40.9684504108805
TiAl3,88.5579198994173
BaAu2,16.7905776471592
Ca5Au4,15.5436487810757
Ta2Be,116.684663135245
Sn3Pt2,31.685339282264
TiBe,74.598761402821
YAl,34.8315200215877
LiAu3,24.4701976883797
V3Pt,93.5302650587517
MnBe2,161.974774535574
Mg2Au,22.5432789209415
ScCu,42.7968353953319
ScBi,29.7130817115508
ZrBe2,94.1642151451412
ScPt,40.4322759280769
Nb3Bi,64.4625289162085
ZrSi,93.3645791300004
TiSe2,11.8408346991346
SiRh2,72.7652427806394
ZrV2,11.5627562324119
GaCo,66.7228005723901
MnAu2,29.9924111605058
YPt2,73.1769645119456
TiCr2,74.8890814360995
TiFe,97.0173681188592
ScCo,59.4803565802527
TaCo3,114.983760829808
ScCd,30.3585820975676
Sc2Co,12.2473841792913
ZrCr2,55.9574753216186
ScBe5,103.695232452473
LiHg,15.9172811667095
Ta2Co,79.1291185981722
NbGa3,86.7974117050135
ScGa2,46.6756574940482
TiGa,71.4840790475539
VPt,140.774428469671
YGa2,54.6055702047437
ScGa2,51.751625426913
TaN,238.11162688651
Hf2Ga3,64.0081103500045
LiIr,65.122168438501
MgHg2,12.3711555555094
ZrTe,57.1829256349463
SrMg,10.798891787099
Ni3N,73.3359437670938
SnIr,54.8450224264225
ScIr,75.357551772461
Ni3Mo,89.1227711334574
VIr3,214.948600835669
ScRh3,84.1482237395904
TePt,21.0435768542151
VPt3,110.059202790133
YNi5,72.244715564291
TiCu,61.6477086240637
ScPd,38.4180478670192
TiTc,71.7527605503867
ZrRu,80.9571948318484
ZnPt,62.5166200887074
VTc,125.122232261414
ScRh,60.6564034214687
Sn2Rh,45.91297818404
ScPd3,56.3584832784877
ZnPd,54.9504385574957
Li2Ca,7.59637345482621
CaAu,18.0118877612285
Mg17Al12,23.8402286216727
P3Ir,113.793644938689
ZrIr3,152.999990860236
VTe2,17.2863853005716
TaSb2,72.6149836924757
ReO3,125.019783472995
PdO,33.8982203083323
GeAs2,11.631878121546
MoIr3,187.708714661068
Ti3Pd5,44.0119140367491
TiP,91.3021991258178
Sn7Ru3,37.9227279824605
CdAu,21.7604562530035
YRh5,75.7193569874786
Zr2Fe,32.391596888495
SiOs,130.112954933298
Li3Hg,11.24928898193
MgIr2,58.3788050033687
Mg13Ir3,28.037627504058
ScAl2,69.2264200357751
HfAl,74.4913261412806
NbAu2,63.6617479121819
MoIr,174.123127073081
Te2Pt,27.6513862716507
Si5Rh4,89.9459881257441
TiAl3,68.821804435083
TaCr2,82.9751336530297
ScNi5,77.673772249378
ZrAs,65.0580346893929
TiAs,64.5424845997704
YAl2,60.5208731976013
V3As,109.11997596021
Ti3Hg,67.852225428645
Nb3Ge,42.6087486163807
TiOs,134.29978214059
ScB2,194.292229941623
YHg,26.5385795271242
TiPt3,113.286917790593
Mg3As2,22.7095654447865
Pt3Pb,45.5917426223322
V3Ni,92.6950824280862
ZrS3,11.0544845058258
YNi,24.3121687330648
ZrZn,47.1266700099281
SiNi2,58.1069643593687
YCo2,28.5368288473355
Sn2Pt,23.8000936178357
VNi3,100.800129127643
Mg3Bi2,14.5435464881441
Sc2In,38.228243941287
CrAs,66.3319534087907
Y4C5,51.7012477877799
TiO2,60.8572742746249
Zr3Au,51.7835076153594
Nb2C,86.7049929669214
ZrNi3,70.0987603592019
YCu,35.2320194962181
SiPd,58.1939495478527
Ti3Ir,13.0620309108116
Zr2Co,19.629117632618
ZrGa3,72.0181944055653
ZrCr2,52.7929530997392
SbRh2,51.0842813038713
ZrSb,58.1380675000371
WO3,124.711310996135
SnPt3,58.2654932710353
NbC,196.803122627795
YAl3,49.9094138383096
ScRu2,49.3016497562803
ScOs2,65.9419287288313
ZnAu3,29.0812080927729
Li15Au4,12.8866887122238
Hf2Cu,58.0142221819612
Mg3Hg,15.0829419643095
TiCu3,51.3409325106637
Sn4Pt,29.0677932847628
ZrIn3,48.3034157596595
Sb2Pd,28.171677396573
GaFe3,54.096818511885
SbPt,30.0852748157944
TaSi2,142.255261159011
SnPd2,22.6015794155745
Zr2Ni,21.7041677658255
ZrPd,32.7723368482046
TiAu4,39.0060645905921
VRu,75.9440308148501
ZrO2,84.6419501744493
YRe2,56.5638281670508
Mg3Ir,30.9832233770488
ScAl,41.137689118806
ScRe2,74.5216676572108
CaAu5,26.8258211320182
Ti8C5,115.094098990492
Sn2Pd,29.9292484948057
Si3Ru4,103.492294255427
Co2B,103.984216576147
SbRh,56.8843729350739
NaHg,6.26759731786762
TiBe12,58.221975564072
Te4Mo3,14.4357672395873
Nb2Al,82.4624162024171
YRu2,42.9456925547002
Ni3Ge,84.2172807401011
Ti2Ni,35.5364311024437
ZrSi,92.0365192834523
Ti3Pt5,72.5481144604064
Zr2Al,41.3489002474991
YSi2,26.3003731556946
V3O5,84.5582483374122
Te4Pt3,26.6112892907328
Ti3Sb,55.7690552175643
ZrSe3,9.28166150075105
VP2,124.451545560797
NiAs2,53.4356152688364
Sc4C3,66.4739637393465
Ti3Te4,37.6560567375269
Sb2Rh,58.2514582999266
Si3Rh5,75.7352170356982
SiPd3,44.1991641223413
SiNi2,63.5524351303108
VRh3,157.180844026477
InCl,5.01814642128757
WO3,47.2915854602774
V3Au,72.7433034567221
TaPt3,90.0228944669273
TaNi3,81.7069721211724
Zn13Rh,39.6260157111784
ZrRh,47.8440754379538
SbPd2,38.7632100097284
Sb7Pd20,28.0314051181221
Ni2Ge,43.7481949058087
TaRh3,152.648691792268
TaCr2,87.2228210478302
YHg2,29.0771378279084
VPd2,75.5742683540023
Nb3Au,61.7929186647101
Mg23Al30,18.5997043616634
VAu2,29.9188886592177
ZrCu,30.6077477756172
TaCo2,119.535563236621
Nb3Au2,60.8103446178557
Sb2Pt3,26.6788330831191
Zr2Ga,47.5939722588838
Zr2Ag,40.2081221773016
MgAu,29.8847369238633
SnAu5,18.2922415861659
Sn2Ru,61.67409168918
Mg3Cd,20.9005568647183
ScNi,45.5437200443981
YCd3,23.6924070922508
V3Pd,73.5447441099448
ZnNi,62.5376789318296
TiB,189.763407691345
Zr3Ga2,66.6642382970104
FeCo,90.7188082979739
TiAl2,82.1125974999348
V3Co,109.847173480635
Zr4Al3,76.986139335474
PdPb2,17.6329104757371
TiCo2,93.4846043822409
Zr2Ga3,66.7646505655375
YMg2,22.773126511514
ZrGa2,63.7446773171045
Ti3Ga,55.7036227451703
Ta3Au,67.9573828206567
HfCo2,74.1340077924886
VIr,115.667546661787
SnMo3,100.980175013604
Mg3Ir,28.204837213346
TaIr,96.2328367397883
Hf2Al3,66.961229873875
YNi3,52.1467751427967
ZrS,43.9599382929216
SrPd5,47.1455925019262
ZrRh3,112.507097124677
Ti3Cu4,60.9452292777756
TlPd3,39.1805405278936
TiPt8,86.1306749765976
TaNi3,96.4329329811924
Ti2Sn,60.1097011478334
ZrPt3,102.768627751774
YSn3,13.9791689774045
ScRu,51.607273201503
Ta3Sn,26.8634179682514
TaPt2,78.1631067044374
LiCd,15.2366516615291
VC,204.14332035595
Ti2N,104.171077990962
Si5Pt12,39.0003264880007
PtI2,3.76168158406633
TaCo2,94.0307572251677
MgCo,49.2936744168797
Ti2Cu3,58.072558917724
Ti2Cu3,48.3215278108717
Si4Rh3,88.2806168508178
Ti3Rh5,71.0746854331051
TiAl2,80.9981148693703
TiGa3,74.1646793188025
Ti2Cd,32.8903353749697
ZrS,51.0657401633042
TiSe,69.9759518658445
VPt3,110.72954740476
YIr2,87.6079702643045
Ti2Pd3,43.5139544760809
V3B4,232.184531722725
TaFe2,92.5587249299312
PtO2,30.887701982218
Ti2Ga,62.781759029485
Zr2Au,45.0301364128197
Tl2Pd,13.9009964895024
TiSe,60.9251494197436
YPt3,70.7402848844023
HfCr2,68.173703989181
Sn3Ru2,57.789719374094
V3Ga,37.7858506317211
VPd3,76.0824354378804
V5Si3,56.7624167552491
Zr2Al3,68.8780270266868
V5Si3,119.912762356356
Mg2In,11.9528165893807
TaCo3,124.739726971831
Cr3C2,147.057999823746
MgIn3,7.91186474807699
ZrOs2,94.0412836708812
TiAu,38.5254589044586
V3Ir,122.072207392966
Ni2Ge,44.0299214482592
TiTe,52.633541076101
ZrSi2,95.1394378105279
TiCr2,72.2263465911361
TaMn2,88.3875766742467
TaPd3,89.2742186852204
VPt2,114.116956233421
YCo3,41.736236878192
V3Rh,105.268451785233
PdF3,20.8920179267158
FeF3,49.2951626823551
Mg3Au,29.9970171596438
TaBe2,117.796619519637
Sb3Rh,51.6024951983966
Nb3Ir,103.562401195417
Ti3Sn,40.8267313520434
ZnPt3,68.3607512370734
ZrAl3,63.6111144511386
Zr2Pd,48.7611020426953
Nb6Co7,94.654924621533
YAu,32.6080578477298
SrAg5,22.8650124246893
Mg2Hg,16.4015924947759
Zn7Mo,46.3738469980198
ZrRe2,65.9782423992638
ScAg,32.3267899022008
NbIr3,204.141420355135
ScAu,36.8086441432696
Fe7C3,91.7717999822146
Zr3Sn,39.8177952230528
FeB,140.328871055545
Zr3O,55.2167987109994
Zn3Ru,57.5373955202652
TiCo3,82.8960808146633
YFe5,67.7744900304692
VOs,115.008507389096
Nb3Ga,43.5145412601293
ZrO2,49.5676510657929
MgCd3,11.9315621378393
MnAu4,30.9264428263222
MnAu,32.4676155897816
TiO,171.079058238698
ScCd3,26.5725192906544
VS,121.745576050435
NiAs,46.4638495521903
TiO2,84.7278194603588
ScAl3,70.5186242469935
Ti2Be17,143.251040990428
TiHg,48.7643177903129
TiSi2,111.08755154656
ZrTe3,10.1763816056258
SbPd,29.4638870553042
CuAu,28.2837850587073
Sc3In,37.6062222467766
TiIr3,161.74438073586
Zr3In,50.7637802130565
SiRu,105.445242282126
VO2,22.9420213095195
Y2C,32.1983783443469
ZrAs2,70.6246330712281
Ti3Sb,25.0786771509696
V3S4,70.5212823442339
YSi,65.1604576597117
ZrP2,80.4903019515762
CaAl2,41.3606159962854
LiAl3,43.7988742293075
TiS,86.6692270958231
ZrAl,67.6171400176141
Sb2Au,23.5341186761544
BAs,123.590404287507
MgCo2,56.886235610614
Ti3In,44.5600093495109
YAl3,39.5912649640597
TiS2,31.0362186563986
NbFe2,86.7244761712319
YHg3,18.7832029489235
Y3Al,32.2030854362262
VSe2,11.7813147643388
YSn2,35.7264897084418
ZnRh,71.7807496269605
TiN,175.763732484229
SiO2,33.287541426099
PdI2,3.0734727840531
VS,80.0009657059151
SrMg2,16.0245726106518
Si2Mo,148.839951953867
HfBe5,119.685609364261
MnIr,182.587371604606
YRh2,62.0464363343271
YAl,34.6688590772857
YCo5,45.2363256797869
Sn7Ir5,58.0705167666496
CoAs2,89.3197170119644
SiPt,69.6970812641675
ReO3,124.369870098951
ZrGe2,72.8805727804557
ScIn3,21.0118646889861
CdAu,16.9086626831888
Si2Pd9,37.3456343139132
MgAu3,30.8529892476023
ScGe,57.1137072556133
NbB,197.48673246986
SiRh,90.3270461598076
W2C,167.468772187931
NiB,111.30559397798
Ca3Au,10.9976136511112
SiRh,83.2867505395759
Y2C3,62.2528725095142
CoB,151.605061926124
NiAs2,54.3486941204082
MnAl,83.7931968482444
SiPt3,59.747899121472
Y3Al2,33.0066762134248
Hf2Ge,93.0813315925483
Tl2Pt,20.5089373780066
V5Sb4,53.2618131549969
YPd3,55.5019383653307
TiAl,69.5559254670112
Mg2Cu,26.9728193794662
ScHg,28.9986021761063
Ni4Mo,90.5512069519991
HfCo,56.0205991217487
Ni2B,99.9120174155806
TaRu,73.0394751436557
TiIr,80.6764893567027
HfAl3,83.4766837600668
WN,150.884679513937
YOs2,49.4478432904257
Be5Au,119.84967965632
P2Ir,128.530965044757
Fe2As,43.6138549803246
Ta2Ni,81.4327392075055
TiO2,23.690946315913
YTe,20.4359118142653
Ta5Sb4,59.8662818017272
Zr2Sb,33.4659809836613
TiNi,38.1690664766762
YCd3,18.6885826883285
WO2,75.1696192495861
BN,380.9875
FeClO,15.6958155874289
MnSnAu,20.1293351511794
FeSiRu2,116.186672494933
LiNbO3,57.0660294775279
Sc(MnSn)6,70.177633398801
TiIN,17.6975087360187
TiCuSn,52.0324556429243
ZrIN,14.803679654259
LiCu2Si,46.484010711951
TiNCl,19.5868628346213
YMgPd,20.3542456846783
MgCuSb,36.7478569092112
NbAgO3,79.353692941037
InCuO2,36.627041896222
ScCuO2,46.0892319113121
CaPd3O4,54.9600942569776
Mn3PdN,73.6589452620437
K2PdCl4,6.69165771275706
MgPPt5,74.8689584521772
Ag2HgI4,5.2646920438576
CrGaFe2,42.7456140275957
CaTiO3,101.115772602691
LiCu2Sn,43.0571892858626
HfAlCo2,88.891183309673
ScBIr3,120.311695325321
CoCuO2,26.9264582768202
YCuAs2,48.4363404922536
ScCuO2,46.2462049241242
Cr(FeSe2)2,35.8593802914998
Cd(InSe2)2,13.4445492586271
Cd(InSe2)2,14.1867326631392
FeCuO2,50.2035375508968
VPbO3,38.0807066863799
CsPbI3,4.7022267566192
TiBrO,14.5114640924307
YZnSn,43.0699940144702
Fe3RhN,83.1620338043961
Ti3SiC2,138.60450157582
KVF3,33.7120703843284
CaTiO3,104.149738527446
RbVF3,35.3062023706871
Ba(AlSi)2,22.4862120174348
NaNiO2,68.0560112136882
CaMnO3,92.5590956892152
TiPbO3,91.0533921875441
Hf2SbP,69.5091095819258
MgAlSi,31.9430708771271
LiAlO2,104.142715937675
BaTiO3,69.2907050982555
LiCaSn,26.084977023681
YAgTe2,19.8454152075493
Cr2FeSe4,33.182954095575
ScAgSe2,19.4767289176629
MnCo2Sb,73.4572758042642
Ba(BeN)2,61.1600619288206
NiAgO2,36.2051012458139
HfCuSi2,86.6763716524887
Mg(BC)2,103.792325409785
TiClO,13.2927561562632
Rb2PdF6,8.19361377367496
NaMgF3,41.6518840532766
CuBS2,63.2401399935948
AlCuS2,35.1317528398079
AlAgS2,21.0852188179901
ZnWO4,54.0666161424269
Zr6Sb2Pt,59.42391893496
AlAgSe2,17.9312427579708
AlAgTe2,16.7026178764802
Ta4AlC3,145.795980952458
BaFeO3,74.538903827519
ZnAgF3,24.6792076082976
KMgF3,42.2552463043032
Ti3AlN,44.8569511514035
Rb2PtCl6,6.18754912946417
SrAlSi,38.8142330539262
FeBiO3,49.2981580285965
ZrGeTe,44.2315101953125
CsPbBr3,7.36359628099245
SrFeO2,59.1026571249708
BiIO,10.1866160604251
SrHfO3,100.326406767721
LiRhO2,48.4898233541502
CuRhO2,44.7582888061692
Zr2Ni2Sn,59.753193121744
NbAlRu2,116.793919201596
LiFeAs,40.3001495845008
Mn2AlCo,103.917787263096
Ba(BiPd)2,19.5852857673895
Cu2GeSe3,25.8064634759428
Y3TlC,63.5787918405609
NaNbO2,97.2594854835525
YMgIn,39.8323580088369
HfFeGe,92.7906125271782
Cu2SnTe3,19.9279047515579
YMgZn,27.5371616467963
YMgGa,47.6893214041196
NaZnP,26.0771485470163
Zr2SnC,79.853333830264
NaZnAs,21.3869590961383
Bi2SO2,22.7666966901141
Hf2Al3C4,156.449396737246
HfPbO3,87.8235551766139
SrHfO3,88.8347796665385
TiPbO3,38.5628851316339
Ti2InC,96.1355476229784
Li2CoCl4,14.6128259182712
Zr2CS,111.775658895866
Ti2CS,134.419614189952
NaVO2,48.967541275942
NaFeO2,72.1992686236899
ScCuSn,54.637519397737
NaFeAs,32.4400323143819
SrFeO3,83.3926016736233
K2NiF6,8.93622040453943
Nb2InC,96.6016190417369
YZnGe,54.325820825618
TiAlPt,49.1812425113324
YMgCu,21.5234621592546
GaCuO2,58.7281970606861
Ca(MnSb)2,16.1671328113282
SrAlGe,34.6577558994396
Sc3FeC4,120.449351597261
MgSbPd,28.9104853688331
Y(CuSi)2,74.9799081941924
Ti2BRh6,112.592699940022
NbGeIr,93.4684549942142
K2PtBr4,5.56907373574743
LiAl2Pt,53.8231278687628
NiAsS,58.7683624757307
Ti3InC,91.5992034552663
CaMgGe,38.0652761534261
Ba5Al5Pb,17.4391969457474
Ca3(AlGe)2,33.5447831564801
CuAsS,29.5523942469183
MgAl2Cu,48.1287310511234
SrLiP,36.6224022505119
Sr(Li2P)2,35.7723595968453
MnGaNi2,63.2264710317501
CuAgTe2,8.9414714033404
ScTlTe2,20.0051406138897
ScTlS2,27.0453745660131
ScTlSe2,24.5759498775021
FeWO4,54.3415120565268
ScNiSn,37.0683205444427
BaTiO3,45.0345935243019
CoAgO2,26.6324433718682
Sr(AlSi)2,38.3454119601774
Ti2AlN,114.793756898786
Y2MgCu2,17.1711008406858
NaNbO3,100.260797247256
VClO,15.2229333494868
Hf5CuSn3,62.1129405332793
Zr2InNi2,57.3055631945103
HfCoSn,72.3353355246264
NbCrGe,95.1399409672469
BaAlGe,33.8494638138017
Sc(CuSi)2,65.5343308915771
BaNiO3,24.3948874198702
YCuSb2,30.9749446126874
AlVCo2,98.231024322812
HfSiRh,97.2999143062477
MgNiSb,42.0373456440404
ScCo3C,98.7712057009028
ScSnAu,42.6393951991266
HfGePt,78.9290069574601
SrTiO3,109.620369805707
MgAl2O4,95.8112795851353
Sr(MnP)2,46.109813071689
AlPd5I2,12.79310314132
TiNiSb,56.6896796684719
Y3GaC,63.9300680982337
YCoC2,94.5218691943198
KIn9Ni2,19.2457912171822
ScSiPt2,72.4473541450462
KIn9Co2,29.6528921451511
CaCdAu,19.2913979818648
Sc2Si2Ru,68.8545309433768
Zr2Te2P,18.1220363392924
RbYTe2,15.5590614621103
MnWO4,54.6632981101812
NaCrS2,36.5788178145712
Ag2HgI4,5.55244352829942
CdWO4,41.2395929866817
Fe3SnC,58.5859860780221
Cu2HgI4,9.05840930241441
LiAlO2,52.4955894430959
CaAlSi,39.8022796039074
ZrPRu,107.582720694861
BaTiO3,55.2049006034192
BaAlSi,37.464599034965
K2PtCl6,6.21323198982162
Mn3GaC,115.334150086502
FeAgO2,41.485857583822
Ba(CdSb)2,17.7184335912117
LiYSi,47.6577077894033
NaWO3,77.3060515734923
CoPtO2,59.2788484822825
CoPdO2,30.0863751247873
Li2ZrN2,113.327552784487
YSiRh,61.6256561690985
AlCuO2,79.8723824723828
ScSiRh,73.8994886353777
K2NiF4,24.0280187622606
KScO2,62.0826733814268
Cs2PtF6,8.913535147034
AlCuCl4,5.81219068004097
Rb2PtF6,9.5965607784438
MgSiN2,104.377825760679
Hg2AsF6,5.10701576403088
CoMoP,122.285478518186
V2FeS4,72.3398283161115
ZrSO,84.280577918673
Ca(AsPd)2,26.4841847173782
Ca(PPd)2,45.6278859829786
KNiF3,40.3699008239095
MgCuP,48.1432505960255
VCu3S4,25.3548965840092
Ba(PPd)2,30.9966604109535
Ba(AsPd)2,27.7227776668179
Rb2PdBr6,5.92169143015299
K2PtCl4,6.65004355036476
Rb2PtI6,4.73416772473402
Cs2TeI6,3.98031019465791
Sr(CdP)2,34.0406580120204
Ba(MgAs)2,32.8902183337748
Ba(CdAs)2,26.6684945907065
Sr(ZnP)2,42.9092475852771
Ba(CdP)2,32.1740909788812
Ba(MgP)2,37.7147737765309
K2PdCl6,6.67760885273431
Rb2PdCl6,5.83471481005763
Al2HgSe4,18.7838279131493
K2PdF4,8.90480015629336
CaNi4B,61.1291495826418
Cs2Pt3Se4,5.93072346461133
Pd(SCl3)2,2.45711644638762
Cu2HgI4,8.37566766310436
K3IO,12.6455351477194
ZrVP,106.854610530558
Ca(NiGe)2,39.6626882596486
ZrPbO3,46.3479113127181
Ba2ZrO4,56.3300769526353
Cs3Sb2I9,4.03495280854437
CoAsS,104.422584196046
Cu2GeTe3,22.0754747833152
Al2SiO5,88.5743435809325
MnCuO2,41.261150223547
AlCuO2,79.9582054513472
ZrAsRu,83.7344211049226
CsCuO,6.20571436361904
YCuO2,34.7952034915894
BaSn3Pd,25.0449355582964
RbMgF3,41.934466560479
BaPPt,31.2870540555033
SrAsPt,29.9494559821482
NaRhO2,64.6002342044621
Rb2NbCl6,3.81426716721584
CaCuAs,43.3684587366396
Ca(MnP)2,49.2257809119834
Y3InC,63.3047344203549
KYO2,50.0817754183181
K2HfF6,23.8900822438509
ZrCoP,115.038646693033
NbCoP,116.495842978906
K2HfF6,5.494608880496
TaFeP,142.968827975311
Ba(AsPd)2,32.7589532122658
KAlF4,18.3892656790886
CaCuP,51.3730498698918
BaAsPt,22.6815947421668
KNbO3,68.2387836893668
KNbO3,40.6610697241612
YCoC,59.7498631417438
Ga2NiS4,12.2569591612518
NaVF3,27.0572781215347
Ba3(AlSn)2,19.7400787987229
Sr3(AlSn)2,25.0316259551865
Y2Al3Si2,64.6575227194931
CaSbPt,35.0185525261524
CaPPt,44.5999468053768
Tl3SbSe3,6.21074064917276
LiNbO2,100.480066289398
Sc(AlC)3,138.327915348984
Ca5(AlSb3)2,23.1225103694278
Zn(GaS2)2,28.4990447528369
SrCu2O3,43.6082000826491
Sc2Co3Si,78.6704415086394
Nb4CoP,98.4083727055342
Sc3InC,81.539369601048
KZnF3,33.7534897629777
Hf6NiSb2,70.7300811395374
Sc3AlC,82.8100263244263
RbAlF4,28.6533806725142
RbAlF4,28.5798564179344
SrSbPt,24.1889172884613
YCuO2,34.8511538820613
NaAlSi,22.7897979402812
ScGeAu,44.0620677069139
SbIrS,85.9524580691803
MnSiRh,69.4731477407839
KCrO2,70.2097028292617
RbGeI3,10.4713189725782
Mn3PtN,76.8596420297735
Ca(FeP)2,78.7764476442822
KPdF3,20.6251676424508
NaVSe2,9.96005132143851
KZnAs,21.8369567558823
ZrTiAs,70.799098481593
Ba(FeP)2,55.7173734968603
Zr2NiAs2,68.0989113752338
Al2CdS4,21.6402659721563
Hf(FeSi)2,94.1239504622931
NaTaN2,95.5600203819872
VCo2Sn,69.8577235118924
LiTlPd2,35.4360250732594
ZnSiAs2,42.1892569280343
KZnSb,17.1327130435055
Ca(CdSb)2,19.9957487164388
MnNbP,100.170195432811
Ba2CuO3,39.18046769672
Sr(CdSb)2,18.8303108571101
KCuTe,18.0707188345093
Ba(ZnP)2,29.088374944432
KZnP,26.1728988846038
NaCuSe,20.2069987873711
NaCuTe,14.363259077111
HfSiMo,103.861517692499
Sr2VO4,72.0492281963297
CaNiN,54.8439086253917
Ca2ZnN2,45.2250244386889
ScGeRu,83.4750344022378
SrSiPd,21.1152254725589
Ba2ZrS4,28.3908546856674
Cr2NiS4,59.7287367446821
Sr2FeO4,63.1884363216682
CsSnI3,6.95473265493308
K2CuF4,18.7887097820511
Rb2NiF4,20.1434387759673
Rb2MgF4,20.9560618715635
Mg(As2Rh3)2,52.8988676054821
NaSbS2,14.5406902638819
FeCuO2,50.3603348678521
TaCuN2,62.8271209071867
Li2NiO2,72.7931900844673
GePtSe,65.7864512262664
Li(Co3P2)2,97.8816100284781
CaSiPt,39.6220700604443
CaSiPt,33.8342054816082
NiAgO2,37.2805916925116
Sr2CuO3,54.3269570032446
Y(Al2Cr)4,78.0988669026964
CoReO4,76.923664099416
Ca3AsN,44.9250575113103
CsCuO2,11.2603041567948
Ni(RhSe2)2,31.8621034992852
YPPt,49.2189319955318
Y3PbC,58.3056727980432
Li2TiO3,72.9362755789567
Ca(NiP)2,73.8523365107604
RbHgF3,15.0070100218025
Si2NiP3,55.7911743863255
NbCu3Se4,22.3695689266363
ScCuS2,37.7423566773122
BaNiS2,28.6690816965262
Mn3AlC,128.604047632695
BaZrN2,39.941027903905
ScAlCu2,44.6371384458222
NbPbS2,26.2366701290763
Ba(P2Pd)2,34.1100407413794
Mn2AlV,97.8291524222958
AlFeF5,46.8610334031727
Fe(SiP)4,90.4081158486476
Ca2CuO3,61.224348098071
Si4P4Ru,86.4146253509297
CaMg2N2,73.1584883391397
Ba3(AlSi)2,21.8889998540461
V2GeC,101.329137774299
ScSiPt,59.7834523699704
NbNO,108.669545198426
LiBC,133.521931936432
NbSbRh,40.8147372262654
LiSnAu,15.6402759788613
Li2MgBr4,11.2730722341383
NiWO4,73.5000397427981
NaNbN2,90.8515750769322
TlPt2Se3,14.392905637284
Nb2CoO6,61.5809249889808
TlPt2S3,16.1446048036624
TaCu3Te4,19.8853122108885
Ba2ZnN2,24.2408205366866
Ni(AsO3)2,80.489225841412
Co(AsO3)2,72.8173917111783
Ba2HfS4,30.2338402595696
Zr6FeTe2,59.8415113253803
NiMoO4,56.7480182745556
NbPSe,75.9903806714324
CoMoO4,51.8700387848515
Li2SbPd,26.913507205776
TaNi2Te3,10.4435650347773
SrZrN2,108.686218894666
NbSnS2,29.8593296392909
Al2CdSe4,19.1059381427659
ZrSiRu,100.158764401659
NbSiAs,104.058777448849
Ga2HgSe4,18.2696231065916
Zr2CoP,78.0819015751986
NbFeSb,81.2880311004941
NbSbRu,66.3054805638308
ZrAlNi,71.0278518737574
ScCoC2,102.825872651471
SrHfO3,90.5198751724988
ScFeGe,52.636181051309
Zr2NiP,83.4529675111433
Si3P2Pt,80.4986017697411
Ba(NiP)2,36.999537405121
RbFeF4,12.6598339006431
Mg(AlSe2)2,8.93983582543562
K2AlF5,14.4544065703577
Li2FeBr4,12.6675282325285
Mg(AlC)2,90.800815827874
CrCuO2,57.5068331188544
LiFeP,51.4196625123861
SrZnSi,38.7093421554758
Ca(MgSb)2,25.7397088095248
Ba(MgBi)2,20.452622946135
Ca(ZnP)2,45.6844497766698
Ba(MgSb)2,24.1909861711588
Sr(MgSb)2,25.4670756056998
Ca(ZnAs)2,35.7784059992603
Ca(MgAs)2,35.5891211801869
NaBeSb,24.0873493112917
Ca(CdP)2,34.4614361340558
Ca3(AlSi)2,35.3410089753169
NaBeAs,33.2644951608951
K2ZnF4,20.8590726212331
HfSnPd,57.6548045638861
LiZnN,84.9565266529776
LiBeSb,47.1960949621779
NbInO4,58.6032923070215
Li2ZrF6,35.4586196043934
Sc6Te2Os,31.8721990668479
Si(NiO2)2,100.795668494049
Zr3(Cu2Si)2,75.1323649630982
K2PtF6,9.89620318915193
AlAgO2,60.1398299503205
LiVO2,62.1655191758252
Li2MnO3,78.6177114051949
Ba(CuS)2,28.5807755276723
LiCoF4,33.3774092125842
GaCuCl4,5.38480521554891
Ca(AlGa)2,27.6000070574511
CuNiSb2,37.9319881000152
Ta4FeP,100.996755651517
GaCuI4,4.5128478720605
BIrPd,72.7444750136659
Zr6CoAs2,67.2153319864805
ZrCo3B2,129.694752656057
Hf2CoP,86.4915400063659
NaMgAs,19.9022980073864
YNi4B,75.4327834433019
TiSiNi,104.014125504863
CuAuF5,12.3447924432105
NiMoP,95.3796902446544
Li2TiF6,29.5773385091508
Mg3NF3,81.1664358914053
HfCoAs,92.1122415976941
ZrNiSb,54.1719743558005
Ga2FeS4,11.9819836340622
CrCuS2,41.0171086032722
ZrSiTe,29.5166901870043
BaZnPb,19.7591690228803
MnTePd,19.5410777221857
Sc3CoC4,119.652111311594
BaCuAs,33.4817260351417
Ca(MnBi)2,13.7667105706676
Ca(MnAs)2,34.3985842343054
Sc2CoSi2,77.4304710031956
KMgSb,14.1524654676874
BeAlB,130.868199621543
MnCoSi,86.1563842148743
V(MoS2)2,70.196853536192
GeSb4Te7,14.8222900540567
Sc3InB,54.0444654301932
Ti2FeS4,56.2162273873651
Ti2GeC,104.236304859448
Ti2PbC,72.4078163492832
YCuSn,51.8418024853654
Nb2PC,140.293123704781
CdGeP2,34.9959040152064
NbNiB,140.124577227881
V(CrC)2,118.839325214452
BaSnO3,89.7338839343031
BaZrO3,91.7731372089156
ZrFeP,118.830168176943
ZrSbRu,46.6029632779061
TaCuS3,25.082237014704
VSbRu,48.9166452784635
Nb4CoSi,96.8057483948622
LiSiNi2,43.1491823039238
LiAlGe,50.3965584860169
BaAsPd,24.5726391346197
Co2B4Mo,178.805209756745
MgNiBi,33.0352568480956
CdSiP2,39.2262514403429
SrAsPd,27.0514409343554
Sc3SnC,81.5259544610568
YCo3B2,122.685168466777
YSbPt,47.4037182952895
Li5(NiN)3,46.7115365528586
MnAlRh2,93.5053426746422
ZrVSi,60.1101640953713
MgCuAs,32.1132755180655
NiGePd,48.9414712978542
LiTiS2,48.2061848096539
Sc3BPb,65.7797944548689
Cs2NbF6,8.60950587636922
MnFeAs,39.4794882190514
Zn(InS2)2,15.369173471867
NiSbS,50.7867370362292
ZrBeSi,116.153473705824
ZrMnSi,82.4747687765765
HfCuSi,85.1207500558886
TaAlCo2,97.892248062217
Li2CdSn,20.8462922161707
Y(SiIr)2,62.801695695265
YAlGe,54.2243206363916
MnNiGe,59.8706486446174
TiCuSi,76.7932167826932
MnAlPd2,33.7952289839032
Hf3(CuSi)4,82.8739638262289
MnSbRh,30.4721609212929
TePdI,12.2541870136204
Zr6Al2Ni,51.2788440770663
HfNbP,99.4930064873988
ScNiSb,66.3379366923437
Zr(NiP)2,57.0823841648158
Nb2AsC,118.782466207399
Rb2PdI6,3.9080726115895
BaHfN2,43.8155262272503
MnCoSb,56.1033688782509
KNbO3,109.731335487742
ZnSnSb2,22.8826157522883
SrVO3,36.4821305653965
BaMgGe,22.6580792552271
MnCo2Sn,78.0024488299677
ZrNbP,99.193059741282
Cr3PtN,158.34965313501
ZnFe3C,105.276526019458
TiCoSb,75.1502196540742
K2TiF6,10.9060583882029
CuSnRh2,65.4252706278486
TiTl2F6,7.46703019965411
VCu3Se4,20.6870279983746
AlCrCo2,93.085416579963
Ba(CuSe)2,20.7362265726424
Tl2PdCl4,6.2103366528179
YTiGe,49.2836648040568
CrCoGe,71.4654577428497
NbSiPt,80.557430639671
HfSiPt,100.931373399341
YCo4B,58.4737789673766
NbSiRh,112.30669350351
RbScO2,55.3814486835379
TiNi2Sn,39.9484282226946
Li2CuAs,36.7582805063531
VSnRh2,75.8854339103578
Li2SbPt,28.2841841466824
Y2B3C2,65.1264370900833
Y(TiGa2)2,59.4091902463683
SrMg2N2,70.1899493703607
Ca(AlGe)2,38.9031943745145
NbSiIr,120.973968827799
TaSiIr,124.858492755918
Y(MnSi)2,76.3792714497905
TaCoSb,61.35899278766
ZrMoP,114.033962084619
BaLiAs,22.7201204423432
TiFeSb,52.7704161474459
BaLiP,24.4979719765401
Fe3PdN,85.4588231590304
Ca(SiNi)2,56.2227118656613
Sc2AlSi2,74.269971491516
NbAlCo2,89.9874456176589
BaCuP,36.9480762889515
Ba3(AlGe)2,21.0021576880037
Li2AgSb,21.2212903526203
MnCoGe,61.3684910960865
AlFeCo2,98.1028136521712
SrCoO3,70.8031147285146
ScRh3C,90.4715778543675
CaIn2Pd,25.0450430838272
TaSiRh,117.958576136382
AlCo3C,116.5016442421
MgNi3C,58.9033364156574
Zr2SbP,66.4699357933437
SrCuSb,33.6614177604706
TaCu3S4,24.5108786630969
RbTiS2,30.6351798248071
Mg2Cu3Si,63.7262062528755
Y3AlC,63.3814102344346
MnAlPt,41.0778261409467
YMgCu4,42.5983535554498
Ga2HgTe4,15.3287605824175
TiNiGe,82.9243839104529
TaNiGe,74.9811171339831
CaSiNi2,38.614101431512
SrNbO3,80.5839976987328
Y2AlSi2,47.6256604702651
Ag2PdO2,13.8357162973029
CuAuSe4,19.0275937123552
Ca(AlSi)2,40.592444976025
YSiAu,43.9768622174004
NiAsSe,54.3990166673918
Sr2TiO4,75.0743052498117
FeBiO3,76.8846241649516
SbPdSe,31.0907498250306
SbTePd,31.4105046305072
NiSbSe,47.0615460180757
Zr(SiNi)2,81.6269515624581
NiPS,61.3549050425881
TiCrP,122.897064011697
Ca(NiAs)2,39.7049229841209
Ca(Al2Cu)4,62.8976003963306
Ti3AlC,100.641229457747
TiAlAu,57.6295764076466
CaCuO2,62.9722594333973
Rb2PdC2,13.7178272469264
Cs2PtC2,14.4243603660863
Mg(Co3P2)2,99.0185177407248
Cs2PdC2,11.7742223303855
Rb2PtC2,16.608371840445
AsPdS,36.4605414098269
ScFeSi,61.7410342189716
Nb2CS2,25.8887532199414
Ca(ZnSb)2,19.4521331723377
Sr2PdO3,55.3967522429917
Y2Co3Si5,55.7059269099373
Zr6Al2Fe,47.896292477107
MnNbGe,81.778604904242
Ba(Cu3As)2,24.0057104370166
Sc3RuC4,110.599132510883
BaSb2Pd,23.6812241179184
NaAlGe,20.2236251074658
HfBrN,17.6360124987985
LiSn4Ru,46.3206571007174
ScCo2Sn,74.1360604243215
Y2Si2Rh,62.5566967169249
ZrIN,12.818602090559
Sc6FeSb2,45.3571323935965
Y6FeSb2,34.5352217302907
VAuS2,51.7467617144577
Sc3PbC,75.9831024696128
HfBeSi,117.762834297161
ScBRh3,95.6255193091018
SrCuBi,27.1454537819488
VCo2Si,66.1626869921454
ZnCdPt2,56.591983241376
Y(MnSn)6,71.2846594617636
HfAlNi2,48.8588215682336
NaAlO2,93.3008951862905
ZnGeP2,48.9204044648489
CuAgS,15.1470790179694
AlTlF4,24.8882235389782
CaAl9Co2,55.875634800673
SrGaCu2,25.6092206724215
Hf6CoBi2,59.7091038178551
HfGaAu,61.6683498482025
Zr6FeSb2,58.0715126892808
ScAlPd2,41.0639618024877
MnGaPt,38.2950597604532
FeAgO2,41.5338141582775
KCu4Se3,14.4613053595308
Li2CuSn,29.818516594973
HfFeP,124.78167820874
SrZrS3,35.9167904043966
TiSiRu,103.188417714029
TiSbRu,31.9570928564864
Zr2SN2,68.4674725820016
Cr2GaC,115.757307903033
Zr2SN2,75.6688911597425
HfCo3B2,159.108433063091
CaSiPt,20.2061459114937
Mn3ZnC,71.1086815686596
ZnNiSb,35.1816762778231
CsCu3O2,7.27641244239955
BaCuSb,28.8136389973614
K2PtBr6,5.66692253850893
Ta2CS2,27.0634550699875
Y3SnC,62.6804324052075
TiTeAs,67.2172434498162
Cu2WS4,9.11570016353009
YSiRu,52.199224301465
Rb2WCl6,4.29604556571315
BaZnSi,31.3089483039323
CaIn2Pt,28.0451926973695
ScTaO4,72.0905390809013
ScNbO4,61.4398011638973
NaLi2Sb,22.8247074401129
Ca(SiPd)2,41.0261577061286
ZrSnTe,53.9529851138398
CaIn2Cu,31.1038945921726
BaCuBi,24.0429695505394
CaGePt,35.7953678715487
Sc3GaC,85.4082513080193
MnNbSi,105.367404303865
SrGePt,18.8517064484197
TiPRu,103.198534537118
Ba(ZnSn)2,23.0295840196372
Na2PdC2,20.4223450171155
Mg(BeN)2,166.09032251537
ZrCuSi,84.3100331689841
In5Se5Br,13.890113842592
ScNiP,91.7544438137946
CaSn2Pd,23.4445210120231
Ni(BMo)2,178.787338321373
CaSn2Ir,37.8030447908568
YMgTl,39.0444175794684
V2PC,149.320758244389
Ca(MgBi)2,21.7521837157771
SrSnPt,28.1679009826204
Li2CuP,45.5206545912087
YSnAu,41.8909145192897
NbSiPd,81.3874628746253
AlCr2C,133.771639995524
CoBW,193.697070135483
YTiSi,49.2270129363109
CrCuSe2,31.1921081093131
MgCuBi,25.0719653162443
HfSbRu,47.6904223946913
Ti3TlN,47.3492794630125
TiCo2Sn,73.6214262282723
LiAg2Ge,19.8155976867039
LiZnP,51.34211635683
Tl2WCl6,4.66210215215476
MgSiP2,34.0258936785678
HfGeSe,73.8552241047688
CaMgSn,29.0754589439566
CaSiPd,33.2094464061867
NbCrN,156.957633581261
BaZnO2,32.9418668796347
CoSbS,74.802952575707
Zn3(InS3)2,20.4300886143662
CaCuSb,34.2942343675455
LiMgAs,36.5850579069671
Al(CoSi)2,96.2520057309514
YInPt2,36.7148115861543
Ca(ZnSi)2,36.055516925392
Rb2Pt3S4,7.45079473384556
LiNbS2,56.9269597869999
As2PdO6,72.209571027661
NaTiS2,36.6776396930041
ScBrO,14.1582355467796
NbCu3S4,25.0409707929794
K2WCl6,4.1073472824883
AgSbTe2,17.6733842258086
LiB6C,183.522832536941
LiBF4,7.21173672289842
Li2ZnGe,39.1154433372253
NaMgF3,43.1341788786667
LiSn4Ir,47.7227671087431
MnAlCu2,44.7833278228842
TiAlCo2,90.023069657264
MgSiO3,109.509285182768
Sr2BrN,26.8102174412385
Zr3(Cu2Ge)2,71.0587693478596
Ba(ZnAs)2,22.955373376042
Ca(CoP)2,79.8436782535025
MnCoP,107.297911797656
Rb2ZrCl6,4.52818945352671
Rb2TiCl6,5.36120754119748
Tl2PtCl6,5.58288511521458
CaFeO2,54.7479419149879
SrNi2Ge,31.7547348966651
SrCuAs,41.068035716005
Ca2GaCu2,24.3826475096369
SrZrO3,88.410624893181
SrNi3Ge2,31.9259425474872
Ti2GaC,108.226626359362
AlVFe2,136.842693721683
ZrCoSn,65.8968098547002
LiMgBi,21.2313511939274
K2TiCl6,5.31557211626997
VBrO,16.0351735016755
KZnSb,15.859825511089
Sc3SnB,69.0929585596022
Y(Sn3Ru2)2,55.8513104501801
ScSnPt,56.2210549369757
Ni(AgO)2,29.3826327124211
Na(CoO2)2,28.6934321624697
Sc3RhC4,117.036804364614
Zr6Ga2Co,49.8286523280175
Zr6Al2Co,50.9313743849177
CaAlAu,28.6493294302381
VFeSb,61.9908817108791
CsPbBr3,5.35259009539258
RbPdF3,24.0772479811103
Ti2Te2P,14.0642748428101
ZrGaAu,61.8383617716162
Li2B4O7,41.4694672450935
TiGaPt,56.7831762760565
Mg(AlSi)2,32.7343929613216
ZrGeS,77.463675922191
LiCuO2,40.1086947781826
AlCuTe2,24.3199451704474
AlCuSe2,28.3734595905554
NbCrP,114.015413779225
TaCu3Se4,21.6930132881322
MnFe2Si,97.0856109914427
Rb2NiF6,9.33736438379375
Nb4AlC3,145.26412747146
SrHfO3,94.91680131594
ZrCuF6,14.7933421122291
FeBiO3,70.0947337279894
SrMgGe,31.1126683247245
ScMnSi,74.8427186828779
SrHfO3,86.2639535180815
Ti2SbP,70.5502630049557
HfPRu,94.9778363555195
Al(CrB)2,174.514497699676
Y(SiAu)2,45.4254460588529
YCuPb,44.3501329489184
ScCo3B2,129.28875884311
ZrCoBi,62.3216231352572
YInAu2,21.7386216173833
K2PdBr4,5.78821937888507
ScCrC2,133.1758633354
Na(CuS)4,21.5130859189772
RbScO2,57.9622798845615
Ca3AlSb3,22.8603573595822
Nb2ZnO6,57.398430358164
HfAlCu2,52.9458403656032
Rb2WBr6,3.637270245862
Na5SiP3,16.8889192212905
NbCuTe2,36.723385698666
Rb2CoF6,7.5426306917124
YZrSb,41.3559299826841
ZrSbPd,36.0622251481994
K2Sn2O3,15.0456762906639
Cd2As3I,18.4080538061326
Ca(CoGe)2,59.8946365695668
Ta3AlC2,159.42450515942
Nb4SiNi,99.1014682735734
Li3B7O12,37.2746644379338
Ba5Al5Sn,18.082598286883
CrAgSe2,22.8012046027981
RbPt2Se3,12.3028956426227
KPt2Se3,12.6827781402927
Ti3AlC2,125.865345239085
LiCu2P,31.5729550100834
BaGePt,22.2264038216663
BaZnBi2,18.5145236526911
KCoO2,21.2068618965662
BaNiO3,24.3391615894549
HfSO,57.2043887586785
MnWN2,109.934488814228
Nb5SiSn2,83.082773415909
ScCuSi,59.9855880180158
Mn3GeC,120.509284538193
TiGePd,68.6193747392978
Zr(CuP)2,60.8565905082674
Fe2B4Mo,175.276870940812
Mg2Al2Se5,9.5795355239945
MnNiGe,59.7083480330585
ScSbPd,45.8150902842619
BaNb4O6,109.47573048176
Ti2SnC,91.9218175248998
SrMgSi,32.907425304002
Mn3ZnN,112.638419648872
Bi2Te2Se,9.74367033708746
FeAsS,116.930341169136
YAsPt,45.6372877563555
V2AsC,114.809417726533
TiAsRh,75.8385918447339
CoAsRh,62.8266853638262
KZnAs,20.6897600149261
SrAl9Co2,59.6517023088715
Zn(GaTe2)2,18.748057953088
Fe3PtN,100.256015140277
MnAlGe,64.3905388939071
Zn(GaSe2)2,23.7338946966003
Y2MgSe4,19.5503672933687
Y2Si4Mo3,98.4692172484438
Ba3WO6,27.0656875263297
YAl2Co,45.4871118157565
HfVGe,69.901631151517
MgSbPt,35.1509521823557
Sc2FeSi2,75.3361409698921
Fe3NiN,86.5724939137433
Y(CoSi)2,92.8504101407835
CdSbAu,13.9644871181492
MnFeAs,71.5737927272495
YSi2Rh3,98.8596761461533
SrTiO3,102.28443306234
CaZnGe,38.7262955959933
Ca(GePd)2,25.6927147601831
CaZnSi,42.3738075934706
ScRu3C,140.036342475577
Mn3AgN,77.6975258797212
MnCoGe,62.1778557143038
ScSbPt,53.3799268291894
SrCuP,46.3936346614231
ZrCuSi2,86.948077887777
Nb4FeSi,83.8003653897351
Zr2CuSb3,44.8788460701873
Sr3(AlGe)2,29.6875807781273
ZrMnGe,70.1311568095123
CoAsS,104.702607540171
FeCo2Si,90.3503720154579
Ti2CuSb3,49.6308602051365
LiMgN,79.1313874653263
Hf2CuSb3,46.6889666955335
Ba(FeS2)2,18.8764387580818
Ba(FeAs)2,41.7450854224054
MnSiNi,86.2674382199501
Ba(MgSi)2,40.0164569327933
BaAl9Fe2,45.1480219004178
TiCoSi,99.9540910776104
YInPt,33.7412519285437
BaSbPt,22.0402857258359
ZnCo3C,113.088107040605
Mg(P2Rh3)2,60.4194796254244
ZrNiBi,38.2044772507435
SrTiN2,50.2622504620353
Ge2Sb2Te5,13.0160404301184
LiSn4Rh,39.8227655895333
CaCdSn,25.698688720462
Ti3In3Rh2,56.0486593558892
Li2AlRh,37.2777243689578
CaSnPd,25.0506890747421
ScInPt,37.1861366758385
CaInPd,22.6172086682938
CaSn2Rh,32.0637721812205
MnSnPt,25.9598393027793
LiAl2Rh,56.7779501446248
GaCo2Ni,57.5083895533574
TiSiRh,88.3864046964918
Zn(InSe2)2,16.2008954050886
ScSnPd2,31.7439230885236
KPt2S3,14.5940097264947
HfSiSe,56.1184969689142
LiIn2Ru,39.5135780222392
LiMg2Ga,20.5907407903808
HfGeS,81.8992172982812
Hf(CoSi)2,105.564663195605
Ba(MgGe)2,33.3943646259402
KCu4S3,18.7520984251603
ScNiBi,52.5138207083863
Ba(MgPb)2,18.7249763416219
HfSiS,92.2404061460775
MgCdAg2,23.0690139993128
SrMgSn,26.8760227977037
TlCu4S3,15.5840035041671
YAlPd,21.6111598190806
TiCoGe,78.1603205817675
LiAl2Pd,47.2768895615433
ZrSnIr,64.77367619851
Si2Ni6B,76.8552351316723
YSnPd2,25.0154814236858
MgSnAu,23.1681059156753
CaZnSn,35.5856427254287
CaZrS3,36.6934950920027
Sr(ZnAs)2,33.3265606839715
CsCu3S2,7.6441262625964
Li2ZnSn,19.8759545203316
CaPdPb,25.3920407928808
HfMnSi,86.7787773548377
Sc(Al2Fe)4,85.3872112370957
CaInPt,26.5507972813053
ScSiNi,71.9691701203758
LiSbAu,6.90074381248488
Li2Sn2Au,21.2342438634929
Y(FeSi)2,79.6507252889338
CaGaPt,23.7910444985702
BaZnSn,24.9330958367243
BaZnGe,28.8767577166104
Y(Al2Cu)4,60.1632654690766
Li2SbAu,19.6879763091997
AlFe2Mo,72.6218010566299
ZrCdCu2,50.9575686018084
K2MgF4,25.2669833943869
Sc(MnAl2)4,76.2416363436856
LiAl2Ir,55.3330830284902
Y(SiPd)2,52.6331124081963
TiAlFe2,104.927541948815
CrGaCo2,79.4999645792488
Y(SiRh)2,88.4445237643909
Ba(CuAs)2,27.3900909872747
Sc(CoSi)2,90.4538590358672
Ba(NiAs)2,26.6160695503999
VAsRh,76.0753069537019
MgCuSn,29.8100509055179
Sr(CdAs)2,28.1138523337469
Ca(CuSi)2,53.6535172860936
Ca(CuGe)2,37.7179234500295
Rb2Sn2O3,18.2570512191806
MnAlFe2,121.517737848202
Zr4CuP,48.1142791376235
Ti2FeSe4,41.3276133942541
K2MgCl4,10.9094902478612
AlAgS2,27.6942810258867
HfCo2Sn,77.5556427266249
TiFe2Sn,105.771309898931
MnSbPt,29.141770022553
YTlPd,29.2009728829659
HfSiTe,26.8831139326743
TiSnPt,56.0748123186425
Rb2ZrF6,10.0194891734722
Cs2ZrF6,8.82586347076108
Rb2HfF6,10.2594407920666
Cs2HfF6,8.79923718097278
YNiBi,48.0093165462753
Zn(InTe2)2,14.5117005060688
Al2ZnTe4,19.0406398362676
Al2HgS4,21.4594823402744
Y(SiOs)2,84.6724817667073
Al2ZnSe4,24.3239993803508
In2HgTe4,12.1288894536804
Al2CdTe4,15.730897718782
Cd(InTe2)2,12.024407941459
Al2HgTe4,15.7443209314374
Ga2CoS4,27.6117816300984
NaScO2,70.4600587560094
Y(SiRu)2,80.0316207564687
HfGeTe,61.5200317550526
YMgAg,17.2448257755324
YInNi,34.4676123457531
Co3SnC,76.0826763314954
LiZnGe,32.6282936409453
Sc3TlB,54.0715390769992
TaGaCo2,85.6214403199133
YNiSb,54.9893399351823
HfGaCo2,77.0904287112281
Ca(ZnGe)2,19.1330215817885
LiZnSb,25.9547231640488
ZrSO,50.2706840373602
LiZnAs,40.0556834629118
NaMgSb,15.4882215480441
CaMgPb,26.1716170481998
Cr2GeC,81.70025210128
Y2CdS4,22.3318636103284
LiMgP,42.9414155917996
LiMnO2,69.8679839627494
SrCuO2,63.0261242572056
LiMnO2,63.176192363387
AlBMo,137.725420659313
Mn3SnC,115.494600524536
TiAlCu2,62.2232447932055
Mg2NF,71.5574734533084
V2NiSe4,11.8340887600457
MnCo2Si,107.386028841348
K2PdF6,9.37836556144954
FeWN2,119.237612180462
Al(FeB)2,130.082449295121
CdHgO2,14.4897798543782
HfAlPt,75.522934677955
NiTePd,38.1213261258875
Zn(InSe2)2,17.0980263620489
LiAlSi,55.4485187384496
CaAlPd,27.4028644351882
BaNbO3,89.572043793407
Sc3IrC4,121.397220525917
Y(Al2Fe)4,84.9826956061556
VCoSi,112.005794591753
Ti6Si2B,103.573085350305
Mg(InTe2)2,11.7776234823611
Zn(GaS2)2,28.9798463071535
CoBMo,176.592478096577
Sb2S2O,11.0540378058231
CaMgSi,40.3145986782039
ScOF,44.9530984311223
MgWO4,46.7287412330777
ZrSiS,85.7142291465513
Sc3TlC,81.7151366777577
ZnNi3C,60.1172059190127
TiCo2Ge,78.0251238930311
Sc6FeTe2,31.2503061923445
Li2AlPt,38.4283061605052
TlSbS2,6.07760608636074
LiBO2,29.5351853669416
MgCu4Sn,55.0406716137642
NbNiP,98.3675340888942
Hf2SnC,86.0792362317987
MnAlCo2,104.026628836746
MgMnGe,49.2222532339662
BaNiSn3,31.5126594572673
NaZnSb,12.6191051167763
CuWO4,46.1546234367934
Sc(FeSi)2,110.328247929783
TiGePd,59.3956762910599
NbCoSb,57.8791760884282
YMgAl,43.9211639911502
Nb2CrSe4,46.6196935039168
Ba2HfO4,59.7664480341835
MgCu2O3,52.556868798098
Ca(CuSn)2,26.5676070869906
CaMnSi,35.0541883236276
SrHfN2,115.549226376055
TlAsPd5,49.0778501278282
ScAlAu2,22.9428370351447
V2NiS4,58.7728643168669
CrFeP,142.708255963582
Ba(AlGe)2,12.7483447576203
TiCo2Si,85.7330856844015
MnSiIr,76.6622569007599
In5S5Br,15.8868974499561
CuBIr,67.9325759105874
BiTePt,32.4358661078644
BaTiO3,106.714189443855
TiFeSi,108.763195928607
Ca(CuP)2,36.1764573925866
YTiGe,52.6872808321339
Ca3(SiIr)4,51.4578640311348
Ba2PdO3,44.2389001471747
Nb3TeI7,8.40421229946632
ScSiAu,62.9331920993053
Sr(MgAs)2,35.1104906966156
ZrMnP,110.438368309286
ZrSiSe,60.9794092308234
Zr2InCo2,52.7257328481421
YBPt2,51.34163440115
YSnPt,41.0477542908158
Nb3SBr7,8.82537211866116
BaCoO3,28.6034471285618
BaCoO2,30.53570100176
NbInS2,26.5147418520742
CrCuO2,57.5364793326562
TaSbRu,70.2600803776422
CrWN2,141.607447616806
MgMn2O4,41.4843098987603
TiSiRu2,130.422035352072
Li2MgCd,12.9911865945949
Mg(BeAs)2,45.3541139717096
Y(AlGe)2,34.2824765527094
Y3Al7Cu2,62.9315415811775
Ti3SnC2,111.801425512071
LiInGe,32.6701471506789
TiAlPd2,30.3571482968196
CuMoO4,42.3767014584723
VCoSb,55.6883459040019
MnSbRu2,93.6669342773677
BaAl9Ni2,45.9063779292124
Li2VO2,78.7963723346122
FeGeRu2,99.2953092228794
YRh3C,79.5159993161495
AlFe3C,97.5499157596898
CoReB,131.066988519996
TlPd2Se3,12.0492503026795
Li(YSi)2,45.6735159620846
LiTiTe2,25.1981974992595
HfSiPd,92.4754345970354
TlInS2,22.3230569288807
Li2SnAu,23.7027277257009
Hf2InC,91.9168089168486
Ca2SiIr2,39.9349336596716
MgMoN2,182.515506672856
Na2MgSn,18.2182246022405
Sr2HfO4,71.9390859411752
V2CuO6,27.6886064926463
Li2CuSb,34.2490969971531
Y2CuO4,58.4962225096488
Ti2CdC,53.3297887933925
ZrNi2Sb,60.0180772867954
ScNiGe,62.513220813657
Mn3Al9Si,78.9214957532053
Zr4In5Co2,52.7178698333935
Nb2SnC,78.5246838696194
MnGePd,33.8623464118993
Ba(NiP2)2,42.8198260285167
Ba(SbPd)2,21.8451389154653
YAlNi,26.1993504014139
SrInPt,24.8380754844645
BaGe3Pt,39.3975175248314
YCuSi,59.1135162915064
Zr2InC,82.3861271800082
Sr(MnAs)2,31.4849468509806
ZrVGe,71.6696973566335
Na2PtC2,24.2081675335306
ScCuSi,76.1703288888181
AsPdSe,35.0707844594727
ZrTiTe4,11.9629166437898
Li2AlPd,29.313509491562
Hf3(Cu2Si)2,80.1656641121033
YSiPd2,49.9840644225397
Hf3(Cu2Ge)2,74.3459201090464
NbPS,73.4986033349404
YAlSi,62.5752481308363
Sr(ZnSb)2,18.162198560907
YMnSi,54.4980361492003
MgSn4Ru,48.9189611769595
Sr3(AlSi)2,31.0472962448525
TlTe3Pt2,14.8338591081675
Sr(MnSb)2,17.3218253369035
Sc6NiTe2,24.8574990434285
Y2ReC2,74.1167233446717
LiSn4Au3,19.1488238289051
Nb2CS,97.2042748595146
Ca(AlZn)2,36.1313912364943
Ca(SiAu)2,34.7281895755232
YNiSn,42.140961916908
Ca(CoAs)2,46.7466988990935
HfAlPd2,26.2701550433745
NaCuO2,31.0063022869752
Ti2AlC,112.341346206443
YSiNi,62.083653998135
Ti3TlC,82.7990551688018
ScPPt,67.8175714573613
AlCrFe2,96.2267539656015
ZrGeSe,67.6550012460704
Li3PS4,11.4804975280835
MnNiSb,45.861851668547
Rb2NbF6,10.8516547402076
TlSbTe2,18.1684953428836
Hf2NiP,93.7000658765364
NiMoP2,104.383153091032
Hf(CuP)2,64.654276535451
CdSnP2,28.8490863683982
CrNiAs,60.3590592503838
HfMoP,121.226047355751
NbCrSi,119.484531067939
Y(SiIr)2,103.492538365139
Y(AlSi)2,40.4618654716771
Mg2SiPt,59.7351625211706
Ba(CoAs)2,35.3707387887704
MgAsPt5,70.3627926783563
YCBr,9.73365581362636
NaTiO2,70.5650335547956
KCuSe,21.5865764784871
Y3Al5O12,101.4139
