formula,Temperature,sigma (S/cm)
CaMnO3,300.0,0.02
CaMnO3,400.0,0.02
CaMnO3,700.0,0.41365
CaMnO3,1000.0,5.6341
Ca0.98La0.02MnO3,300.0,21.685
Ca0.98La0.02MnO3,400.0,21.685
Ca0.98La0.02MnO3,700.0,15.373
Ca0.98La0.02MnO3,1000.0,24.34
Ca0.96La0.04MnO3,300.0,65.55
Ca0.96La0.04MnO3,400.0,65.55
Ca0.96La0.04MnO3,700.0,46.129
Ca0.96La0.04MnO3,1000.0,45.012
Ca0.94La0.06MnO3,300.0,82.189
Ca0.94La0.06MnO3,400.0,82.189
Ca0.94La0.06MnO3,700.0,58.734
Ca0.94La0.06MnO3,1000.0,53.079
Ca0.92La0.08MnO3,300.0,100.34
Ca0.92La0.08MnO3,400.0,100.34
Ca0.92La0.08MnO3,700.0,73.356
Ca0.92La0.08MnO3,1000.0,63.667
NiO,700.0,0.006539
NiO,1000.0,0.068271
Li0.0024Ni0.9976O,400.0,0.034641
Li0.0024Ni0.9976O,700.0,3.8039
Li0.0024Ni0.9976O,1000.0,21.457
Li0.0066Ni0.9944O,400.0,0.1966
Li0.0066Ni0.9944O,700.0,31.625
Li0.0066Ni0.9944O,1000.0,35.114
Li0.0184Ni0.9816O,400.0,15.559
Li0.0184Ni0.9816O,700.0,50.493
Li0.0184Ni0.9816O,1000.0,150.13
Li0.0242Ni0.9758O,400.0,81.016
Li0.0242Ni0.9758O,700.0,205.53
Li0.0242Ni0.9758O,1000.0,258.11
CaMnO3,300.0,0.1997
CaMnO3,400.0,0.34187
CaMnO3,700.0,1.5546
CaMnO3,1000.0,9.0439
Ca0.98Bi0.02Mn0.98Nb0.02O3,300.0,49.198
Ca0.98Bi0.02Mn0.98Nb0.02O3,400.0,46.431
Ca0.98Bi0.02Mn0.98Nb0.02O3,700.0,38.589
Ca0.98Bi0.02Mn0.98Nb0.02O3,1000.0,37.54
Ca0.96Bi0.04Mn0.96Nb0.04O3,300.0,112.81
Ca0.96Bi0.04Mn0.96Nb0.04O3,400.0,101.8
Ca0.96Bi0.04Mn0.96Nb0.04O3,700.0,79.987
Ca0.9Bi0.1Mn0.9Nb0.1O3,1000.0,68.75
Ca0.9Bi0.1Mn0.9Nb0.1O3,300.0,136.51
Ca0.9Bi0.1Mn0.9Nb0.1O3,400.0,137.78
Ca0.9Bi0.1Mn0.9Nb0.1O3,700.0,131.01
Ca0.9Bi0.1Mn0.9Nb0.1O3,1000.0,120.43
CaMn0.98Nb0.02O3,300.0,50.0
CaMn0.98Nb0.02O3,400.0,46.423
CaMn0.98Nb0.02O3,700.0,35.263
CaMn0.98Nb0.02O3,1000.0,32.384
CaMn0.98Ru0.02O3,400.0,54.449
CaMn0.98Ru0.02O3,700.0,41.352
CaMn0.98Ru0.02O3,1000.0,35.714
CaMn0.96Ru0.04O3,400.0,132.96
CaMn0.96Ru0.04O3,700.0,98.198
CaMn0.96Ru0.04O3,1000.0,78.751
CaMn0.94Ru0.06O3,400.0,151.48
CaMn0.94Ru0.06O3,700.0,112.07
CaMn0.94Ru0.06O3,1000.0,87.776
CaMn0.9Ru0.1O3,400.0,252.75
CaMn0.9Ru0.1O3,700.0,189.02
CaMn0.9Ru0.1O3,1000.0,148.41
CaMn0.82Ru0.18O3,400.0,322.06
CaMn0.82Ru0.18O3,700.0,248.12
CaMn0.82Ru0.18O3,1000.0,198.16
CaGd0.98Mn0.02O3,300.0,32.738
CaGd0.98Mn0.02O3,400.0,36.31
CaGd0.98Mn0.02O3,700.0,45.238
CaGd0.98Mn0.02O3,1000.0,44.048
CaGd0.96Mn0.04O3,300.0,67.262
CaGd0.96Mn0.04O3,400.0,77.679
CaGd0.96Mn0.04O3,700.0,85.714
CaGd0.96Mn0.04O3,1000.0,94.643
CaGd0.94Mn0.06O3,300.0,68.75
CaGd0.94Mn0.06O3,400.0,88.095
CaGd0.94Mn0.06O3,700.0,115.48
CaGd0.94Mn0.06O3,1000.0,112.8
Nd1.4Bi0.6Ru2O7,400.0,568.78
Nd1.4Bi0.6Ru2O7,700.0,518.67
Nd1.4Bi0.6Ru2O7,1000.0,490.81
NdBiRu2O7,400.0,854.09
NdBiRu2O7,700.0,745.88
NdBiRu2O7,1000.0,653.29
Yb1.4Bi0.6Ru2O7,400.0,310.72
Yb1.4Bi0.6Ru2O7,700.0,322.58
Yb1.4Bi0.6Ru2O7,1000.0,335.86
YbBiRu2O7,400.0,590.67
YbBiRu2O7,700.0,565.29
YbBiRu2O7,1000.0,552.1
Bi2Ru2O7,400.0,1883.0
Bi2Ru2O7,700.0,1726.8
Bi2Ru2O7,1000.0,1432.6
Y0.5Bi1.5Ru2O7,400.0,968.79
Y0.5Bi1.5Ru2O7,700.0,946.41
Y0.5Bi1.5Ru2O7,1000.0,829.85
YBiRu2O7,400.0,502.28
YBiRu2O7,700.0,514.61
YBiRu2O7,1000.0,492.25
Y2Ru2O7,400.0,0.17335
Y2Ru2O7,700.0,3.4646
Y2Ru2O7,1000.0,11.57
Nd2Ru2O7,300.0,0.5
Nd2Ru2O7,400.0,4.0
Nd2Ru2O7,700.0,58.824
Nd2Ru2O7,1000.0,99.01
Nd2Ru2O7,300.0,0.65104
Nd2Ru2O7,400.0,2.6316
Nd2Ru2O7,700.0,32.258
Ca0.9Nd0.1MnO3,400.0,83.794
Ca0.9Nd0.1MnO3,700.0,57.452
Ca0.9Nd0.1MnO3,1000.0,46.903
Ca0.9Tb0.1MnO3,400.0,92.983
Ca0.9Tb0.1MnO3,700.0,65.231
Ca0.9Tb0.1MnO3,1000.0,54.359
Ca0.9Ho0.1MnO3,400.0,143.24
Ca0.9Ho0.1MnO3,700.0,101.92
Ca0.9Ho0.1MnO3,1000.0,80.0
Ca0.9Yb0.1MnO3,400.0,246.51
Ca0.9Yb0.1MnO3,700.0,166.93
Ca0.9Yb0.1MnO3,1000.0,121.14
CaMnO3,400.0,2.1695
CaMnO3,700.0,4.2899
CaMnO3,1000.0,11.989
Ca0.9Tb0.1MnO3,300.0,173.52
Ca0.9Tb0.1MnO3,400.0,156.51
Ca0.9Tb0.1MnO3,700.0,120.23
Ca0.9Tb0.1MnO3,1000.0,97.608
Ca0.7Tb0.3MnO3,300.0,164.73
Ca0.7Tb0.3MnO3,400.0,181.84
Ca0.7Tb0.3MnO3,700.0,190.15
Ca0.7Tb0.3MnO3,1000.0,179.05
Ca0.9Ho0.1MnO3,300.0,149.4
Ca0.9Ho0.1MnO3,400.0,135.16
Ca0.9Ho0.1MnO3,700.0,105.29
Ca0.9Ho0.1MnO3,1000.0,86.359
Ca0.7Ho0.3MnO3,300.0,195.37
Ca0.7Ho0.3MnO3,400.0,227.52
Ca0.7Ho0.3MnO3,700.0,265.48
Ca0.7Ho0.3MnO3,1000.0,236.64
Ca0.9Y0.1MnO3,300.0,228.57
Ca0.9Y0.1MnO3,400.0,209.36
Ca0.9Y0.1MnO3,700.0,169.05
Ca0.9Y0.1MnO3,1000.0,140.77
Ca0.7Y0.3MnO3,300.0,131.12
Ca0.7Y0.3MnO3,400.0,154.03
Ca0.7Y0.3MnO3,700.0,159.36
Ca0.7Y0.3MnO3,1000.0,141.42
BaPbO3,300.0,2305.5
BaPbO3,400.0,1963.1
BaPbO3,700.0,1898.7
BaPbO3,1000.0,1164.8
Ba0.8Sr0.2PbO3,300.0,2162.9
Ba0.8Sr0.2PbO3,400.0,2100.6
Ba0.8Sr0.2PbO3,700.0,1816.5
Ba0.8Sr0.2PbO3,1000.0,1663.5
Ba0.6Sr0.4PbO3,300.0,765.69
Ba0.6Sr0.4PbO3,400.0,786.14
Ba0.6Sr0.4PbO3,700.0,851.12
Ba0.6Sr0.4PbO3,1000.0,1455.7
Ba0.4Sr0.6PbO3,300.0,242.26
Ba0.4Sr0.6PbO3,400.0,253.11
Ba0.4Sr0.6PbO3,700.0,284.86
Ba0.4Sr0.6PbO3,1000.0,1069.7
LaNiO3,400.0,351.75
LaNiO3,700.0,217.33
LaNiO3,1000.0,160.79
La0.9Bi0.1NiO3,400.0,374.15
La0.9Bi0.1NiO3,700.0,242.32
La0.9Bi0.1NiO3,1000.0,164.29
Ca0.96Sm0.04MnO3,400.0,165.65
Ca0.96Sm0.04MnO3,700.0,121.14
Ca0.96Sm0.04MnO3,1000.0,90.536
Bi2Te3,300.0,1818.2
Bi2Te3,300.0,2222.2
Sb2Te3,300.0,5263.2
Sb2Te3,300.0,8196.7
Ag0.15Sb0.15Te1.15Ge0.85,300.0,1440.4
Ag0.15Sb0.15Te1.15Ge0.85,400.0,1176.7
Ag0.15Sb0.15Te1.15Ge0.85,700.0,824.08
Ag0.15Sb0.15Te1.15Ge0.85,1000.0,783.67
In0.05Co4Sb12,300.0,167.34
In0.05Co4Sb12,400.0,147.62
In0.05Co4Sb12,700.0,118.55
In0.1Co4Sb12,300.0,342.43
In0.1Co4Sb12,400.0,293.9
In0.1Co4Sb12,700.0,230.66
In0.15Co4Sb12,300.0,534.26
In0.15Co4Sb12,400.0,469.96
In0.15Co4Sb12,700.0,371.98
In0.2Co4Sb12,300.0,670.21
In0.2Co4Sb12,400.0,572.02
In0.2Co4Sb12,700.0,466.12
In0.25Co4Sb12,300.0,877.6
In0.25Co4Sb12,400.0,745.51
In0.25Co4Sb12,700.0,603.62
In0.3Co4Sb12,300.0,662.19
In0.3Co4Sb12,400.0,557.61
In0.3Co4Sb12,700.0,438.39
In0.2Co4Sb12,300.0,881.55
In0.2Co4Sb12,400.0,776.6
In0.2Co4Sb12,700.0,625.75
Na0.02PbTe,300.0,2713.0
Na0.02PbTe,400.0,1756.2
Na0.02PbTe,700.0,583.98
Na0.02PbTe0.85Se0.15,300.0,2420.0
Na0.02PbTe0.85Se0.15,400.0,1615.5
Na0.02PbTe0.85Se0.15,700.0,622.75
Na0.02PbTe0.85Se0.15,1000.0,486.72
Na0.02PbTe0.75Se0.25,300.0,1951.6
Na0.02PbTe0.75Se0.25,400.0,1447.4
Na0.02PbTe0.75Se0.25,700.0,612.35
Na0.02PbTe0.75Se0.25,1000.0,504.38
Tl0.01Pb0.99Te,300.0,364.64
Tl0.01Pb0.99Te,400.0,282.05
Tl0.01Pb0.99Te,700.0,114.58
Tl0.02Pb0.98Te,300.0,417.72
Tl0.02Pb0.98Te,400.0,343.75
Tl0.02Pb0.98Te,700.0,186.44
Si0.9Ge0.1,300.0,548.85
Si0.9Ge0.1,400.0,480.77
Si0.9Ge0.1,700.0,331.13
Si0.9Ge0.1,1000.0,241.31
Si0.8Ge0.2,300.0,668.9
Si0.8Ge0.2,400.0,586.51
Si0.8Ge0.2,700.0,407.5
Si0.8Ge0.2,1000.0,299.22
Si0.79936Ge0.19984B0.0008,300.0,749.96
Si0.79936Ge0.19984B0.0008,400.0,658.59
Si0.79936Ge0.19984B0.0008,700.0,457.78
Si0.79936Ge0.19984B0.0008,1000.0,339.16
Si0.7956Ge0.1989P0.0055,300.0,854.69
Si0.7956Ge0.1989P0.0055,400.0,748.86
Si0.7956Ge0.1989P0.0055,700.0,514.79
Si0.7956Ge0.1989P0.0055,1000.0,399.36
TiNiSn,300.0,133.33
TiNiSn,400.0,196.08
TiNiSn,700.0,460.83
TiNiSn,1000.0,666.67
Bi2Sr2Co2O8,300.0,470.83
Bi2Sr2Co2O8,400.0,419.83
Bi2Sr2Co2O8,700.0,361.56
Bi2Sr2Co2O8,1000.0,272.61
K2Bi8Se13,300.0,30.804
K2Bi8Se13,300.0,240.43
Ca2Co2O5,300.0,681.07
Ca2Co2O5,400.0,681.82
Ca2Co2O5,700.0,690.94
Ca2Co2O5,1000.0,725.45
WO2.9,300.0,807.6
WO2.9,400.0,839.52
WO2.9,700.0,949.06
WO2.9,1000.0,853.01
WO2.722,300.0,15485.0
WO2.722,400.0,10219.0
WO2.722,700.0,4960.1
WO2.722,1000.0,3282.4
La2CuO4,300.0,13.779
La1.61Sr0.39Cu0.94Ti0.06O4,300.0,312.5
La1.85Sr0.15Cu0.94Ti0.06O4,300.0,0.079302
La1.73Sr0.27Cu0.94Ti0.06O4,300.0,256.41
La1.69Sr0.31Cu0.94Ti0.06O4,300.0,285.71
La1.67Sr0.34Cu0.94Ti0.06O4,300.0,312.5
La1.95Sr0.05CuO4,300.0,122.23
La1.95Sr0.05CuO4,400.0,92.614
La1.95Sr0.05CuO4,700.0,63.137
La1.95Sr0.05CuO4,1000.0,52.15
La1.9Sr0.1CuO4,300.0,356.78
La1.9Sr0.1CuO4,400.0,262.11
La1.9Sr0.1CuO4,700.0,164.39
La1.9Sr0.1CuO4,1000.0,122.18
La1.85Sr0.15CuO4,300.0,887.42
La1.85Sr0.15CuO4,400.0,672.21
La1.85Sr0.15CuO4,700.0,393.91
La1.85Sr0.15CuO4,1000.0,265.7
La1.725Sr0.28CuO4,300.0,2121.6
La1.725Sr0.28CuO4,400.0,1479.2
La1.725Sr0.28CuO4,700.0,734.53
La1.725Sr0.28CuO4,1000.0,449.4
TlCr5Se8,300.0,71.429
TlCr5Se8,400.0,62.5
TlCr5Se8,700.0,50.0
LiMn2O4,300.0,0.00053019
LiMn2O4,400.0,0.011722
LiMn2O4,700.0,0.59138
LiMn2O4,1000.0,2.7807
CuFe0.9Cr0.1O2,300.0,9.3389
CuFe0.9Cr0.1O2,400.0,14.293
CuFe0.9Cr0.1O2,700.0,17.953
CuFe0.9Cr0.1O2,1000.0,18.79
CuRh0.9Mg0.1O2,300.0,557.03
CuRh0.9Mg0.1O2,400.0,516.26
CuRh0.9Mg0.1O2,700.0,312.64
CuRh0.9Mg0.1O2,1000.0,245.15
CuCr0.98Mg0.02O2,300.0,5.0848
CuCr0.98Mg0.02O2,400.0,8.3964
CuCr0.98Mg0.02O2,700.0,11.553
CuCr0.98Mg0.02O2,1000.0,13.865
WO3,300.0,0.00071293
WO3,400.0,0.0012349
WO3,700.0,0.0092181
WO3,1000.0,0.015419
W0.99O2.97Co0.02O0.03,300.0,0.00080206
W0.99O2.97Co0.02O0.03,400.0,0.001413
W0.99O2.97Co0.02O0.03,700.0,0.011625
W0.99O2.97Co0.02O0.03,1000.0,0.027451
W0.95O2.95Co0.1O0.15,300.0,0.0087343
W0.95O2.95Co0.1O0.15,400.0,0.010059
W0.95O2.95Co0.1O0.15,700.0,0.049414
W0.95O2.95Co0.1O0.15,1000.0,0.062923
W0.9O2.7Co0.2O0.3,300.0,0.0017825
W0.9O2.7Co0.2O0.3,400.0,0.0056913
W0.9O2.7Co0.2O0.3,700.0,0.0192
W0.9O2.7Co0.2O0.3,1000.0,0.027986
CaMnO3,300.0,3.3054
CaMnO3,400.0,4.1375
CaMnO3,700.0,9.6994
CaMnO3,1000.0,11.855
CaYb0.05Mn0.95O3,300.0,108.79
CaYb0.05Mn0.95O3,400.0,94.255
CaYb0.05Mn0.95O3,700.0,64.223
CaYb0.05Mn0.95O3,1000.0,53.579
CaYb0.1Mn0.9O3,300.0,256.46
CaYb0.1Mn0.9O3,400.0,228.15
CaYb0.1Mn0.9O3,700.0,162.7
CaYb0.1Mn0.9O3,1000.0,127.8
CaYb0.15Mn0.85O3,300.0,297.49
CaYb0.15Mn0.85O3,400.0,278.5
CaYb0.15Mn0.85O3,700.0,207.63
CaYb0.15Mn0.85O3,1000.0,167.88
CaYb0.4Mn0.6O3,300.0,65.703
CaYb0.4Mn0.6O3,400.0,82.773
CaYb0.4Mn0.6O3,700.0,94.179
CaYb0.4Mn0.6O3,1000.0,90.258
In2O3,300.0,73.969
In2O3,400.0,66.895
In2O3,700.0,51.324
In2O3,1000.0,43.54
In1.998Ge0.002O3,300.0,474.88
In1.998Ge0.002O3,400.0,425.57
In1.998Ge0.002O3,700.0,296.63
In1.998Ge0.002O3,1000.0,222.44
In1.994Ge0.006O3,300.0,1195.0
In1.994Ge0.006O3,400.0,1061.2
In1.994Ge0.006O3,700.0,774.26
In1.994Ge0.006O3,1000.0,594.03
In1.985Ge0.015O3,300.0,1383.2
In1.985Ge0.015O3,400.0,1222.6
In1.985Ge0.015O3,700.0,883.95
In1.985Ge0.015O3,1000.0,697.03
In1.94Ge0.06O3,300.0,1115.9
In1.94Ge0.06O3,400.0,1004.6
In1.94Ge0.06O3,700.0,716.4
In1.94Ge0.06O3,1000.0,562.34
In1.9Ge0.1O3,300.0,756.78
In1.9Ge0.1O3,400.0,697.03
In1.9Ge0.1O3,700.0,577.97
In1.9Ge0.1O3,1000.0,479.24
In1.8Ge0.2O3,300.0,348.07
In1.8Ge0.2O3,400.0,357.74
In1.8Ge0.2O3,700.0,410.29
In1.8Ge0.2O3,1000.0,374.47
LaCoO3,300.0,0.12957
LaCoO3,400.0,2.605
LaCoO3,700.0,736.21
LaCoO3,1000.0,1016.2
La0.99Sr0.01CoO3,300.0,6.368
La0.99Sr0.01CoO3,400.0,13.49
La0.99Sr0.01CoO3,700.0,812.83
La0.99Sr0.01CoO3,1000.0,1052.0
La0.98Sr0.02CoO3,300.0,14.454
La0.98Sr0.02CoO3,400.0,29.58
La0.98Sr0.02CoO3,700.0,912.01
La0.98Sr0.02CoO3,1000.0,1091.4
La0.95Sr0.05CoO3,300.0,62.661
La0.95Sr0.05CoO3,400.0,137.4
La0.95Sr0.05CoO3,700.0,1053.2
La0.95Sr0.05CoO3,1000.0,1202.3
La0.8Sr0.2CoO3,300.0,2138.0
La0.8Sr0.2CoO3,400.0,2238.7
La0.8Sr0.2CoO3,700.0,2004.5
La0.8Sr0.2CoO3,1000.0,1674.9
Yb14MnSb11,300.0,490.29
Yb14MnSb11,400.0,430.46
Yb14MnSb11,700.0,288.75
Yb14MnSb11,1000.0,218.38
Zn4Sb3,300.0,474.59
Zn4Sb3,400.0,386.15
Zn4Sb3,700.0,300.74
CeFe2Co2Sb12,300.0,255.75
CeFe2Co2Sb12,400.0,259.74
CeFe2Co2Sb12,700.0,307.69
CeFe3CoSb12,300.0,970.87
CeFe3CoSb12,400.0,892.86
CeFe3CoSb12,700.0,775.19
CeFe3.5Co0.5Sb12,300.0,1119.8
CeFe3.5Co0.5Sb13,400.0,1029.9
CeFe3.5Co0.5Sb14,700.0,934.58
CeFe4Sb12,300.0,1297.0
CeFe4Sb12,400.0,1196.2
CeFe4Sb12,700.0,1128.7
AgCrSe2,300.0,22.449
AgCrSe2,400.0,24.863
AgCrSe2,700.0,30.432
Zn0.9975Al0.0025O,300.0,19.569
Zn0.9975Al0.0025O,400.0,19.813
Zn0.9975Al0.0025O,700.0,24.227
Zn0.9975Al0.0025O,1000.0,41.824
Zn0.995Al0.005O,300.0,66.19
Zn0.995Al0.005O,400.0,66.536
Zn0.995Al0.005O,700.0,64.841
Zn0.995Al0.005O,1000.0,91.383
Zn0.9925Al0.0075O,300.0,96.953
Zn0.9925Al0.0075O,400.0,96.953
Zn0.9925Al0.0075O,700.0,90.088
Zn0.9925Al0.0075O,1000.0,104.95
Zn0.99Al0.01O,300.0,147.54
Zn0.99Al0.01O,400.0,141.0
Zn0.99Al0.01O,700.0,125.68
Zn0.99Al0.01O,1000.0,129.52
Zn0.97Al0.03O,300.0,46.74
Zn0.97Al0.03O,400.0,46.569
Zn0.97Al0.03O,700.0,45.244
Zn0.97Al0.03O,1000.0,58.573
SrMn0.98Mo0.02O3,300.0,38.812
SrMn0.98Mo0.02O3,400.0,38.387
SrMn0.98Mo0.02O3,700.0,29.843
SrMn0.98Mo0.02O3,1000.0,28.14
SrMn0.96Mo0.04O3,300.0,64.927
SrMn0.96Mo0.04O3,400.0,65.89
SrMn0.96Mo0.04O3,700.0,57.513
SrMn0.96Mo0.04O3,1000.0,43.578
Sm1.7Ca0.3MnO3,300.0,4.0181
Sm0.5Ca0.5MnO3,300.0,104.68
CaMnO3,300.0,35.046
ZrNi1.98Cu0.02Sn,300.0,952.38
ZrNi1.98Cu0.02Sn,400.0,855.43
ZrNi0.76Co0.004Cu0.2Sn,300.0,114.16
ZrNi0.76Co0.004Cu0.2Sn,400.0,143.88
ZrNiSn0.98Sb0.02,300.0,1672.2
ZrNiSn0.98Sb0.02,400.0,1602.6
Zr0.94Y0.06NiSn0.96Sb0.04,300.0,1297.0
Zr0.94Y0.06NiSn0.96Sb0.04,400.0,1269.0
NbCoSn,300.0,814.13
NbCoSn,400.0,706.75
NbCoSn,700.0,492.52
NbCoSn,1000.0,386.06
NbCo1.05Sn,300.0,727.74
NbCo1.05Sn,400.0,613.42
NbCo1.05Sn,700.0,428.09
NbCo1.05Sn,1000.0,335.67
NbCo1.10Sn,300.0,900.71
NbCo1.10Sn,400.0,771.09
NbCo1.10Sn,700.0,542.62
NbCo1.10Sn,1000.0,412.61
NbCo2Sn,300.0,6825.1
Bi92Sb8,300.0,6217.0
Bi92Sb8,400.0,6433.7
Bi90Sb10,300.0,5485.1
Bi90Sb10,400.0,5532.2
Bi88Sb12,300.0,5811.5
Bi88Sb12,400.0,5956.4
Bi86Sb14,300.0,3902.5
Bi86Sb14,400.0,3417.5
Bi83Sb17,300.0,3852.7
Bi83Sb17,400.0,3506.5
CaMn7O12,700.0,11.197
CaMn7O12,1000.0,24.691
CaMn6.5Cu0.5O12,300.0,1.9492
CaMn6.5Cu0.5O12,400.0,5.7926
CaMn6.5Cu0.5O12,700.0,19.965
CaMn6.5Cu0.5O12,1000.0,35.538
CaMn6CuO12,300.0,4.0379
CaMn6CuO12,400.0,9.8954
CaMn6CuO12,700.0,30.642
CaMn6CuO12,1000.0,49.004
LiMn2O4,300.0,0.00058109
LiMn2O4,400.0,0.013497
LiMn2O4,700.0,0.85666
LiMn2O4,1000.0,3.8304
Pr0.5Ca0.5MnO3,300.0,18.087
Pr0.5Ca0.5MnO3,400.0,33.55
Pr0.5Ca0.5MnO3,700.0,62.13
Pr0.5Ca0.5MnO3,1000.0,78.502
Mo3Te4,300.0,1406.5
Mo3Te4,400.0,1388.9
Mo3Te4,700.0,1398.6
Mo3Te4,1000.0,1383.1
Mo6Te7S,300.0,1303.8
Mo6Te7S,400.0,1277.1
Mo6Te7S,700.0,1224.0
Mo6Te7S,1000.0,1200.5
Mo6Te6S2,300.0,1166.9
Mo6Te6S2,400.0,1127.4
Mo6Te6S2,700.0,1057.1
Mo6Te6S2,1000.0,1000.0
CuRh0.9Mg0.1O2,300.0,401.91
CuRh0.9Mg0.1O2,400.0,370.25
CuRh0.9Mg0.1O2,700.0,255.04
CuRh0.9Mg0.1O2,1000.0,180.84
Sr2Ti0.8Nb0.2O4,300.0,210.0
Sr2Ti0.8Nb0.2O4,400.0,176.4
Sr2Ti0.8Nb0.2O4,700.0,115.55
Sr2Ti0.8Nb0.2O4,1000.0,75.0
Sr3Ti1.6Nb0.4O7,300.0,538.0
Sr3Ti1.6Nb0.4O7,400.0,460.0
Sr3Ti1.6Nb0.4O7,700.0,233.0
Sr3Ti1.6Nb0.4O7,1000.0,128.0
SrTi0.8Nb0.2O3,300.0,689.0
SrTi0.8Nb0.2O3,400.0,704.0
SrTi0.8Nb0.2O3,700.0,585.0
SrTi0.8Nb0.2O3,1000.0,390.0
Sr0.95La0.05TiO3,300.0,142.59
Sr0.95La0.05TiO3,400.0,225.87
Sr0.95La0.05TiO3,700.0,108.97
Sr0.95La0.05TiO3,1000.0,54.568
Sr0.9La0.1TiO3,300.0,382.52
Sr0.9La0.1TiO3,400.0,605.94
Sr0.9La0.1TiO3,700.0,273.3
Sr0.9La0.1TiO3,1000.0,126.06
Sr0.8La0.2TiO3,300.0,1631.4
Sr0.8La0.2TiO3,400.0,1873.8
Sr0.8La0.2TiO3,700.0,838.88
Sr0.8La0.2TiO3,1000.0,420.06
TiNiSn,300.0,31.829
TiNiSn,400.0,119.15
TiNiSn,700.0,362.18
TiNiSn,1000.0,614.75
Ti0.99Nb0.01NiSn,300.0,865.74
Ti0.99Nb0.01NiSn,400.0,806.39
Ti0.99Nb0.01NiSn,700.0,784.02
Ti0.99Nb0.01NiSn,1000.0,875.41
Ti0.98Nb0.02NiSn,300.0,1529.2
Ti0.98Nb0.02NiSn,400.0,1375.1
Ti0.98Nb0.02NiSn,700.0,1101.5
Ti0.98Nb0.02NiSn,1000.0,1041.3
Ti0.95Nb0.05NiSn,300.0,2851.7
Ti0.95Nb0.05NiSn,400.0,2526.7
Ti0.95Nb0.05NiSn,700.0,1765.0
Ti0.95Nb0.05NiSn,1000.0,1377.8
ZrNiSn,300.0,31.829
ZrNiSn,400.0,114.39
ZrNiSn,700.0,357.48
ZrNiSn,1000.0,629.0
Zr0.99Nb0.01NiSn,300.0,913.18
Zr0.99Nb0.01NiSn,400.0,806.23
Zr0.99Nb0.01NiSn,700.0,741.44
Zr0.99Nb0.01NiSn,1000.0,823.33
Zr0.98Nb0.02NiSn,300.0,1624.1
Zr0.98Nb0.02NiSn,400.0,1446.2
Zr0.98Nb0.02NiSn,700.0,1144.2
Zr0.98Nb0.02NiSn,1000.0,1050.9
Zr0.95Nb0.05NiSn,300.0,2965.2
Zr0.95Nb0.05NiSn,400.0,2744.7
Zr0.95Nb0.05NiSn,700.0,2111.1
Zr0.95Nb0.05NiSn,1000.0,1705.0
Ca3Co4O9,300.0,21.803
Ca3Co4O9,400.0,24.372
Ca3Co4O9,700.0,34.798
Ca3Co4O9,1000.0,38.383
La0.05Ca2.85Co3.8O8.55,300.0,24.523
La0.05Ca2.85Co3.8O8.55,400.0,26.433
La0.05Ca2.85Co3.8O8.55,700.0,39.825
La0.05Ca2.85Co3.8O8.55,1000.0,52.394
La0.3Ca2.7Co4O9,300.0,16.776
La0.3Ca2.7Co4O9,400.0,25.856
La0.3Ca2.7Co4O9,700.0,48.315
La0.3Ca2.7Co4O9,1000.0,66.489
La0.45Ca2.55Co4O9,300.0,23.205
La0.45Ca2.55Co4O9,400.0,26.845
La0.45Ca2.55Co4O9,700.0,43.535
La0.45Ca2.55Co4O9,1000.0,56.846
Cr1.3Mo6S8,300.0,1966.0
Cr1.3Mo6S8,400.0,1811.8
Cr1.3Mo6S8,700.0,1442.4
Cr1.3Mo6S8,1000.0,1227.9
Mn1.3Mo6S8,300.0,1448.5
Mn1.3Mo6S8,400.0,1357.7
Mn1.3Mo6S8,700.0,1139.1
Mn1.3Mo6S8,1000.0,1040.0
Fe1.3Mo6S8,300.0,1538.5
Fe1.3Mo6S8,400.0,1485.7
Fe1.3Mo6S8,700.0,1316.5
Fe1.3Mo6S8,1000.0,1210.7
Ni2.0Mo6S8,300.0,1617.4
Ni2.0Mo6S8,400.0,1954.9
Ni2.0Mo6S8,700.0,2189.5
Ni2.0Mo6S8,1000.0,2135.5
Cu4.0Mo6S8,300.0,1202.3
Cu4.0Mo6S8,400.0,975.61
Cu4.0Mo6S8,700.0,592.26
Cu4.0Mo6S8,1000.0,458.96
Ca0.9Bi0.1MnO3,300.0,269.86
Ca0.9Bi0.1MnO3,400.0,250.21
Ca0.9Bi0.1MnO3,700.0,200.12
Ca0.9Bi0.1MnO3,1000.0,192.7
Ca0.9Ce0.1MnO3,300.0,137.16
Ca0.9Ce0.1MnO3,400.0,155.11
Ca0.9Ce0.1MnO3,700.0,150.21
Ca0.9Ce0.1MnO3,1000.0,126.7
Ca0.9Y0.1MnO3,300.0,56.32
Ca0.9Y0.1MnO3,400.0,66.077
Ca0.9Y0.1MnO3,700.0,63.055
Ca0.9Y0.1MnO3,1000.0,56.823
Ca0.9Sm0.1MnO3,300.0,115.81
Ca0.9Sm0.1MnO3,400.0,133.89
Ca0.9Sm0.1MnO3,700.0,126.83
Ca0.9Sm0.1MnO3,1000.0,127.64
Ca0.9Sb0.1MnO3,300.0,2.1643
Ca0.9Sb0.1MnO3,400.0,8.6743
Ca0.9Sb0.1MnO3,700.0,14.911
Ca0.9Sb0.1MnO3,1000.0,15.569
Ca0.9La0.1MnO3,300.0,125.57
Ca0.9La0.1MnO3,400.0,143.06
Ca0.9La0.1MnO3,700.0,116.97
Ca0.9La0.1MnO3,1000.0,97.222
Ca0.9Pb0.1MnO3,300.0,22.453
Ca0.9Pb0.1MnO3,400.0,19.059
Ca0.9Pb0.1MnO3,700.0,16.528
Ca0.9Pb0.1MnO3,1000.0,21.36
Ca0.9In0.1MnO3,300.0,4.6513
Ca0.9In0.1MnO3,400.0,4.8873
Ca0.9In0.1MnO3,700.0,4.3328
Ca0.9In0.1MnO3,1000.0,5.7659
Ca0.9Sn0.1MnO3,300.0,0.45497
Ca0.9Sn0.1MnO3,400.0,0.43448
Ca0.9Sn0.1MnO3,700.0,0.48031
Ca0.9Sn0.1MnO3,1000.0,2.0891
CaMnO3,300.0,0.14336
CaMnO3,400.0,0.34845
CaMnO3,700.0,2.0611
CaMnO3,1000.0,11.429
CuCrO2,300.0,0.054441
CuCrO2,400.0,0.053527
CuCrO2,700.0,0.29342
CuCrO2,1000.0,0.60082
CuCr0.99Mg0.01O2,300.0,0.16361
CuCr0.99Mg0.01O2,400.0,0.56892
CuCr0.99Mg0.01O2,700.0,2.1177
CuCr0.99Mg0.01O2,1000.0,2.7323
CuCr0.98Mg0.02O2,300.0,0.95673
CuCr0.98Mg0.02O2,400.0,1.7568
CuCr0.98Mg0.02O2,700.0,3.7724
CuCr0.98Mg0.02O2,1000.0,4.3071
CuCr0.97Mg0.03O2,300.0,9.8295
CuCr0.97Mg0.03O2,400.0,14.427
CuCr0.97Mg0.03O2,700.0,20.609
CuCr0.97Mg0.03O2,1000.0,21.252
CuCr0.96Mg0.04O2,300.0,9.3736
CuCr0.96Mg0.04O2,400.0,15.129
CuCr0.96Mg0.04O2,700.0,21.322
CuCr0.96Mg0.04O2,1000.0,22.59
CuCr0.95Mg0.05O2,300.0,13.254
CuCr0.95Mg0.05O2,400.0,18.299
CuCr0.95Mg0.05O2,700.0,24.591
CuCr0.95Mg0.05O2,1000.0,24.51
NaCo2O4,300.0,3392.1
NaCo2O4,400.0,2825.7
NaCo2O4,700.0,2064.8
NaCo2O4,1000.0,1666.7
NaCo2O4,300.0,474.83
NaCo2O4,400.0,395.41
NaCo2O4,700.0,294.12
NaCo2O4,1000.0,250.0
ZnO,700.0,11.787
ZnO,1000.0,16.522
Zn0.98Al0.02O,700.0,14.686
Zn0.98Al0.02O,1000.0,39.324
Zn0.97Al0.03O,700.0,20.097
Zn0.97Al0.03O,1000.0,51.594
Zn0.95Al0.05O,700.0,21.353
Zn0.95Al0.05O,1000.0,54.589
Zn0.97Al0.025Ti0.005O,700.0,29.565
Zn0.97Al0.025Ti0.005O,1000.0,57.488
Zn0.97Al0.02Ti0.01O,700.0,34.01
Zn0.97Al0.02Ti0.01O,1000.0,62.899
Zn0.97Al0.015Ti0.015O,700.0,38.454
Zn0.97Al0.015Ti0.015O,1000.0,69.179
Zn0.97Al0.01Ti0.02O,700.0,42.512
Zn0.97Al0.01Ti0.02O,1000.0,75.459
Zr0.5Hf0.5NiSn,300.0,102.59
Zr0.5Hf0.5NiSn,400.0,159.82
Zr0.5Hf0.5NiSn,700.0,461.54
Zr0.4Hf0.4Ti0.2NiSn,300.0,110.58
Zr0.4Hf0.4Ti0.2NiSn,400.0,195.52
Zr0.4Hf0.4Ti0.2NiSn,700.0,566.05
Zr0.35Hf0.35Ti0.3NiSn,300.0,116.21
Zr0.35Hf0.35Ti0.3NiSn,400.0,180.1
Zr0.35Hf0.35Ti0.3NiSn,700.0,438.42
Zr0.25Hf0.25Ti0.5NiSn,300.0,210.2
Zr0.25Hf0.25Ti0.5NiSn,400.0,295.75
Zr0.25Hf0.25Ti0.5NiSn,700.0,612.27
Zr0.15Hf0.15Ti0.7NiSn,300.0,207.7
Zr0.15Hf0.15Ti0.7NiSn,400.0,319.11
Zr0.15Hf0.15Ti0.7NiSn,700.0,675.27
CeFe4Sb12,300.0,1006.6
CeFe4Sb12,400.0,946.58
CeFe4Sb12,700.0,768.0
CeFe4Sb12,1000.0,573.59
CeFe3CoSb12,300.0,679.25
CeFe3CoSb12,400.0,614.94
CeFe3CoSb12,700.0,495.56
CeFe3CoSb12,1000.0,434.08
CeFe2.5Co1.5Sb12,300.0,364.71
CeFe2.5Co1.5Sb12,400.0,347.48
CeFe2.5Co1.5Sb12,700.0,302.2
CeFe2.5Co1.5Sb12,1000.0,294.75
CeFe2Co2Sb12,300.0,211.4
CeFe2Co2Sb12,400.0,207.75
CeFe2Co2Sb12,700.0,205.0
CeFe2Co2Sb12,1000.0,200.22
CeFeCo3Sb12,300.0,95.664
CeFeCo3Sb12,400.0,101.49
CeFeCo3Sb12,700.0,164.22
CeFeCo3Sb12,1000.0,223.04
CeFe1.5Co2.5Sb12,300.0,16.399
CeFe1.5Co2.5Sb12,400.0,22.42
CeFe1.5Co2.5Sb12,700.0,83.787
CeFe1.5Co2.5Sb12,1000.0,251.59
LaFe3CoSb12,300.0,608.62
LaFe3CoSb12,400.0,546.35
LaFe3CoSb12,700.0,431.47
Zr0.5Hf0.5NiSn,300.0,107.26
Zr0.5Hf0.5NiSn,700.0,423.5
Zr0.5Hf0.5NiSn1.998Sb0.002,300.0,415.28
Zr0.5Hf0.5NiSn1.998Sb0.002,400.0,461.25
Zr0.5Hf0.5NiSn1.998Sb0.002,700.0,647.67
Zr0.5Hf0.5NiSn1.994Sb0.006,300.0,857.63
Zr0.5Hf0.5NiSn1.994Sb0.006,400.0,798.34
Zr0.5Hf0.5NiSn1.994Sb0.006,700.0,758.38
Zr0.4Hf0.4Ti0.2NiSn,300.0,114.0
Zr0.4Hf0.4Ti0.2NiSn,700.0,464.88
Zr0.35Hf0.35Ti0.3NiSn,300.0,118.9
Zr0.35Hf0.35Ti0.3NiSn,700.0,425.85
Zr0.3Hf0.3Ti0.4NiSn,300.0,118.25
Zr0.3Hf0.3Ti0.4NiSn,700.0,491.91
Zr0.25Hf0.25Ti0.5NiSn,300.0,202.06
Zr0.25Hf0.25Ti0.5NiSn,700.0,529.54
Zr0.15Hf0.15Ti0.7NiSn,300.0,213.98
Zr0.15Hf0.15Ti0.7NiSn,700.0,593.51
SrTi0.8Nb0.2O3,300.0,216.53
SrTi0.8Nb0.2O3,400.0,220.21
SrTi0.8Nb0.2O3,700.0,216.7
SrTi0.8Nb0.2O3,1000.0,177.74
SrDy0.08Ti0.92O3,300.0,104.0
SrDy0.08Ti0.92O3,400.0,250.0
SrDy0.08Ti0.92O3,700.0,218.0
SrDy0.08Ti0.92O3,1000.0,120.0
SrNd0.17Ti0.83O3,300.0,385.0
SrNd0.17Ti0.83O3,400.0,519.0
SrNd0.17Ti0.83O3,700.0,440.6
SrNd0.17Ti0.83O3,1000.0,239.0
SrNd0.2Ti0.8O3,300.0,544.0
SrNd0.2Ti0.8O3,400.0,678.0
SrNd0.2Ti0.8O3,700.0,512.0
SrNd0.2Ti0.8O3,1000.0,253.0
SrNd0.24Ti0.76O3,300.0,445.0
SrNd0.24Ti0.76O3,400.0,553.0
SrNd0.24Ti0.76O3,700.0,537.0
SrNd0.24Ti0.76O3,1000.0,313.0
Zn4Sb3,300.0,433.1
Zn4Sb3,400.0,374.56
Zn4Sb3,700.0,298.14
Zn4Sb3,300.0,470.38
Zn4Sb3,400.0,405.38
Zn4Sb3,700.0,315.85
Zn4Sb3,300.0,460.08
Zn4Sb3,400.0,398.5
Zn4Sb3,700.0,304.05
ZnO,300.0,0.059161
ZnO,400.0,0.24964
ZnO,700.0,9.3445
ZnO,1000.0,21.029
Zn0.995Al0.005O,300.0,154.63
Zn0.995Al0.005O,400.0,148.68
Zn0.995Al0.005O,700.0,94.881
Zn0.995Al0.005O,1000.0,99.63
Zn0.99Al0.01O,300.0,311.9
Zn0.99Al0.01O,400.0,253.56
Zn0.99Al0.01O,700.0,200.35
Zn0.99Al0.01O,1000.0,186.2
Zn0.98Al0.02O,300.0,778.7
Zn0.98Al0.02O,400.0,704.35
Zn0.98Al0.02O,700.0,548.11
Zn0.98Al0.02O,1000.0,444.2
Zn0.95Al0.05O,300.0,689.7
Zn0.95Al0.05O,400.0,569.01
Zn0.95Al0.05O,700.0,449.53
Zn0.95Al0.05O,1000.0,332.43
SrNb0.15Ti0.85O3,300.0,0.19932
SrNb0.15Ti0.85O3,400.0,2.6633
SrNb0.15Ti0.85O3,700.0,18.121
SrNb0.15Ti0.85O3,1000.0,40.941
Ba8Ga16Ge30,300.0,1515.2
Ba8Ga16Ge30,300.0,1278.8
Ba8Ga16Ge30,400.0,1315.8
Ba8Ga16Ge30,400.0,1111.1
Ba8Ga16Ge30,700.0,813.01
Ba8Ga16Ge30,700.0,621.12
Ba8Ga16Ge30,1000.0,584.8
Ba8Ga16Ge30,1000.0,448.43
CsBi4Te6,300.0,1292.0
Sb0.005I0.015Cs0.995Bi3.98Te5.97,300.0,1176.5
Ba8Ga16Ge30,300.0,1510.6
Ba8Ga16Ge30,400.0,1264.2
Ba8Ga16Ge30,700.0,705.22
Ba8Ga16Ge30,1000.0,501.0
Tl9BiTe6,300.0,155.76
Tl9BiTe6,400.0,89.526
Bi1.2S1.2Ti2S4,300.0,3086.4
Bi1.2S1.2Ti2S4,400.0,2004.0
Bi1.2S1.2Ti2S4,700.0,1054.9
Pb1.8S1.8Ti2S4,300.0,2173.9
Pb1.8S1.8Ti2S4,400.0,1373.6
Pb1.8S1.8Ti2S4,700.0,459.98
Sn1.2S1.2Ti2S4,300.0,2092.1
Sn1.2S1.2Ti2S4,400.0,1176.5
Sn1.2S1.2Ti2S4,700.0,459.98
Ba8Au5.14Si39.51,300.0,303.03
Ba8Au5.14Si39.51,400.0,292.4
Ba8Au5.14Si39.51,700.0,348.43
Ba8Au5.59Si39.01,300.0,427.35
Ba8Au5.59Si39.01,400.0,395.26
Ba8Au5.59Si39.01,700.0,363.64
Ba8Au6.10Si38.97,300.0,1620.7
Ba8Au6.10Si38.97,400.0,1424.5
Ba8Au6.10Si38.97,700.0,1267.4
KBi6.33S10,300.0,6.0606
Tl11.5Sb11.5Cu8Se27,300.0,4.7619
TlTiPS5,300.0,6.8966e-05
Tl2Cu2SnTe4,300.0,0.0076923
Mg2Si0.999Bi0.001,300.0,691.56
Mg2Si0.999Bi0.001,400.0,586.17
Mg2Si0.999Bi0.001,700.0,315.76
Mg2Si0.9985Bi0.0015,300.0,1219.5
Mg2Si0.9985Bi0.0015,400.0,1108.6
Mg2Si0.9985Bi0.0015,700.0,634.92
Mg2Si0.997Bi0.003,300.0,2049.2
Mg2Si0.997Bi0.003,400.0,1848.4
Mg2Si0.997Bi0.003,700.0,1076.4
Mg2Si0.995Bi0.005,300.0,2710.0
Mg2Si0.995Bi0.005,400.0,2525.3
Mg2Si0.995Bi0.005,700.0,1610.3
Mg2Si0.994Bi0.006,300.0,3030.3
Mg2Si0.993Bi0.007,400.0,2873.6
Mg2Si0.993Bi0.007,700.0,1757.5
Mg2Si0.98Bi0.02,300.0,657.89
Mg2Si0.98Bi0.02,400.0,826.45
Mg2Si0.98Bi0.02,700.0,801.92
Mg2Si0.98Bi0.02,1000.0,538.5
Mg2Si0.6Ge0.4Bi0.02,300.0,666.67
Mg2Si0.6Ge0.4Bi0.02,400.0,787.4
Mg2Si0.6Ge0.4Bi0.02,700.0,729.93
Mg2Si0.6Ge0.4Bi0.02,1000.0,454.55
Mg2Si0.98Ag0.02,300.0,0.80645
Mg2Si0.98Ag0.02,400.0,2.4213
Mg2Si0.98Ag0.02,700.0,25.189
Mg2Si0.98Ag0.02,1000.0,151.52
Mg2Si0.6Ge0.4Ag0.02,300.0,19.493
Mg2Si0.6Ge0.4Ag0.02,400.0,35.211
Mg2Si0.6Ge0.4Ag0.02,700.0,67.114
Mg2Si0.6Ge0.4Ag0.02,1000.0,183.82
Ag9TlTe5,300.0,3.9308
Ag9TlTe5,400.0,12.019
Ag9TlTe5,700.0,37.879
Tl2SnTe5,300.0,238.1
Tl2GeTe5,300.0,43.215
Tl2SnTe5,300.0,230.95
Tl2SnTe5,300.0,311.53
Sr0.145Ga0.302Ge0.553,300.0,77.519
Sr0.147Ga0.298Ge0.555,300.0,381.68
Sr0.146Ga0.285Ge0.569,300.0,515.46
Ba8Ga16Ge30,300.0,354.99
Ba8Ga16Ge30,400.0,327.98
Ba8Ga16Ge30,700.0,215.98
Ba8Ga16Ge30,1000.0,160.0
Ba8Ga18Ge28,300.0,128.8
Ba8Ga18Ge28,400.0,140.0
Ba8Ga18Ge28,700.0,134.81
Ba8Ga18Ge28,1000.0,136.05
Ba8Ga16Sn30,300.0,90.09
Ba8Ga16Sn30,400.0,86.957
Ba8Ga16Sn30,700.0,144.09
Sr8Ga16Ge30,300.0,1272.3
Sr8Ga16Ge30,400.0,1094.1
Sr8Ga16Ge30,700.0,709.22
Ba8Ga16Ge30,300.0,1494.8
Ba8Ga16Ge30,400.0,1190.5
Ba8Ga16Ge30,700.0,709.22
Ba8Ga16Si30,300.0,819.67
Ba8Ga16Si30,400.0,751.88
Ba8Ga16Si30,700.0,534.76
Mg2Si,300.0,616.14
Mg2Si,400.0,506.07
Mg2Si,700.0,263.02
Mg1.95Ca0.05Si,300.0,964.32
Mg1.95Ca0.05Si,400.0,869.57
Mg1.95Ca0.05Si,700.0,391.54
Mg1.9Ca0.1Si,300.0,472.37
Mg1.9Ca0.1Si,400.0,467.07
Mg1.9Ca0.1Si,700.0,363.5
Mg2Si,300.0,821.02
Mg2Si,400.0,578.03
Mg2Si,700.0,242.42
Cu2Se,300.0,1000.0
Cu2Se,400.0,621.12
Cu2Se,700.0,238.1
Cu2Se,1000.0,128.21
Cu1.98Se,300.0,1652.9
Cu1.98Se,400.0,1390.8
Cu1.98Se,700.0,662.25
Cu1.98Se,1000.0,307.69
Ca3Co4O9,300.0,507.36
Ca3Co4O9,400.0,460.41
Ca3Co4O9,700.0,432.34
Ca3Co4O9,1000.0,440.33
Ca3Co4O9,300.0,93.721
Ca3Co4O9,400.0,89.127
Ca3Co4O9,700.0,101.0
Ca3Co4O9,1000.0,111.51
Ca2.7Na0.3Co4O9,300.0,123.0
Ca2.7Na0.3Co4O9,400.0,188.89
Ca2.7Na0.3Co4O9,700.0,124.91
Ca2.7Na0.3Co4O9,1000.0,137.31
Ca2.7Bi0.3Co4O9,300.0,96.618
Ca2.7Bi0.3Co4O9,400.0,98.464
Ca2.7Bi0.3Co4O9,700.0,109.95
Ca2.7Bi0.3Co4O9,1000.0,127.7
Ca2.4Na0.3Bi0.3Co4O9,300.0,106.87
Ca2.4Na0.3Bi0.3Co4O9,400.0,108.4
Ca2.4Na0.3Bi0.3Co4O9,700.0,117.61
Ca2.4Na0.3Bi0.3Co4O9,1000.0,131.2
Sr0.9Y0.1TiO3,300.0,1139.0
Sr0.9Y0.1TiO3,400.0,794.28
Sr0.9Y0.1TiO3,700.0,290.7
Sr0.9Y0.1TiO3,1000.0,151.19
Ba0.3Sr0.6La0.1TiO3,300.0,2025.5
Ba0.3Sr0.6La0.1TiO3,400.0,1309.9
Ba0.3Sr0.6La0.1TiO3,700.0,366.3
CuRhO2,300.0,1.7042
CuRhO2,400.0,4.56
CuRhO2,700.0,9.7752
CuRhO2,1000.0,9.3809
CuRh0.99Mg0.01O2,300.0,7.6104
CuRh0.99Mg0.01O2,400.0,15.244
CuRh0.99Mg0.01O2,700.0,21.834
CuRh0.99Mg0.01O2,1000.0,20.492
CuRh0.96Mg0.04O2,300.0,90.909
CuRh0.96Mg0.04O2,400.0,89.286
CuRh0.96Mg0.04O2,700.0,72.993
CuRh0.96Mg0.04O2,1000.0,58.48
CuRh0.9Mg0.1O2,300.0,609.76
CuRh0.9Mg0.1O2,400.0,510.2
CuRh0.9Mg0.1O2,700.0,334.45
CuRh0.6Mg0.4O2,1000.0,245.1
Ca3AlSb3,300.0,0.83403
Ca3AlSb3,400.0,1.8601
Ca3AlSb3,700.0,4.0225
Ca3AlSb3,1000.0,8.8731
Ca2.97Na0.03AlSb3,300.0,10.194
Ca2.97Na0.03AlSb3,400.0,21.692
Ca2.97Na0.03AlSb3,700.0,58.14
Ca2.97Na0.03AlSb3,1000.0,58.14
Ca2.94Na0.06AlSb3,300.0,16.978
Ca2.94Na0.06AlSb3,400.0,29.674
Ca2.94Na0.06AlSb3,700.0,72.464
Ca2.94Na0.06AlSb3,1000.0,74.627
Ca2.85Na0.15AlSb3,300.0,36.364
Ca2.85Na0.15AlSb3,400.0,53.476
Ca2.85Na0.15AlSb3,700.0,81.967
Ca2.85Na0.15AlSb3,1000.0,80.0
Fe0.998Co0.002Si2,300.0,21.053
Fe0.998Co0.002Si2,400.0,38.462
Fe0.998Co0.002Si2,700.0,81.301
Fe0.998Co0.002Si2,1000.0,165.29
Fe0.978Co0.00196Si1.96Y0.04O0.06,300.0,7.8431
Fe0.978Co0.00196Si1.96Y0.04O0.06,400.0,17.762
Fe0.978Co0.00196Si1.96Y0.04O0.06,700.0,41.667
Fe0.978Co0.00196Si1.96Y0.04O0.06,1000.0,81.967
Fe0.978Co0.00196Si1.96Y0.12O0.18,300.0,3.7037
Fe0.978Co0.00196Si1.96Y0.12O0.18,400.0,6.689
Fe0.978Co0.00196Si1.96Y0.12O0.18,700.0,19.305
Fe0.978Co0.00196Si1.96Y0.12O0.18,1000.0,46.729
Ca5Al2Sb6,300.0,2.1877
Ca5Al2Sb6,400.0,2.445
Ca5Al2Sb6,700.0,4.2571
Ca4.95Na0.05Al2Sb6,300.0,30.12
Ca4.95Na0.05Al2Sb6,400.0,44.643
Ca4.95Na0.05Al2Sb6,700.0,55.249
Ca4.75Na0.25Al2Sb6,300.0,197.63
Ca4.75Na0.25Al2Sb6,400.0,183.82
Ca4.75Na0.25Al2Sb6,700.0,136.43
Ca4.75Na0.25Al2Sb6,1000.0,106.5
Fe1.98Ti0.02O3,300.0,11263.0
Fe1.98Ti0.02O3,400.0,20329.0
Fe1.98Ti0.02O3,700.0,55640.0
Fe1.98Ti0.02O3,1000.0,72407.0
Fe1.96Ti0.04O3,300.0,26568.0
Fe1.96Ti0.04O3,400.0,46746.0
Fe1.96Ti0.04O3,700.0,106130.0
Fe1.96Ti0.04O3,1000.0,138700.0
Fe1.94Ti0.06O3,300.0,24300.0
Fe1.94Ti0.06O3,400.0,48568.0
Fe1.94Ti0.06O3,700.0,131800.0
Fe1.94Ti0.06O3,1000.0,173720.0
Fe1.98Sn0.02O3,300.0,10000.0
Fe1.98Sn0.02O3,400.0,19401.0
Fe1.98Sn0.02O3,700.0,46945.0
Fe1.98Sn0.02O3,1000.0,61612.0
Fe1.96Sn0.04O3,300.0,21392.0
Fe1.96Sn0.04O3,400.0,37961.0
Fe1.96Sn0.04O3,700.0,93033.0
Fe1.96Sn0.04O3,1000.0,114560.0
Ba7SrAl16Si30,300.0,1700.0
Ba7SrAl16Si30,400.0,1514.4
Ba7SrAl16Si30,700.0,1139.0
Ba7SrAl16Si30,1000.0,895.01
Nd2CuO4,300.0,0.3426
Nd2CuO4,400.0,0.46261
Nd2CuO4,700.0,41.024
Nd2CuO4,1000.0,630.96
Nd2Cu0.98Ni0.02O4,300.0,16.83
Nd2Cu0.98Ni0.02O4,400.0,26.145
Nd2Cu0.98Ni0.02O4,700.0,46.261
Nd2Cu0.98Ni0.02O4,1000.0,43.564
Nd2Cu0.98Zn0.02O4,300.0,5.2691
Nd2Cu0.98Zn0.02O4,400.0,7.115
Nd2Cu0.98Zn0.02O4,700.0,13.104
Nd2Cu0.98Zn0.02O4,1000.0,26.942
La3Te3.8Sb0.2,300.0,1886.8
La3Te3.8Sb0.2,400.0,1697.8
La3Te3.8Sb0.2,700.0,1246.9
La3Te3.8Sb0.2,1000.0,970.87
La3Te3.65Sb0.35,300.0,909.09
La3Te3.65Sb0.35,400.0,729.93
La3Te3.65Sb0.35,700.0,534.76
La3Te3.65Sb0.35,1000.0,444.44
La3Te3.35Sb0.65,300.0,55.556
La3Te3.35Sb0.65,400.0,740.74
La3Te3.35Sb0.65,700.0,138.7
La3Te3.35Sb0.65,1000.0,145.56
La3Te3.35Bi0.65,300.0,140.85
La3Te3.35Bi0.65,400.0,186.92
La3Te3.35Bi0.65,700.0,228.83
La3Te3.35Bi0.65,1000.0,189.75
La2.99Te4,300.0,1639.3
La2.99Te4,400.0,1639.3
La2.99Te4,700.0,1246.9
La2.99Te4,1000.0,1026.7
La2.74Te4,300.0,370.37
La2.74Te4,400.0,373.13
La2.74Te4,700.0,235.29
La2.74Te4,1000.0,156.49
Zn0.9975Al0.0025O,300.0,3.37
Zn0.9975Al0.0025O,400.0,5.14
Zn0.9975Al0.0025O,700.0,15.31
Zn0.9975Al0.0025O,1000.0,81.49
Sr0.61Ba0.39Nb2O6,300.0,353.86
Sr0.61Ba0.39Nb2O6,300.0,9.522
Sr0.61Ba0.39Nb2O6,400.0,68.429
Sr0.61Ba0.39Nb2O6,700.0,714.29
Sr0.61Ba0.39Nb2O6,300.0,16.16
Sr0.61Ba0.39Nb2O6,400.0,61.63
Sr0.61Ba0.39Nb2O6,700.0,125.0
Sr4.5Nb4.5O15.5,300.0,877.19
Sr1.6La0.4Nb2O7,300.0,200.0
Si0.8Ge0.2,300.0,848.72
Si0.8Ge0.2,400.0,774.04
Si0.8Ge0.2,700.0,559.57
Si0.8Ge0.2,1000.0,402.55
Pb0.96Sr0.4TeNa0.2,300.0,1473.0
Pb0.96Sr0.4TeNa0.2,400.0,1184.0
Pb0.96Sr0.4TeNa0.2,700.0,471.0
Pb0.96Sr0.4TeNa0.2,1000.0,317.0
Pb0.98Sr0.2TeNa0.1,300.0,2442.0
Pb0.98Sr0.2TeNa0.1,400.0,1415.0
Pb0.98Sr0.2TeNa0.1,700.0,332.0
Pb0.98TeNa0.2,300.0,2399.0
Pb0.98TeNa0.2,400.0,1736.0
Pb0.98TeNa0.2,700.0,444.0
W08,300.0,256.28
W08,400.0,232.08
W08,700.0,177.25
W08,1000.0,140.01
Mg.305(Sb.03Bi.07).1999Te.001,300.0,1374.9
Mg.305(Sb.03Bi.07).1999Te.001,400.0,1030.4
Mg.305(Sb.03Bi.07).1999Te.001,700.0,533.04
Mg.305(Sb.03Bi.07)0.19975Te.00025,300.0,500.75
Mg.305(Sb.03Bi.07)0.19975Te.00025,400.0,382.27
Mg.305(Sb.03Bi.07)0.19975Te.00025,700.0,281.67
BiCuSeO,300.0,4.89331238
BiCuSeO,400.0,4.334555614
BiCuSeO,700.0,5.380827658
BiCuSeO,1000.0,8.509865549
Bi.98Ca.01Pb.01CuSeO,300.0,121.7628776
Bi.98Ca.01Pb.01CuSeO,400.0,98.24759909
Bi.98Ca.01Pb.01CuSeO,700.0,55.46219661
Bi.98Ca.01Pb.01CuSeO,1000.0,58.59682207
Bi.94Ca.02Pb.02CuSeO,300.0,200.0237472
Bi.94Ca.02Pb.02CuSeO,400.0,159.8128165
Bi.94Ca.02Pb.02CuSeO,700.0,83.63610966
Bi.94Ca.02Pb.02CuSeO,1000.0,84.68377859
Bi.92Ca.04Pb.04CuSeO,300.0,366.9802689
Bi.92Ca.04Pb.04CuSeO,400.0,296.5084687
Bi.92Ca.04Pb.04CuSeO,700.0,144.1634364
Bi.92Ca.04Pb.04CuSeO,1000.0,130.5968221
Bi.88Ca.06Pb.06CuSeO,300.0,456.7193993
Bi.88Ca.06Pb.06CuSeO,400.0,373.72586
Bi.88Ca.06Pb.06CuSeO,700.0,184.8590885
Bi.88Ca.06Pb.06CuSeO,1000.0,159.8142134
Bi.84Ca.08Pb.08CuSeO,300.0,557.9367906
Bi.84Ca.08Pb.08CuSeO,400.0,453.0302078
Bi.84Ca.08Pb.08CuSeO,700.0,241.2069146
Bi.84Ca.08Pb.08CuSeO,1000.0,224.5098655
Bi.80Ca.10Pb.10CuSeO,300.0,580.8933124
Bi.80Ca.10Pb.10CuSeO,400.0,485.3780339
Bi.80Ca.10Pb.10CuSeO,700.0,268.3373494
Bi.80Ca.10Pb.10CuSeO,1000.0,242.248996
LaOBiS2,300.0,0.25032
LaOBiS2,400.0,0.23252
LaOBiS2,700.0,0.18902
LaOBiS.16Se.04,300.0,0.31045
LaOBiS.16Se.04,400.0,0.22052
LaOBiS.16Se.04,700.0,0.1474
LaOBiS.14Se.06,300.0,0.33477
LaOBiS.14Se.06,400.0,0.25491
LaOBiS.14Se.06,700.0,0.16061
LaOBiS.12Se.08,300.0,0.50064
LaOBiS.12Se.08,400.0,0.40269
LaOBiS.12Se.08,700.0,0.20062
LaOBiS.10Se.10,300.0,0.64618
LaOBiS.10Se.10,400.0,0.50983
LaOBiS.10Se.10,700.0,0.24809
La.95F.05OBiS2,300.0,140.1
La.95F.05OBiS2,400.0,153.3
La.75F.25OBiS2,300.0,250.26
La.75F.25OBiS2,400.0,278.86
La.50F.50OBiS2,300.0,380.26
La.50F.50OBiS2,400.0,311.49
Bi2O2Se,300.0,0.0
Bi2O2Se,400.0,0.0
Bi2O2Se,700.0,3.398058252
Bi1.94Ta0.06O2,300.0,50.0
Bi1.94Ta0.06O2,400.0,58.73786408
Bi1.94Ta0.06O2,700.0,60.67961165
Bi1.92Ta0.08O2,300.0,100.4854369
Bi1.92Ta0.08O2,400.0,112.1359223
Bi1.92Ta0.08O2,700.0,92.23300971
Bi1.90Ta0.10O2,300.0,149.0291262
Bi1.90Ta0.10O2,400.0,151.4563107
Bi1.90Ta0.10O2,700.0,109.223301
Bi1.88Ta0.12O2,300.0,139.3203883
Bi1.88Ta0.12O2,400.0,146.1165049
Bi1.88Ta0.12O2,700.0,106.7961165
Bi2YO4Cu2Se2,300.0,880.1104972
Bi2YO4Cu2Se2,400.0,661.3259669
Bi2YO4Cu2Se2,700.0,223.7569061
Bi2YO4Cu2Se2,1000.0,161.6022099
Bi2YO4Cu2Se1.95I.05,300.0,698.6187845
Bi2YO4Cu2Se1.95I.05,400.0,546.961326
Bi2YO4Cu2Se1.95I.05,700.0,131.7679558
Bi2YO4Cu2Se1.9I.10,300.0,174.0331492
Bi2YO4Cu2Se1.9I.10,400.0,203.8674033
Bi2YO4Cu2Se1.9I.10,700.0,114.3646409
Bi2YO4Cu2Se1.9I.10,1000.0,87.01657459
Bi2YO4Cu2Se1.85I.15,300.0,176.519337
Bi2YO4Cu2Se1.85I.15,400.0,144.198895
Bi2YO4Cu2Se1.85I.15,700.0,34.80662983
Bi2YO4Cu2Se1.80I.20,300.0,556.9060773
Bi2YO4Cu2Se1.80I.20,400.0,435.0828729
Bi2YO4Cu2Se1.80I.20,700.0,79.55801105
Bi2YO4Cu2Se1.80I.20,1000.0,87.01657459
Mg3.07Sb1.5Bi0.48Se.02,300.0,110.44
Mg3.07Sb1.5Bi0.48Se.02,400.0,107.27
Mg3.07Sb1.5Bi0.48Se.02,700.0,115.57
Mg3.07Sb1.5Bi0.47Se.03,300.0,75.633
Mg3.07Sb1.5Bi0.47Se.03,400.0,86.219
Mg3.07Sb1.5Bi0.47Se.03,700.0,114.46
Mg3.07Sb1.5Bi0.46Se.04,300.0,73.403
Mg3.07Sb1.5Bi0.46Se.04,400.0,81.737
Mg3.07Sb1.5Bi0.46Se.04,700.0,108.44
Mg3.07Sb1.5Bi0.45Se.05,300.0,78.93
Mg3.07Sb1.5Bi0.45Se.05,400.0,84.993
Mg3.07Sb1.5Bi0.45Se.05,700.0,106.51
Mg3.07Sb1.5Bi0.44Se.06,300.0,67.514
Mg3.07Sb1.5Bi0.44Se.06,400.0,74.594
Mg3.07Sb1.5Bi0.44Se.06,700.0,101.27
Sn.985Na.015Se (hole doped)   B axis,300.0,1518.9
Sn.985Na.015Se (hole doped)   B axis,400.0,878.81
Sn.985Na.015Se (hole doped)   B axis,700.0,175.48
Sn.985Na.015Se (hole doped)   A axis,300.0,363.96
Sn.985Na.015Se (hole doped)   A axis,400.0,183.66
Sn.985Na.015Se (hole doped)   A axis,700.0,42.05
Sn.985Na.015Se (hole doped)   C axis,300.0,1038.7
Sn.985Na.015Se (hole doped)   C axis,400.0,648.46
Sn.985Na.015Se (hole doped)   C axis,700.0,106.27
Bi.38Sb1.62Te3,300.0,1182.6
Bi.38Sb1.62Te3,400.0,713.04
Bi.38Sb1.62Te3,700.0,498.55
Bi.38Sb1.62Te3+.5%(Ge.5Mn.5Te),300.0,1513.0
Bi.38Sb1.62Te3+.5%(Ge.5Mn.5Te),400.0,921.74
Bi.38Sb1.62Te3+.5%(Ge.5Mn.5Te),700.0,643.48
Bi.38Sb1.62Te3+1%(Ge.5Mn.5Te),300.0,1988.4
Bi.38Sb1.62Te3+1%(Ge.5Mn.5Te),400.0,1234.8
Bi.38Sb1.62Te3+1%(Ge.5Mn.5Te),700.0,846.38
Bi.38Sb1.62Te3+1.5%(Ge.5Mn.5Te),300.0,2092.8
Bi.38Sb1.62Te3+1.5%(Ge.5Mn.5Te),400.0,1315.9
Bi.38Sb1.62Te3+1.5%(Ge.5Mn.5Te),700.0,898.55
BiSbTe1.5Se1.5,300.0,0.012958
BiSbTe1.5Se1.5,400.0,0.013289
BiSbTe1.5Se1.5,700.0,0.012988
(BiSbTe1.5Se1.5).997Ag.003,300.0,0.011994
(BiSbTe1.5Se1.5).997Ag.003,400.0,0.012024
(BiSbTe1.5Se1.5).997Ag.003,700.0,0.010127
(BiSbTe1.5Se1.5).994Ag.006,300.0,0.012024
(BiSbTe1.5Se1.5).994Ag.006,400.0,0.013108
(BiSbTe1.5Se1.5).994Ag.006,700.0,0.011301
(BiSbTe1.5Se1.5).991Ag.009,300.0,0.012566
(BiSbTe1.5Se1.5).991Ag.009,400.0,0.014253
(BiSbTe1.5Se1.5).991Ag.009,700.0,0.012054
(BiSbTe1.5Se1.5).988Ag.012,300.0,0.0062711
(BiSbTe1.5Se1.5).988Ag.012,400.0,0.0077169
(BiSbTe1.5Se1.5).988Ag.012,700.0,0.0080181
Bi0.5Sb1.5Te2.7Se.3,300.0,1329.8
Bi0.5Sb1.5Te2.7Se.3,400.0,919.12
Bi0.5Sb1.5Te2.7Se.3,700.0,416.67
Bi0.5Sb1.5Te2.5Se.5,300.0,1602.6
Bi0.5Sb1.5Te2.5Se.5,400.0,1136.4
Bi0.5Sb1.5Te2.5Se.5,700.0,504.03
Bi0.5Sb1.5Te2.25Se.75,300.0,349.16
Bi0.5Sb1.5Te2.25Se.75,400.0,274.12
Bi0.5Sb1.5Te2.25Se.75,700.0,171.23
BI.4Sb1.6Te3,300.0,943.44
BI.4Sb1.6Te3,400.0,576.09
BI.4Sb1.6Te3,700.0,439.65
BI.4Sb1.590Ge.010Te3,300.0,1090.4
BI.4Sb1.590Ge.010Te3,400.0,662.68
BI.4Sb1.590Ge.010Te3,700.0,502.62
BI.4Sb1.585Ge.015Te3,300.0,1216.3
BI.4Sb1.585Ge.015Te3,400.0,709.91
BI.4Sb1.585Ge.015Te3,700.0,528.86
BI.4Sb1.580Ge.020Te3,300.0,1499.7
BI.4Sb1.580Ge.020Te3,400.0,938.19
BI.4Sb1.580Ge.020Te3,700.0,662.68
Bi2Te2.4Se0.6,300.0,253.39
Bi2Te2.4Se0.6,400.0,202.71
Bi2Te2.4Se0.6,700.0,367.42
Bi2Te2.3I.1Se0.6,300.0,1837.1
Bi2Te2.3I.1Se0.6,400.0,1279.6
Bi2Te2.3I.1Se0.6,700.0,734.84
Bi2Te2.2I.2Se0.6,300.0,2597.3
Bi2Te2.2I.2Se0.6,400.0,1811.8
Bi2Te2.2I.2Se0.6,700.0,1000.9
Bi2Te2.5Se0.6,300.0,1127.6
Bi2Te2.5Se0.6,400.0,772.85
Bi2Te2.5Se0.6,700.0,506.79
Bi2Te2.6Se0.6,300.0,1583.7
Bi2Te2.6Se0.6,400.0,1064.3
Bi2Te2.6Se0.6,700.0,608.14
 Bi.048SB.152Te.3///Bi.048SB.152Te.3+Xwt%,300.0,1283.1
 Bi.048SB.152Te.3///Bi.048SB.152Te.3+Xwt%,400.0,739.47
 Bi.048SB.152Te.3///Bi.048SB.152Te.3+Xwt%,700.0,520.3
Bi.048SB.152Te.3+.005wt%PbTe,300.0,1789.8
Bi.048SB.152Te.3+.005wt%PbTe,400.0,1018.4
Bi.048SB.152Te.3+.005wt%PbTe,700.0,682.54
Bi.048SB.152Te.3+.01wt%PbTe,300.0,2117.1
Bi.048SB.152Te.3+.01wt%PbTe,400.0,1166.4
Bi.048SB.152Te.3+.01wt%PbTe,700.0,668.31
Bi.048SB.152Te.3+.015wt%PbTe,300.0,2077.2
Bi.048SB.152Te.3+.015wt%PbTe,400.0,1194.9
Bi.048SB.152Te.3+.015wt%PbTe,700.0,753.7
Bi.035Sb1.65Te3,300.0,3.6433e-07
Bi.035Sb1.65Te3,400.0,5.2714e-07
Bi.05Sb1.5Te3,300.0,2.848e-07
Bi.05Sb1.5Te3,400.0,4.0205e-07
BiSbTe3,300.0,8.1113e-07
Bi2Te3,300.0,5.6061e-08
Cu3Sb1Se4,300.0,284570.0
Cu3Sb1Se4,400.0,295200.0
Cu3Sb1Se4,700.0,617780.0
Cu3Sb.99Bi.01Se4,300.0,265650.0
Cu3Sb.99Bi.01Se4,400.0,245720.0
Cu3Sb.99Bi.01Se4,700.0,452250.0
Cu3Sb.98Bi.02Se4,300.0,281970.0
Cu3Sb.98Bi.02Se4,400.0,265650.0
Cu3Sb.98Bi.02Se4,700.0,553390.0
Cu3Sb.96Bi.04Se4,300.0,194470.0
Cu3Sb.96Bi.04Se4,400.0,186600.0
Cu3Sb.96Bi.04Se4,700.0,331070.0
Cu3Sb.8Bi.1Se4,300.0,210240.0
Cu3Sb.8Bi.1Se4,400.0,168690.0
Cu3Sb.8Bi.1Se4,700.0,300670.0
Bi.48SB1.52Te3,300.0,497.98
Bi.48SB1.52Te3,400.0,323.68
Bi.48SB1.52Te3,700.0,305.97
Bi.48SB1.52Te3+1%(MnSb2Se4),300.0,984.0
Bi.48SB1.52Te3+1%(MnSb2Se4),400.0,640.62
Bi.48SB1.52Te3+1%(MnSb2Se4),700.0,431.58
Bi.48SB1.52Te3+2%(MnSb2Se4),300.0,836.73
Bi.48SB1.52Te3+2%(MnSb2Se4),400.0,585.71
Bi.48SB1.52Te3+2%(MnSb2Se4),700.0,404.61
Bi.48SB1.52Te3+3%(MnSb2Se4),300.0,597.09
Bi.48SB1.52Te3+3%(MnSb2Se4),400.0,403.28
Bi.48SB1.52Te3+3%(MnSb2Se4),700.0,312.98
Bi.48SB1.52Te3+4%(MnSb2Se4),300.0,551.57
Bi.48SB1.52Te3+4%(MnSb2Se4),400.0,378.46
Bi.48SB1.52Te3+4%(MnSb2Se4),700.0,299.27
Bi.48SB1.52Te3+2%(Mn.8Cu.2Sb2Se4),300.0,911.11
Bi.48SB1.52Te3+2%(Mn.8Cu.2Sb2Se4),400.0,664.86
Bi.48SB1.52Te3+2%(Mn.8Cu.2Sb2Se4),700.0,460.67
Cu2Se,300.0,887.16
Cu2Se,400.0,331.13
Cu2Se,700.0,210.86
Cu2Se,1000.0,134.28
Cu1.98Ag.02Se,300.0,440.55
Cu1.98Ag.02Se,400.0,89.536
Cu1.98Ag.02Se,700.0,32.509
Cu1.98Ag.02Se,1000.0,23.988
Cu2Te,300.0,5546.3
Cu2Te,400.0,4529.0
Cu2Te,700.0,2108.6
Cu2Te,1000.0,1614.4
Cu1.98Ag.02Te,300.0,2355.0
Cu1.98Ag.02Te,400.0,2147.8
Cu1.98Ag.02Te,700.0,744.73
Cu1.98Ag.02Te,1000.0,586.14
Cu2S,300.0,11.61
Cu2S,400.0,5.7446
Cu2S,700.0,1.5985
Cu2S,1000.0,11.365
Cu1.98S,300.0,39.137
Cu1.98S,400.0,65.285
Cu1.98S,700.0,56.234
Cu1.98S,1000.0,45.437
Cu1.97S,300.0,79.095
Cu1.97S,400.0,137.69
Cu1.97S,700.0,137.69
Cu1.97S,1000.0,87.992
Cu2S.5Te.5,300.0,335.98
Cu2S.5Te.5,400.0,335.98
Cu2S.5Te.5,700.0,197.12
Cu2S.5Te.5,1000.0,90.76
Cu2S.52Te.48,300.0,283.55
Cu2S.52Te.48,400.0,297.64
Cu2S.52Te.48,700.0,270.13
Cu2S.52Te.48,1000.0,183.3
Cu2S.54Te.46,300.0,192.4
Cu2S.54Te.46,400.0,211.99
Cu2S.54Te.46,700.0,178.91
Cu2S.54Te.46,1000.0,118.49
Cu2S,300.0,12.743
Cu2S,400.0,8.2374
Cu2S,700.0,1.6636
Cu2S,1000.0,11.288
Cu2Se,300.0,1024.5
Cu2Se,400.0,572.66
Cu2Se,700.0,251.19
Cu2Se,1000.0,130.55
Cu1.97Se,300.0,78.476
Cu1.97Se,400.0,95.268
Cu1.97Se,700.0,133.76
Cu1.97Se,1000.0,88.587
Cu2Te,300.0,3279.4
Cu2Te,400.0,2905.1
Cu2Te,700.0,1438.4
Cu2Te,1000.0,1184.9
Cu3Sb1Se4,300.0,29.55209235
Cu3Sb1Se4,400.0,30.22679891
Cu3Sb1Se4,700.0,62.95346049
Cu3Sb.96Sn.02Bi.02Se4,300.0,319.8173061
Cu3Sb.96Sn.02Bi.02Se4,400.0,279.3048206
Cu3Sb.96Sn.02Bi.02Se4,700.0,158.8475029
Cu3Sb.93Sn.05Bi.02Se4,300.0,883.2393946
Cu3Sb.93Sn.05Bi.02Se4,400.0,754.1382701
Cu3Sb.93Sn.05Bi.02Se4,700.0,464.1588834
Cu3Sb.88Sn.1Bi.02Se4,300.0,1296.418136
Cu3Sb.88Sn.1Bi.02Se4,400.0,1132.195876
Cu3Sb.88Sn.1Bi.02Se4,700.0,712.7564834
Cu3Sb.9Sn.1Se4,300.0,893.265153
Cu3Sb.9Sn.1Se4,400.0,780.1118281
Cu3Sb.9Sn.1Se4,700.0,502.3199099
Cu3Sb.98Bi.02Se4,300.0,27.00054616
Cu3Sb.98Bi.02Se4,400.0,26.69749957
Cu3Sb.98Bi.02Se4,700.0,55.60297633
Cu3Sb1Se4,300.0,28.861
Cu3Sb1Se4,400.0,29.394
Cu3Sb1Se4,700.0,62.18
Cu3Sb.99Sn.01Se4,300.0,168.34
Cu3Sb.99Sn.01Se4,400.0,149.49
Cu3Sb.99Sn.01Se4,700.0,99.09
Cu3Sb.98Sn.02Se4,300.0,451.61
Cu3Sb.98Sn.02Se4,400.0,404.71
Cu3Sb.98Sn.02Se4,700.0,258.64
Cu3Sb.95Sn.05Se4,300.0,572.71
Cu3Sb.95Sn.05Se4,400.0,503.94
Cu3Sb.95Sn.05Se4,700.0,296.63
Cu3Sb1-xSnxSe4,300.0,904.38
Cu3Sb.9Sn.1Se4,400.0,781.37
Cu3Sb.9Sn.1Se4,700.0,499.36
Cu3Sb1Se4,300.0,28.539
Cu3Sb1Se4,400.0,29.871
Cu3Sb1Se4,700.0,61.955
Cu3Sb.99Bi.01Se4,300.0,25.176
Cu3Sb.99Bi.01Se4,400.0,24.469
Cu3Sb.99Bi.01Se4,700.0,44.77
Cu3Sb.98Bi.02Se4,300.0,26.805
Cu3Sb.98Bi.02Se4,400.0,25.61
Cu3Sb.98Bi.02Se4,700.0,55.281
Cu3Sb.96Bi.04Se4,300.0,18.507
Cu3Sb.96Bi.04Se4,400.0,18.719
Cu3Sb.96Bi.04Se4,700.0,32.723
Cu3Sb.9Bi.1Se4,300.0,18.507
Cu3Sb.9Bi.1Se4,400.0,16.702
Cu3Sb.9Bi.1Se4,700.0,29.198
CuInTe2(annealed 1hr),300.0,34.515
CuInTe2(annealed 1hr),400.0,31.836
CuInTe2(annealed 1hr),700.0,119.13
CuInTe2(annealed 1hr),1000.0,129.15
CuInTe2(annealed 3 Days),300.0,79.54
CuInTe2(annealed 3 Days),400.0,75.369
CuInTe2(annealed 3 Days),700.0,141.92
CuInTe2(annealed 3 Days),1000.0,143.84
CuInTe2(annealed 7 Days),300.0,141.92
CuInTe2(annealed 7 Days),400.0,134.48
CuInTe2(annealed 7 Days),700.0,171.36
CuInTe2(annealed 7 Days),1000.0,162.38
MgAg0.97Sb.985As.005,300.0,482.43
MgAg0.97Sb.985As.005,400.0,437.68
MgAg0.97Sb.985As.005,700.0,677.13
MgAg0.97Sb.98As.01,300.0,587.55
MgAg0.97Sb.98As.01,400.0,526.13
MgAg0.97Sb.98As.01,700.0,766.5
MgAg0.97Sb.985Bi.005,300.0,263.53
MgAg0.97Sb.985Bi.005,400.0,264.45
MgAg0.97Sb.985Bi.005,700.0,464.62
MgAg0.97Sb.98Bi.01,300.0,245.93
MgAg0.97Sb.98Bi.01,400.0,243.94
MgAg0.97Sb.98Bi.01,700.0,461.77
MgAg0.97Sb.985Sn.005,300.0,336.96
MgAg0.97Sb.985Sn.005,400.0,326.32
MgAg0.97Sb.985Sn.005,700.0,551.11
MgAg0.97Sb.98Sn.01,300.0,388.71
MgAg0.97Sb.98Sn.01,400.0,366.32
MgAg0.97Sb.98Sn.01,700.0,620.0
MgAg0.97Sb.985Pb.005,300.0,287.04
MgAg0.97Sb.985Pb.005,400.0,279.91
MgAg0.97Sb.985Pb.005,700.0,474.19
MgAg0.97Sb.98Pb.01,300.0,297.36
MgAg0.97Sb.98Pb.01,400.0,287.37
MgAg0.97Sb.98Pb.01,700.0,526.54
BiSbTe,300.0,961.04
BiSbTe,400.0,601.3
BiSbTe,700.0,445.45
BiSbTe+(T2O3)2wt%,300.0,511.69
BiSbTe+(T2O3)2wt%,400.0,342.86
BiSbTe+(T2O3)2wt%,700.0,300.0
BiSbTe+(T2O3)4wt%,300.0,497.4
BiSbTe+(T2O3)4wt%,400.0,349.35
BiSbTe+(T2O3)4wt%,700.0,296.1
BiSbTe+(T2O3)6%,300.0,487.01
BiSbTe+(T2O3)6wt%,400.0,342.86
BiSbTe+(T2O3)6wt%,700.0,297.4
BaCu5.7Se.6Te6.4,300.0,29.18
BaCu5.7Se.6Te6.4,400.0,38.115
BaCu5.7Se.6Te6.4,700.0,59.262
Cu2ZnSn.90In0.10Se4,300.0,0.0036087
Cu2ZnSn.90In0.10Se4,400.0,0.0040587
Cu2ZnSn.90In0.10Se4,700.0,0.0068033
Cu2ZnSn.90In0.10Se4,1000.0,0.01
Cu2ZnSnSe4,300.0,2.3922e-06
Cu2ZnSnSe4,400.0,2.44e-06
Cu2ZnSnSe4,700.0,2.1786e-06
Cu2ZnSn.95In0.05Se4,300.0,4.7287e-07
Cu2ZnSn.95In0.05Se4,400.0,5.4709e-07
Cu2ZnSn.95In0.05Se4,700.0,9.037e-07
Cu2ZnSn.90In0.10Se4,300.0,3.8365e-07
Cu2ZnSn.90In0.10Se4,400.0,4.5185e-07
Cu2ZnSn.90In0.10Se4,700.0,6.9318e-07
Cu2ZnSn.85In0.15Se4,300.0,3.4659e-07
Cu2ZnSn.85In0.15Se4,400.0,4.0264e-07
Cu2ZnSn.85In0.15Se4,700.0,6.0396e-07
BaCu5.9SeTe6,300.0,0.0066418
BaCu5.9SeTe6,400.0,0.0082103
BaCu5.9SeTe6,700.0,0.007646
BaCu5.9STe6,300.0,0.0125
BaCu5.9STe6,400.0,0.013244
BaCu5.9STe6,700.0,0.011835
Ba8Ni4Ge42,300.0,290.18
Ba8Ni4Ge42,400.0,270.5
Ba8Ni4Ge42,700.0,402.31
Ba8Ni4Ge42,1000.0,521.33
Ba8Ni2.97Ga3.94Ge39.09,300.0,394.14
Ba8Ni2.97Ga3.94Ge39.09,400.0,315.95
Ba8Ni2.97Ga3.94Ge39.09,700.0,258.57
Ba8Ni2.97Ga3.94Ge39.09,1000.0,444.3
Ba8Ni1.90Ga8.04Ge36.06,300.0,523.58
Ba8Ni1.90Ga8.04Ge36.06,400.0,435.33
Ba8Ni1.90Ga8.04Ge36.06,700.0,276.8
Ba8Ni1.90Ga8.04Ge36.06,1000.0,361.15
Ba8Ni.84Ga12.07Ge33.09,300.0,1017.5
Ba8Ni.84Ga12.07Ge33.09,400.0,835.24
Ba8Ni.84Ga12.07Ge33.09,700.0,479.43
Ba8Ni.84Ga12.07Ge33.09,1000.0,528.38
Ba8Ni.32Ga13.63Ge32.05,300.0,1315.3
Ba8Ni.32Ga13.63Ge32.05,400.0,1071.1
Ba8Ni.32Ga13.63Ge32.05,700.0,588.19
Ba8Ni.32Ga13.63Ge32.05,1000.0,446.82
Ba0.06La0.05Yb0.02Co4Sb12,300.0,1863.4
Ba0.06La0.05Yb0.02Co4Sb12,400.0,1578.3
Ba0.06La0.05Yb0.02Co4Sb12,700.0,1174.2
Ba0.06La0.05Yb0.02Co4Sb12,1000.0,1108.6
Ba0.08La0.05Yb0.04Co4Sb12,300.0,2450.2
Ba0.08La0.05Yb0.04Co4Sb12,400.0,2115.7
Ba0.08La0.05Yb0.04Co4Sb12,700.0,1577.0
Ba0.08La0.05Yb0.04Co4Sb12,1000.0,1458.3
Ba0.10La0.05Yb0.07Co4Sb12,300.0,3095.2
Ba0.10La0.05Yb0.07Co4Sb12,400.0,2617.6
Ba0.10La0.05Yb0.07Co4Sb12,700.0,1967.6
Ba0.10La0.05Yb0.07Co4Sb12,1000.0,1776.7
Ba0.09La0.04Yb0.13Co4Sb12,300.0,3135.6
Ba0.09La0.04Yb0.13Co4Sb12,400.0,2738.6
Ba0.09La0.04Yb0.13Co4Sb12,700.0,2078.1
Ba0.09La0.04Yb0.13Co4Sb12,1000.0,1880.3
Ba0.09La0.04Yb0.14Co4Sb12,300.0,3509.8
Ba0.09La0.04Yb0.14Co4Sb12,400.0,3085.7
Ba0.09La0.04Yb0.14Co4Sb12,700.0,2434.8
Ba0.09La0.04Yb0.14Co4Sb12,1000.0,2189.3
Cu2HgSnTe4,300.0,2242.104
Cu2HgSnTe4,400.0,1859.658
Cu2HgSnTe4,700.0,1387.344
Cu2HgSnSe0.8Te3.2,300.0,863.8134
Cu2HgSnSe0.8Te3.2,400.0,753.1069
Cu2HgSnSe0.8Te3.2,700.0,624.6459
Cu2HgSnSe2Te2,300.0,427.0523
Cu2HgSnSe2Te2,400.0,381.7222
Cu2HgSnSe2Te2,700.0,332.8006
Cu2HgSnSe3.2Te0.8,300.0,113.1879
Cu2HgSnSe3.2Te0.8,400.0,98.68167
Cu2HgSnSe3.2Te0.8,700.0,74.54224
Cu2HgSnSe4,300.0,68.73943
Cu2HgSnSe4,400.0,58.81937
Cu2HgSnSe4,700.0,42.00679
Cu0.98GaTe2,300.0,704.3987966
Cu0.98GaTe2,400.0,587.6854445
Cu0.98GaTe2,700.0,438.551717
Cu0.98GaTe2,1000.0,402.8893039
Cu0.985GaTe2,300.0,490.4243179
Cu0.985GaTe2,400.0,415.8574541
Cu0.985GaTe2,700.0,316.434969
Cu0.985GaTe2,1000.0,327.2417609
Cu0.99GaTe2,300.0,162.9785247
Cu0.99GaTe2,400.0,160.8171664
Cu0.99GaTe2,700.0,244.0294636
Cu0.99GaTe2,1000.0,281.8532351
CuGaTe2,300.0,21.40955147
CuGaTe2,400.0,26.8129474
CuGaTe2,700.0,134.8808659
CuGaTe2,1000.0,180.2693917
Sb2Te3,300.0,2985.07
Sb2Te3,400.0,1884.090738
Sb2Te3,700.0,774.8454183
Sb1.95In0.05Te3,300.0,2067.268931
Sb1.95In0.05Te3,400.0,1378.359752
Sb1.95In0.05Te3,700.0,644.4876967
Sb1.9In0.10Te3,300.0,1154.947796
Sb1.9In0.10Te3,400.0,825.9820927
Sb1.9In0.10Te3,700.0,425.8816816
Sb1.85In0.15Te3,300.0,755.093103
Sb1.85In0.15Te3,400.0,509.8607061
Sb1.85In0.15Te3,700.0,302.8311686
Sb1.80In0.20Te3,300.0,356.7631592
Sb1.80In0.20Te3,400.0,256.9557933
Sb1.80In0.20Te3,700.0,210.3005194
Bi0.4Sb1.6Te3,300.0,1030.927835
Bi0.4Sb1.6Te3,400.0,1724.137931
Bi0.4Sb1.6Te3,700.0,2272.727273
Bi0.4Sb1.590Ge0.01Te3,300.0,900.9009009
Bi0.4Sb1.590Ge0.01Te3,400.0,1492.537313
Bi0.4Sb1.590Ge0.01Te3,700.0,1960.784314
Bi0.4Sb1.585Ge0.015Te3,300.0,813.0081301
Bi0.4Sb1.585Ge0.015Te3,400.0,1388.888889
Bi0.4Sb1.585Ge0.015Te3,700.0,1923.076923
Bi0.4Sb1.580Ge0.02Te3,300.0,675.6756757
Bi0.4Sb1.580Ge0.02Te3,400.0,1063.829787
Bi0.4Sb1.580Ge0.02Te3,700.0,1515.151515
Bi0.46Sb1.54Te3,300.0,868.03
Bi0.46Sb1.54Te3,400.0,523.77
Bi0.46Sb1.54Te3,700.0,413.1
Znx0.005Bi0.46Sb1.54Te3.005,300.0,949.18
Znx0.005Bi0.46Sb1.54Te3.005,400.0,555.74
Znx0.005Bi0.46Sb1.54Te3.005,700.0,422.8
Znx0.015Bi0.46Sb1.54Te3.015,300.0,914.8
Znx0.015Bi0.46Sb1.54Te3.015,400.0,555.74
Znx0.015Bi0.46Sb1.54Te3.015,700.0,440.2
Znx0.03Bi0.46Sb1.54Te3.03,300.0,1037.7
Znx0.03Bi0.46Sb1.54Te3.03,400.0,612.3
Znx0.03Bi0.46Sb1.54Te3.03,700.0,468.0
Znx0.06Bi0.46Sb1.54Te3.06,300.0,1278.7
Znx0.06Bi0.46Sb1.54Te3.06,400.0,735.25
Znx0.06Bi0.46Sb1.54Te3.06,700.0,510.71
Znx0.12Bi0.46Sb1.54Te3.12,300.0,1418.9
Znx0.12Bi0.46Sb1.54Te3.12,400.0,848.36
Znx0.12Bi0.46Sb1.54Te3.12,700.0,580.61
Bi0.5Sb1.5Te2.7Se0.3,300.0,180.7240249
Bi0.5Sb1.5Te2.7Se0.3,400.0,284.1433252
Bi0.5Sb1.5Te2.7Se0.3,300.0,108.033506
Bi0.5Sb1.5Te2.7Se0.3,400.0,153.4700349
YbCd2Sb2,300.0,455.19
YbCd2Sb2,400.0,408.27
YbCd2Sb2,700.0,312.496
YbCd1.9Mg0.1Sb2,300.0,495.96
YbCd1.9Mg0.1Sb2,400.0,426.72
YbCd1.9Mg0.1Sb2,700.0,297.11
YbCd1.8Mg0.2Sb2,300.0,309.81
YbCd1.8Mg0.2Sb2,400.0,268.27
YbCd1.8Mg0.2Sb2,700.0,198.65
YbCd1.6Mg0.4Sb2,300.0,162.89
YbCd1.6Mg0.4Sb2,400.0,132.12
YbCd1.6Mg0.4Sb2,700.0,114.81
YbCd1.4Mg0.6Sb2,300.0,69.81
YbCd1.4Mg0.6Sb2,400.0,58.267
YbCd1.4Mg0.6Sb2,700.0,70.96
YbCd1.2Mg0.8Sb2,300.0,156.7
YbCd1.2Mg0.8Sb2,400.0,130.6
YbCd1.2Mg0.8Sb2,700.0,103.27
Bi0.5Sb1.5Te3,300.0,386.765
Bi0.5Sb1.5Te3,400.0,268.397
Bi0.5Sb1.5Te3,600.0,243.907
Cu0.005Bi0.5Sb1.495Te3,300.0,1382.683
Cu0.005Bi0.5Sb1.495Te3,400.0,778.601
Cu0.005Bi0.5Sb1.495Te3,600.0,358.176
Cu0.01Bi0.5Sb1.48Te3,300.0,1615.336
Cu0.01Bi0.5Sb1.48Te3,400.0,937.785
Cu0.01Bi0.5Sb1.48Te3,600.0,419.418
Cu0.015Bi0.5Sb1.475Te3,300.0,1778.602
Cu0.015Bi0.5Sb1.475Te3,400.0,1031.663
Cu0.015Bi0.5Sb1.475Te3,600.0,423.482
Bi0.5Sb1.5Te3+1.0wt%Pb,300.0,1234.63
Bi0.5Sb1.5Te3+1.0wt%Pb,400.0,978.26
Bi0.5Sb1.5Te3+.5wt%Pb,300.0,753.89
Bi0.5Sb1.5Te3+.5wt%Pb,400.0,561.57
Cu2ZnGeSe4,300.0,41.3565
Cu2ZnGeSe4,400.0,53.4759
Cu2ZnGeSe4,700.0,78.8022
Cu2ZnGe0.975In0.025Se4,300.0,130.719
Cu2ZnGe0.975In0.025Se4,400.0,167.2241
Cu2ZnGe0.975In0.025Se4,700.0,201.6129
Cu2ZnGe0.95In0.05Se4,300.0,145.7726
Cu2ZnGe0.95In0.05Se4,400.0,175.1313
Cu2ZnGe0.95In0.05Se4,700.0,161.8123
Cu2ZnGe0.925In0.075Se4,300.0,75.8725
Cu2ZnGe0.925In0.075Se4,400.0,96.8054
Cu2ZnGe0.925In0.075Se4,700.0,122.2494
Cu2ZnGe0.9In0.1Se4,300.0,161.0306
Cu2ZnGe0.9In0.1Se4,400.0,189.0359
Cu2ZnGe0.9In0.1Se4,700.0,173.913
Cu2ZnSnS4,300.0,0.3457
Cu2ZnSnS4,400.0,0.8066
Cu2ZnSnS4,700.0,5.1687
Cu2.1Zn0.9SnS4,300.0,23.8095
Cu2.1Zn0.9SnS4,400.0,44.6429
Cu2.1Zn0.9SnS4,700.0,139.881
Cu2ZnSnSe4,300.0,342.2619
Cu2ZnSnSe4,400.0,318.4524
Cu2ZnSnSe4,700.0,220.2381
Cu2.1Zn0.9SnSe4,300.0,860.119
Cu2.1Zn0.9SnSe4,400.0,845.2381
Cu2.1Zn0.9SnSe4,700.0,809.5238
NaCoO2,300.0,84.3
NaCoO2,400.0,80.0
NaCoO2,700.0,72.7
NaCoO2,1000.0,68.2
Na.98CoO2,300.0,88.3
Na.98CoO2,400.0,84.0
Na.98CoO2,700.0,76.6
Na.98CoO2,1000.0,72.1
Na.96CoO2,300.0,92.4
Na.96CoO2,400.0,88.0
Na.96CoO2,700.0,80.6
Na.96CoO2,1000.0,76.2
Na.94CoO2,300.0,94.7
Na.94CoO2,400.0,90.2
Na.94CoO2,700.0,82.9
Na.94CoO2,1000.0,78.5
CaMg2Bi2,300.0,82.11
CaMg2Bi2,400.0,59.6
CaMg2Bi2,700.0,168.21
CaMg1.95Zn0.05Bi1.98,300.0,67.5
CaMg1.95Zn0.05Bi1.98,400.0,49.0
CaMg1.95Zn0.05Bi1.98,700.0,194.7
CaMg1.9Zn0.1Bi1.98,300.0,64.9
CaMg1.9Zn0.1Bi1.98,400.0,51.6
CaMg1.9Zn0.1Bi1.98,700.0,211.92
CaMg1.8Zn0.2Bi1.98,300.0,67.55
CaMg1.8Zn0.2Bi1.98,400.0,63.57
CaMg1.8Zn0.2Bi1.98,700.0,276.82
Cu2MgSnSe4,300.0,26.32
Cu2MgSnSe4,400.0,25.2
Cu2MgSnSe4,700.0,39.45
Cu2.05Mg0.95SnSe4,300.0,145.73
Cu2.05Mg0.95SnSe4,400.0,137.34
Cu2.05Mg0.95SnSe4,700.0,100.63
Cu2.075Mg0.925SnSe4,300.0,187.968
Cu2.075Mg0.925SnSe4,400.0,166.472
Cu2.075Mg0.925SnSe4,700.0,125.388
Cu2.1Mg0.9SnSe4,300.0,489.92
Cu2.1Mg0.9SnSe4,400.0,411.13
Cu2.1Mg0.9SnSe4,700.0,166.15
Ti2FeNiSb1.7Sn0.3,300.0,322.0
Ti2FeNiSb1.7Sn0.3,400.0,309.3
Ti2FeNiSb1.7Sn0.3,700.0,277.4
Ti2FeNiSb1.7Sn0.3,1000.0,281.3
Ti1.8Hf0.2FeNiSb1.7Sn0.3,300.0,311.4
Ti1.8Hf0.2FeNiSb1.7Sn0.3,400.0,298.7
Ti1.8Hf0.2FeNiSb1.7Sn0.3,700.0,265.7
Ti1.8Hf0.2FeNiSb1.7Sn0.3,1000.0,276.7
Ti1.6Hf0.4FeNiSb1.7Sn0.3,300.0,319.6
Ti1.6Hf0.4FeNiSb1.7Sn0.3,400.0,306.7
Ti1.6Hf0.4FeNiSb1.7Sn0.3,700.0,279.3
Ti1.6Hf0.4FeNiSb1.7Sn0.3,1000.0,288.0
Ti1.4Hf0.6FeNiSb1.7Sn0.3,300.0,301.7
Ti1.4Hf0.6FeNiSb1.7Sn0.3,400.0,292.5
Ti1.4Hf0.6FeNiSb1.7Sn0.3,700.0,268.0
Ti1.4Hf0.6FeNiSb1.7Sn0.3,1000.0,274.6
Ti1.0Hf1.0FeNiSb1.7Sn0.3,300.0,317.0
Ti1.0Hf1.0FeNiSb1.7Sn0.3,400.0,306.9
Ti1.0Hf1.0FeNiSb1.7Sn0.3,700.0,289.2
Ti1.0Hf1.0FeNiSb1.7Sn0.3,1000.0,304.5
Mg1Ag0.97Sb 0.99,300.0,280.4972232
Mg1Ag0.97Sb 0.99,400.0,276.2718708
Mg1Ag0.97Sb 0.99,700.0,475.3319555
Mg0.9975Li0.0025Ag0.97Sb 0.99,300.0,488.1270026
Mg0.9975Li0.0025Ag0.97Sb 0.99,400.0,393.1862216
Mg0.9975Li0.0025Ag0.97Sb 0.99,700.0,565.983585
Mg0.995Li0.005Ag0.97Sb 0.99,300.0,572.463444
Mg0.995Li0.005Ag0.97Sb 0.99,400.0,466.3984944
Mg0.995Li0.005Ag0.97Sb 0.99,700.0,653.7728241
Mg0.99Li0.01Ag0.97Sb 0.99,300.0,805.4998383
Mg0.99Li0.01Ag0.97Sb 0.99,400.0,585.646572
Mg0.99Li0.01Ag0.97Sb 0.99,700.0,839.8334654
Mg0.98Li0.02Ag0.97Sb 0.99,300.0,930.4402426
Mg0.98Li0.02Ag0.97Sb 0.99,400.0,631.8225094
Mg0.98Li0.02Ag0.97Sb 0.99,700.0,839.8334654
Mg0.96Li0.04Ag0.97Sb 0.99,300.0,686.8320166
Mg0.96Li0.04Ag0.97Sb 0.99,400.0,495.592506
Mg0.96Li0.04Ag0.97Sb 0.99,700.0,656.2583442
Yb9Mn4.2Sb9,300.0,314.4654088
Yb9Mn4.2Sb9,400.0,278.2415136
Yb9Mn4.2Sb9,700.0,180.1477211
Yb9Mn4.2Sb9,1000.0,123.4415504
Cu3SbSe4,300.0,25.34080853
Cu3SbSe4,400.0,24.83305359
Cu3SbSe4,700.0,97.98340357
Cu2.4Ag0.6SbSe4,300.0,67.5735944
Cu2.4Ag0.6SbSe4,400.0,49.012256
Cu2.4Ag0.6SbSe4,700.0,80.22565873
Cu2.1Ag0.9SbSe4,300.0,117.4127996
Cu2.1Ag0.9SbSe4,400.0,77.45549407
Cu2.1Ag0.9SbSe4,700.0,90.27715085
Cu1.8Ag1.2SbSe4,300.0,132.9781752
Cu1.8Ag1.2SbSe4,400.0,88.5066973
Cu1.8Ag1.2SbSe4,700.0,95.81297308
Cu1.5Ag1.5SbSe4,300.0,121.2701251
Cu1.5Ag1.5SbSe4,400.0,79.20478397
Cu1.5Ag1.5SbSe4,700.0,88.85768997
Cu1.2Ag1.8SbSe4,300.0,114.6775971
Cu1.2Ag1.8SbSe4,400.0,74.72869746
Cu1.2Ag1.8SbSe4,700.0,92.98995244
Cu3Sb0.98Bi0.02S4,300.0,1.609247506
Cu3Sb0.98Bi0.02S4,400.0,2.772428393
Cu3Sb0.98Bi0.02S4,700.0,6.228070186
Cu3Sb0.94Bi0.06S4,300.0,29.98387198
Cu3Sb0.94Bi0.06S4,400.0,35.07726381
Cu3Sb0.94Bi0.06S4,700.0,35.62471246
Cu3Sb0.9Bi0.1S4,300.0,26.69560898
Cu3Sb0.9Bi0.1S4,400.0,33.52401345
Cu3Sb0.9Bi0.1S4,700.0,40.03413631
Cu3Sb0.86Bi0.14S4,300.0,32.56230781
Cu3Sb0.86Bi0.14S4,400.0,39.11904689
Cu3Sb0.86Bi0.14S4,700.0,45.95460255
