formula,Temperature,ThermalCond W/m.K
Al,300.0,237.0
Al,1.0,4110.0
Al,2.0,8180.0
Al,3.0,12100.0
Al,4.0,15700.0
Al,5.0,18800.0
Al,6.0,21300.0
Al,7.0,22900.0
Al,8.0,23700.0
Al,9.0,23900.0
Al,10.0,23500.0
Al,15.0,17600.0
Al,20.0,11700.0
Al,30.0,4950.0
Al,40.0,2400.0
Al,50.0,1350.0
Al,60.0,850.0
Al,70.0,585.0
Al,80.0,432.0
Al,90.0,342.0
Al,100.0,302.0
Al,150.0,248.0
Al,200.0,237.0
Al,250.0,235.0
Al,300.0,237.0
Al,350.0,240.0
Al,400.0,240.0
Al,500.0,236.0
Al,600.0,231.0
Al,800.0,218.0
Al,300.0,294.0
Al,298.0,295.0
Al,20.0,8000.0
Al,20.0,6250.0
V,300.0,30.7
V,298.0,35.0
V,9.0,930.0
V,7.1,850.0
Rh,300.0,150.0
Rh,310.0,148.5
Rh,514.1,132.0
Rh,500.0,133.0
Rh,1950.0,95.5
Rh,2236.0,91.0
Ru,300.0,117.0
Ru,82.6,170.0
Ru,277.4,110.0
Ru,510.1,103.0
Ru,476.1,103.0
Ru,280.1,109.0
Ru,82.9,162.0
Ru,404.1,130.5
Ru,82.6,209.0
Ru,297.6,132.0
W,300.0,174.0
W,1.0,1440.0
W,2.0,2870.0
W,3.0,4280.0
W,4.0,5630.0
W,5.0,6870.0
W,6.0,7950.0
W,7.0,8800.0
W,8.0,9380.0
W,9.0,9680.0
W,10.0,9710.0
W,15.0,7200.0
W,20.0,4050.0
W,30.0,1440.0
W,40.0,692.0
W,50.0,427.0
W,60.0,314.0
W,70.0,258.0
W,80.0,229.0
W,90.0,217.0
W,100.0,208.0
W,150.0,192.0
W,200.0,185.0
W,250.0,180.0
W,300.0,174.0
W,350.0,167.0
W,400.0,159.0
W,500.0,146.0
W,600.0,137.0
W,800.0,125.0
W,1000.0,118.0
W,1200.0,112.0
W,1400.0,108.0
W,1600.0,104.0
W,1800.0,101.0
W,2000.0,98.0
W,298.0,130.0
W,4.0,75000.0
Hf,300.0,23.0
Hf,300.0,22.8
Ba8Ge43,298.0,3.22
Ba8Ge43,473.0,2.39
Ba8Ge43,323.0,2.03
Ni,300.0,90.7
Ni,1.0,217.0
Ni,2.0,434.0
Ni,3.0,649.0
Ni,4.0,859.0
Ni,5.0,1060.0
Ni,6.0,1250.0
Ni,7.0,1420.0
Ni,8.0,1580.0
Ni,9.0,1710.0
Ni,10.0,1810.0
Ni,15.0,1950.0
Ni,20.0,1650.0
Ni,30.0,956.0
Ni,40.0,582.0
Ni,50.0,400.0
Ni,60.0,308.0
Ni,70.0,250.0
Ni,80.0,210.0
Ni,90.0,183.0
Ni,100.0,164.0
Ni,150.0,122.0
Ni,200.0,107.0
Ni,250.0,97.5
Ni,300.0,90.7
Ni,350.0,85.0
Ni,400.0,80.2
Ni,500.0,72.2
Ni,600.0,65.6
Ni,800.0,67.6
Ni,1000.0,71.8
Ni,1200.0,76.2
Ni,1400.0,80.4
AgGaSe2,298.0,4.8
AgGaSe2,298.0,9.0
AgGaSe2,373.0,0.94
Dy3Te4,298.0,2.2
Ca1.25Ti0.25Nb0.5O3,298.0,4.5
Fe,300.0,80.2
Fe,1.0,171.0
Fe,2.0,342.0
Fe,3.0,511.0
Fe,4.0,677.0
Fe,5.0,839.0
Fe,6.0,993.0
Fe,7.0,1140.0
Fe,8.0,1270.0
Fe,9.0,1390.0
Fe,10.0,1480.0
Fe,15.0,1700.0
Fe,20.0,1540.0
Fe,30.0,1000.0
Fe,40.0,623.0
Fe,50.0,405.0
Fe,60.0,285.0
Fe,70.0,216.0
Fe,80.0,175.0
Fe,90.0,150.0
Fe,100.0,134.0
Fe,150.0,104.0
Fe,200.0,94.0
Fe,250.0,86.5
Fe,300.0,80.2
Fe,350.0,74.4
Fe,400.0,69.5
Fe,500.0,61.3
Fe,600.0,54.7
Fe,800.0,43.3
Fe,1000.0,32.3
Fe,1200.0,28.3
Fe,1400.0,31.2
Fe,1600.0,33.0
Fe,1800.0,34.5
Fe,1.4,11.0
Fe,0.5,3.0
Zn,300.0,116.0
Zr,300.0,22.7
Zr,298.0,19.7
Zr,323.0,17.5
Zr,473.0,17.5
Pt,300.0,71.6
Pt,1.0,231.0
Pt,2.0,460.0
Pt,3.0,679.0
Pt,4.0,880.0
Pt,5.0,1050.0
Pt,6.0,1180.0
Pt,7.0,1260.0
Pt,8.0,1290.0
Pt,9.0,1280.0
Pt,10.0,1230.0
Pt,15.0,841.0
Pt,20.0,495.0
Pt,30.0,215.0
Pt,40.0,139.0
Pt,50.0,109.0
Pt,60.0,94.7
Pt,70.0,86.2
Pt,80.0,81.5
Pt,90.0,78.9
Pt,100.0,77.5
Pt,150.0,74.0
Pt,200.0,72.6
Pt,250.0,71.8
Pt,300.0,71.6
Pt,350.0,71.7
Pt,400.0,71.8
Pt,500.0,72.3
Pt,600.0,73.2
Pt,800.0,75.6
Pt,1000.0,78.7
Pt,1200.0,82.6
Pt,1400.0,87.1
Pt,1600.0,91.9
Pt,1800.0,96.1
Pt,2000.0,99.4
Pt,300.0,77.8
Pt,1000.0,92.0
Pt,293.7,73.5
Pt,80.1,78.2
Pt,500.0,73.0
Tl,300.0,46.1
Nb,300.0,53.7
Nb,298.0,53.0
Nb,0.04,0.002
Nb,0.04,0.0024
Nb,4.0,7.0
Nb,2.5,70.0
Nb,2.0,11.0
Nd,298.0,16.5
Nd,300.0,16.5
Nd,291.0,16.5
Nd,291.0,5.5
Nd,2.0,2.3
Nd,10.0,5.5
Nd,47.0,12.0
Mo,300.0,138.0
Sb,300.0,24.3
Sb,4.4,690.0
Sb,2.0,730.0
Sb,1.4,690.0
Sb,1.2,1030.0
Sb,1.7,1450.0
Sb,4.2,900.0
Ga,300.0,40.6
In,300.0,81.6
In,1.5,15.0
In,9.1,625.0
In,298.0,4010.0
La,298.0,13.4
La,300.0,13.4
La,291.0,14.0
La,291.0,2.3
Ag,300.0,429.0
Ag,1.0,3940.0
Ag,2.0,7830.0
Ag,3.0,11500.0
Ag,4.0,14700.0
Ag,5.0,17200.0
Ag,6.0,18700.0
Ag,7.0,19300.0
Ag,8.0,19000.0
Ag,9.0,18100.0
Ag,10.0,16800.0
Ag,15.0,9600.0
Ag,20.0,5100.0
Ag,30.0,1930.0
Ag,40.0,1050.0
Ag,50.0,700.0
Ag,60.0,550.0
Ag,70.0,497.0
Ag,80.0,471.0
Ag,90.0,460.0
Ag,100.0,450.0
Ag,150.0,432.0
Ag,200.0,430.0
Ag,250.0,429.0
Ag,300.0,429.0
Ag,350.0,427.0
Ag,400.0,425.0
Ag,500.0,419.0
Ag,600.0,412.0
Ag,800.0,396.0
Ag,1000.0,379.0
Ag,1200.0,361.0
Ag,2.8,80.0
Ag,2.4,60.0
Er,298.0,14.5
Er,300.0,14.5
Er,291.0,13.8
Er,291.0,4.8
Gd,300.0,10.5
Gd,300.0,9.7
Gd,291.0,9.1
Gd,291.0,3.8
Gd,300.0,15.0
Gd,110.0,14.3
Ni3Al,300.0,28.85
Ni3Al,500.0,35.13
Ni3Al,800.0,37.27
Ni3Al,1000.0,36.12
Ni3Al,300.0,21.37
Ni3Al,500.0,26.35
Ni3Al,800.0,31.82
Ni3Al,1000.0,32.7
Ni3Al,300.0,26.6
Ni3Al,300.0,31.3
Ni3Al,300.0,30.85
Ni3Al,300.0,31.3
Ni3Al,300.0,30.96
Ni3Al,300.0,27.93
Ni3Al,300.0,27.9
Re,300.0,47.9
Re,83.0,62.0
Re,293.0,48.0
Re,523.0,44.8
RuAl2,373.0,10.0
RuAl2,310.0,17.7
RuAl2,973.0,7.9
Sc,298.0,15.8
Sc,300.0,15.8
Sc,291.0,15.7
Sc,291.0,2.0
Ge,300.0,64.0
Ge,1.0,27.4
Ge,2.0,206.0
Ge,3.0,535.0
Ge,4.0,877.0
Ge,5.0,1160.0
Ge,6.0,1390.0
Ge,7.0,1550.0
Ge,8.0,1660.0
Ge,9.0,1730.0
Ge,10.0,1770.0
Ge,15.0,1730.0
Ge,20.0,1490.0
Ge,30.0,1080.0
Ge,40.0,798.0
Ge,50.0,615.0
Ge,60.0,487.0
Ge,70.0,393.0
Ge,80.0,325.0
Ge,90.0,270.0
Ge,100.0,232.0
Ge,150.0,132.0
Ge,200.0,96.8
Ge,250.0,74.9
Ge,300.0,59.9
Ge,350.0,49.5
Ge,400.0,43.2
Ge,500.0,33.8
Ge,600.0,27.3
Ge,800.0,19.8
Ge,1000.0,17.4
Ge,1200.0,17.4
Ge,90.0,130.0
Ge,200.0,58.0
Ge,300.0,0.4
Au,300.0,317.0
Au,1.0,546.0
Au,2.0,1090.0
Au,3.0,1610.0
Au,4.0,2090.0
Au,5.0,2520.0
Au,6.0,2850.0
Au,7.0,3090.0
Au,8.0,3230.0
Au,9.0,3270.0
Au,10.0,3240.0
Au,15.0,2460.0
Au,20.0,1580.0
Au,30.0,755.0
Au,40.0,515.0
Au,50.0,421.0
Au,60.0,374.0
Au,70.0,348.0
Au,80.0,332.0
Au,90.0,328.0
Au,100.0,327.0
Au,150.0,325.0
Au,200.0,323.0
Au,250.0,321.0
Au,300.0,317.0
Au,350.0,314.0
Au,400.0,311.0
Au,500.0,304.0
Au,600.0,298.0
Au,800.0,284.0
Au,1000.0,270.0
Au,1200.0,255.0
Ho,298.0,16.2
Ho,300.0,16.2
Ho,291.0,10.6
Ho,291.0,4.0
Tb,298.0,11.1
Tb,300.0,11.1
Tb,291.0,10.4
Tb,291.0,4.4
Tm,298.0,16.9
Tm,300.0,16.9
Tm,0.6,0.1
Tm,4.5,0.95
Tm,291.0,0.14
Tm,291.0,4.1
Ba,300.0,18.4
Cu,300.0,401.0
Cu,1.0,4220.0
Cu,2.0,8400.0
Cu,3.0,12500.0
Cu,4.0,16200.0
Cu,5.0,19500.0
Cu,6.0,22200.0
Cu,7.0,23900.0
Cu,8.0,24800.0
Cu,9.0,24900.0
Cu,10.0,24300.0
Cu,15.0,17100.0
Cu,20.0,10800.0
Cu,30.0,4450.0
Cu,40.0,2170.0
Cu,50.0,1250.0
Cu,60.0,829.0
Cu,70.0,647.0
Cu,80.0,557.0
Cu,90.0,508.0
Cu,100.0,482.0
Cu,150.0,429.0
Cu,200.0,413.0
Cu,250.0,406.0
Cu,300.0,401.0
Cu,350.0,396.0
Cu,400.0,393.0
Cu,500.0,386.0
Cu,600.0,379.0
Cu,800.0,366.0
Cu,1000.0,352.0
Cu,1200.0,339.0
Cu,5.0,270000.0
Cu,35.0,4400.0
Cu,3.0,10900.0
Cu,3.0,6300.0
Cu,6.6,13200.0
Cu,6.4,19900.0
Li,300.0,84.7
Cr,300.0,93.7
Cr,1.0,40.2
Cr,2.0,80.3
Cr,3.0,120.0
Cr,4.0,160.0
Cr,5.0,200.0
Cr,6.0,239.0
Cr,7.0,227.0
Cr,8.0,314.0
Cr,9.0,350.0
Cr,10.0,385.0
Cr,15.0,524.0
Cr,20.0,593.0
Cr,30.0,549.0
Cr,40.0,425.0
Cr,50.0,317.0
Cr,60.0,248.0
Cr,70.0,207.0
Cr,80.0,184.0
Cr,90.0,169.0
Cr,100.0,159.0
Cr,150.0,129.0
Cr,200.0,111.0
Cr,250.0,100.0
Cr,300.0,93.7
Cr,350.0,92.9
Cr,400.0,90.9
Cr,500.0,86.0
Cr,600.0,80.7
Cr,800.0,71.3
Cr,1000.0,65.4
Cr,1200.0,61.9
Cr,1400.0,58.8
Cr,1600.0,55.6
Cr,1800.0,52.6
Cr,2000.0,49.4
CrB2,300.0,31.8
CrB2,1300.0,34.0
CrB2,2300.0,55.0
Be,300.0,200.0
Bi,300.0,7.87
Bi,100.0,20.0
Bi,0.0,500.0
Pr,298.0,12.5
Pr,300.0,12.5
Pr,291.0,12.0
Pr,291.0,1.2
B,298.0,0.18
B,298.0,0.2
B,1300.0,8.0
B,1300.0,59.0
B,3.0,8.1
B,50.0,328.0
B,300.0,26.0
B,300.0,27.6
B,80.0,310.0
B,1000.0,10.0
B,41.0,570.0
B,125.0,200.0
B,9.0,200.0
NdB6,100.0,37.0
NdB6,20.0,12.7
Ca,300.0,200.0
Sn,300.0,66.6
Sn,1.0,18300.0
Sn,2.0,32300.0
Sn,3.0,29700.0
Sn,4.0,18100.0
Sn,5.0,11700.0
Sn,6.0,7600.0
Sn,7.0,5200.0
Sn,8.0,3600.0
Sn,9.0,2600.0
Sn,10.0,1930.0
Sn,15.0,630.0
Sn,20.0,320.0
Sn,30.0,179.0
Sn,40.0,133.0
Sn,50.0,115.0
Sn,60.0,104.0
Sn,70.0,96.0
Sn,80.0,91.5
Sn,90.0,88.0
Sn,100.0,85.3
Sn,150.0,77.9
Sn,200.0,73.3
Sn,250.0,69.6
Sn,300.0,66.6
Sn,350.0,64.2
Sn,400.0,62.2
Sn,500.0,59.6
Sn,6.01,1170.0
Sn,5.61,938.0
Sn,5.71,798.0
Sn,7.74,560.0
Sn,7.35,437.0
Sn,7.28,424.0
Sn,5.0,4300.0
Sn,5.0,3500.0
Sn,5.0,3100.0
Ce,298.0,11.3
Co,300.0,100.0
Ce,300.0,11.3
Ce,291.0,11.2
Ce,291.0,1.6
Ta,300.0,57.5
Ta,298.0,54.0
Cr2O3,325.0,12.0
Cr2O3,294.0,16.0
Cu6La,10.0,4.6
Mg,300.0,156.0
Mg,1.0,986.0
Mg,2.0,1960.0
Mg,3.0,2900.0
Mg,4.0,3760.0
Mg,5.0,4500.0
Mg,6.0,5080.0
Mg,7.0,5470.0
Mg,8.0,5670.0
Mg,9.0,5700.0
Mg,10.0,5580.0
Mg,15.0,4110.0
Mg,20.0,2720.0
Mg,30.0,1290.0
Mg,40.0,719.0
Mg,50.0,465.0
Mg,60.0,327.0
Mg,70.0,249.0
Mg,80.0,202.0
Mg,90.0,178.0
Mg,100.0,169.0
Mg,150.0,161.0
Mg,200.0,159.0
Mg,250.0,157.0
Mg,300.0,156.0
Mg,350.0,155.0
Mg,400.0,153.0
Mg,500.0,151.0
Mg,600.0,149.0
Mg,800.0,146.0
Cu2O,102.0,3.74
Cu2O,163.0,7.76
Cu2O,299.0,5.58
Cu2O,360.0,4.86
Cu6Pr,12.0,2.9
Y,298.0,17.2
Y,300.0,17.2
Y,291.0,16.0
Y,291.0,2.5
Dy,298.0,10.7
Dy,300.0,10.7
Dy,291.0,10.4
Dy,291.0,3.6
Eu,298.0,13.9
Eu,300.0,13.9
Sn,3.7,1110.0
Sn,3.7,850.0
Sn,4.2,10000.0
Sn,4.2,5000.0
Sn,85.0,90.0
Sn,85.0,60.0
FeGa3,298.0,6.1
FeGa3,298.0,6.9
Fe3O4,4.5,27.4
Fe3O4,20.5,293.0
Fe3O4,126.5,7.4
Fe3O4,304.0,7.0
Fe3O4,298.0,2.8
Fe3O4,298.0,2.3
Fe3O4,298.0,6.0
Ti,300.0,21.9
Ti,1.0,1.44
Ti,2.0,2.88
Ti,3.0,4.32
Ti,4.0,5.75
Ti,5.0,7.19
Ti,6.0,8.63
Ti,7.0,10.1
Ti,8.0,11.5
Ti,9.0,12.9
Ti,10.0,14.3
Ti,15.0,21.2
Ti,20.0,27.5
Ti,30.0,36.5
Ti,40.0,39.0
Ti,50.0,37.4
Ti,60.0,35.5
Ti,70.0,34.0
Ti,80.0,32.6
Ti,90.0,31.5
Ti,100.0,30.5
Ti,150.0,27.0
Ti,200.0,24.5
Ti,250.0,22.9
Ti,300.0,21.9
Ti,350.0,21.0
Ti,400.0,20.4
Ti,500.0,19.7
Ti,600.0,19.4
Ti,800.0,19.7
Ti,1000.0,20.7
Ti,1200.0,22.0
Ti,1400.0,23.6
Ti,1600.0,25.3
Ti,1800.0,27.0
Ti,323.0,21.8
Ti,620.0,18.7
U,300.0,27.6
Se,300.0,4.52
Se,300.0,1.31
Mn,300.0,7.82
Ir,300.0,147.0
Ir,82.7,201.0
Ir,289.2,147.5
Ir,492.2,138.5
Ir,500.0,139.0
Na,300.0,141.0
Na,298.0,145.0
Pu,300.0,6.74
Pu,300.0,6.5
Sr,300.0,35.3
TiH2,323.0,19.7
TiH2,620.0,22.7
In4Se3,298.0,1.09
K,300.0,102.4
K,3.4,218.0
K,8.0,312.0
K,8.0,299.0
K,3.4,218.0
K,8.0,540.0
K,3.4,950.0
K,2.9,10.6
K,2.9,14.0
K,3.74,21.0
K,3.74,13.0
Te,300.0,3.38
Te,300.0,1.97
LaNi,30.0,27.0
Lu,298.0,16.4
Lu,300.0,16.4
Lu,291.0,16.2
Lu,291.0,4.1
MnTe2,298.0,1.6
Ti0.97Nb0.03,1.25,0.2
Pr3Ni,260.0,10.0
Yb,300.0,38.5
Sm,298.0,13.3
Sm,300.0,13.3
Sm,291.0,13.4
Sm,291.0,5.8
Ti0.89V0.11,773.0,25.8
Ti0.89V0.11,973.0,28.4
Ti0.89V0.11,10.0,0.25
Pb,300.0,35.3
Pb,1.0,2790.0
Pb,2.0,4460.0
Pb,3.0,3580.0
Pb,4.0,2220.0
Pb,5.0,1380.0
Pb,6.0,810.0
Pb,7.0,486.0
Pb,8.0,320.0
Pb,9.0,230.0
Pb,10.0,178.0
Pb,15.0,84.5
Pb,20.0,59.1
Pb,30.0,47.7
Pb,40.0,45.1
Pb,50.0,43.6
Pb,60.0,42.5
Pb,70.0,41.6
Pb,80.0,40.9
Pb,90.0,40.3
Pb,100.0,39.7
Pb,150.0,37.9
Pb,200.0,36.7
Pb,250.0,36.0
Pb,300.0,35.3
Pb,350.0,34.7
Pb,400.0,34.0
Pb,500.0,32.8
Pb,600.0,31.4
Pb,7.18,0.411
Pb,2.5,0.543
Pb,5.03,0.272
Pb,1.7,0.18
YAl2,280.0,23.0
YAl2,115.0,15.0
As,8.9,41.0
As,298.0,51.0
As,298.0,50.0
As,298.0,29.0
As,298.0,29.5
As,7.0,649.0
As,7.0,212.0
As,7.0,242.0
As,7.0,519.0
As,17.3,261.0
As,45.2,197.0
As,96.9,88.0
As,8.9,43.0
As,17.3,266.0
As,45.2,214.0
As,96.9,97.0
Be13Zr,922.0,40.0
Be13Zr,1366.0,36.3
Be13Zr,1700.0,33.7
Ca11Sb10,365.0,1.13
Ca11Sb10,1050.0,1.01
Cd,300.0,96.8
CeSi2,300.0,12.7
TaC,300.0,22.2
Cu0.5Ni0.5,1.0,0.09
Cu0.5Ni0.5,2.0,0.2
Zn126Fe13,298.0,3.5
Ga0.67Te,300.0,4.7
LaSi,298.0,6.71
Mg3Sb2,450.0,1.75
Mg3Sb2,298.0,1.7
Mg3Sb2,298.0,2.08
NiO,4.2,5.9
NiO,40.0,400.0
NiO,194.0,82.0
YNi2,300.0,9.2
YNi2,100.0,5.7
ZrN,300.0,21.8
ZrN,1260.0,32.3
Os,300.0,87.6
Os,336.7,0.0866
Os,517.5,85.4
Os,300.0,86.9
Os,500.0,0.0859
UO2,870.0,4.69
UO2,1000.0,4.0
UO2,2150.0,2.15
UO2,2750.0,3.2
UO2,3000.0,4.0
UO2,300.0,8.15
UO2,1673.0,2.3
UO2,295.0,8.4
UO2,1200.0,3.6
PbS,300.0,2.3
PbS,298.0,2.52
PbS,300.0,2.72
Yb11Sb10,315.0,1.32
Yb11Sb10,315.0,1.32
Yb11Sb10,973.0,2.91
SrSi2,298.0,5.25
SrSi2,298.0,6.0
SnTe,300.0,9.1
SnTe,298.0,21.0
SnTe,300.0,2.81
SnTe,500.0,2.03
SnTe,300.0,8.63
Zn2Zr,10.0,23.0
Zn6.67Sb5,300.0,1.28
Zn6.67Sb5,298.0,1.06
Zn6.67Sb5,673.0,0.64
Zn6.67Sb5,298.0,1.59
Zn6.67Sb5,298.0,1.25
Zn6.67Sb5,298.0,1.23
Zn6.67Sb5,298.0,0.86
Zn6.67Sb5,673.0,0.65
Zn6.67Sb5,300.0,1.01
Zn6.67Sb5,300.0,1.5
Zn6.67Sb5,300.0,1.25
Zn6.67Sb5,323.0,1.46
LaAl2,280.0,16.0
LaAl2,25.0,20.0
Cd3As2,310.0,6.0
Cd3As2,310.0,4.75
Cd3As2,115.0,2.28
Cd3As2,90.0,1.76
AuTe2,298.0,2.64
Bi2Se3,300.0,2.4
Bi2Se3,50.0,10.8
CrN,298.0,1.7
W2C,300.0,29.3
ZrH1.8,298.0,16.9
Pm,298.0,15.0
Pm,300.0,15.0
PbSe,298.0,2.8
PbSe,300.0,1.7
PbSe,298.0,2.52
PbSe,298.0,3.4
PbSe,298.0,1.91
PbSe,298.0,5.0
PbSe,305.0,2.0
Pd,300.0,71.8
Pd,313.8,75.4
Pd,501.7,75.8
Tl2Te,298.0,0.36
CeAl,11.8,1.8
CeAl,9.9,1.46
B13C2,,6.0
HfB2,300.0,51.0
HfB2,1300.0,60.0
HfB2,2300.0,143.0
NbB2,300.0,24.0
NbB2,1300.0,23.5
NbB2,2300.0,40.3
TlBr,4.0,165.0
TlBr,316.0,0.59
TaB2,300.0,16.0
TaB2,1300.0,16.1
TaB2,2300.0,36.3
VB2,300.0,42.2
VB2,1300.0,42.0
VB2,2300.0,67.5
Zn0.04Cd0.96,373.0,96.62
Zn0.04Cd0.96,533.0,85.28
HfC,323.0,20.0
NaCl,292.0,6.06
NaCl,4.2,440.0
NaCl,20.0,300.0
NaCl,77.0,30.0
NaCl,273.0,6.4
NaCl,323.0,5.6
NaCl,373.0,5.4
TlCl,4.0,170.0
TlCl,311.0,0.75
NbC,298.0,14.2
NbC,80.0,20.0
Pr3Co,250.0,12.0
Cs,300.0,35.9
UC,298.0,27.5
UC,300.0,23.9
UC,673.0,17.2
UC,973.0,17.6
FeS2,298.0,28.0
FeSe,298.0,7.1
FeSe,67.0,10.6
Ga0.67Se,300.0,5.0
Nb3Ge,18.0,4.1
Nb3Ge,6.0,1.0
GeTe,720.0,3.7
HgTe,300.0,2.0
NbH,350.0,38.0
NbH,302.0,63.0
NbH,300.0,63.0
NbH,360.0,38.0
NbH,60.0,31.0
[H2O],120.0,5.18
[H2O],190.0,3.2
[H2O],260.0,2.3
[H2O],273.0,2.14
[H2O],173.0,3.5
[H2O],223.0,2.8
[H2O],273.0,2.2
[H2O],10.0,70.0
[H2O],65.0,10.0
[H2O],100.0,6.5
[H2O],135.0,4.4
[H2O],135.0,3.25
Nd3In,165.0,15.4
Nd3In,5.09,0.73
Nd3In,5.09,0.355
Rb,300.0,58.2
In0.67Te,300.0,6.9
Th,300.0,54.0
Mg2Sn,300.0,9.2
Mg2Sn,320.0,5.91
MnO,4.2,0.25
MnO,40.0,55.0
MnO,120.0,8.0
MnO,573.0,3.5
Mn11Si19,298.0,3.0
MnSi,298.0,13.0
MnSi,298.0,12.0
Mo4O11,298.0,18.0
MoSi2,922.0,32.7
MoSi2,1478.0,14.4
Nb0.5W0.5,80.0,35.8
Nb0.5W0.5,100.0,37.2
Nb0.5W0.5,150.0,40.8
Nb0.5W0.5,200.0,41.9
Nb0.5W0.5,250.0,43.3
Nb0.5W0.5,300.0,45.4
Nb0.5W0.5,350.0,47.3
Nb0.5W0.5,400.0,48.9
Nb0.5W0.5,500.0,51.5
Nb0.5W0.5,600.0,53.6
Nb0.5W0.5,700.0,55.3
Nb0.5W0.5,800.0,56.9
Nb0.5W0.5,900.0,58.2
Nb0.5W0.5,1300.0,63.0
Nb0.5W0.5,1200.0,61.9
Nb0.5W0.5,1100.0,60.7
Nb0.5W0.5,1000.0,59.6
NiO,525.0,7.3
V2O3,300.0,4.8
V2O3,300.0,4.0
UP,298.0,13.8
UP,573.0,14.65
V3Si,20.0,7.2
V3Si,2.3,0.2
V3Si,6.6,1.0
V3Si,200.0,15.0
WSi2,922.0,32.9
WSi2,1144.0,30.3
WSi2,1478.0,31.2
WSi2,1700.0,31.7
Ta0.5W0.5,1650.0,63.0
Ta0.5W0.5,1650.0,65.0
Ta0.5W0.5,2200.0,65.0
Ta0.5W0.5,2200.0,67.0
Ta0.5W0.5,673.0,54.7
Tl5Te3,298.0,3.5
TlTe,298.0,4.0
Ar,8.0,6.0
Ar,10.0,3.7
Ar,20.0,1.4
Ar,77.0,0.31
Ar,298.0,10.0
Ar,298.0,72.0
Ar,2000.0,6.0
Ar,3.12,2.817
Ar,4.2,4.392
Ar,10.17,4.41
Ar,81.93,0.228
BaF2,225.0,20.0
BaF2,260.0,13.4
BaF2,305.0,10.9
BaF2,370.0,10.5
BaF2,196.0,9.9
BaF2,60.0,33.77
BaF2,100.0,20.09
BaF2,140.0,14.32
BaF2,180.0,11.11
BaF2,220.0,8.98
BaF2,260.0,7.51
BaGe5,298.0,1.77
CaB6,900.0,13.8
SrB6,900.0,12.2
CaF2,83.0,39.0
CaF2,223.0,18.0
CaF2,273.0,10.0
CaF2,323.0,9.2
CaF2,373.0,9.0
CaF2,354.0,9.7
CaF2,60.0,60.23
CaF2,100.0,35.38
CaF2,140.0,24.72
CaF2,180.0,18.9
CaF2,220.0,15.9
CaF2,260.0,12.52
Fe1.11Te,75.0,1.1
Fe1.11Te,200.0,2.2
[I2],300.0,0.45
[I2],325.0,0.42
[I2],350.0,0.4
AgNd,10.0,8.0
BaSi2,873.0,0.67
BaSi2,298.0,1.56
CeB6,60.0,20.0
CeB6,20.0,6.4
Bi0.88Sb0.12,100.0,0.63
Bi0.88Sb0.12,290.0,506.0
Bi0.88Sb0.12,290.0,540.0
NdNi,30.0,11.0
Tl2Te3,315.0,0.32
YbAl3,323.0,22.3
GdB6,100.0,30.0
GdB6,20.0,12.8
FeAs,298.0,3.51
FeAs2,298.0,7.0
MgB2,150.0,28.9
UGa3,298.0,9.2
PtSb2,298.0,20.0
Ru2Ge3,300.0,3.0
AgCl,223.0,1.3
AgCl,273.0,1.2
AgCl,323.0,1.1
AgCl,373.0,1.1
KCl,4.2,500.0
KCl,25.0,140.0
KCl,80.0,35.0
KCl,194.0,10.0
KCl,273.0,7.0
KCl,323.0,6.5
KCl,373.0,6.3
AgPr,5.0,2.0
AgIn5Te8,298.0,1.08
AgInTe2,298.0,2.05
AgInTe2,298.0,2.7
AgInTe2,298.0,6.3
AgInTe2,298.0,6.3
AgInTe2,100.0,2.3
AgInTe2,290.0,2.8
AgInTe2,290.0,2.0
TeO2,300.0,2.8
TeO2,77.0,10.7
TeO2,300.0,1.7
TeO2,77.0,8.7
TeO2,77.0,9.0
TeO2,300.0,2.0
Pr3Sn,275.0,12.0
Cu4CeAl,100.0,0.00123
Cu4CeAl,50.0,2.9
Cu4CeAl,298.0,11.4
Cu4CeAl,50.0,2.7
Cu4CeAl,300.0,15.3
Cu4LaAl,50.0,4.1
Cu4LaAl,298.0,11.6
Cu4LaAl,50.0,5.0
Cu4LaAl,300.0,16.0
Cu4LaAl,4.0,0.7
Mg1.97Al0.03Si,298.0,10.22
Ni0.5Pt0.5,170.0,17.5
Ni0.5Pt0.5,20.0,4.2
NiAs,298.0,17.18
BaLu2F8,298.0,7.0
BaY2F8,298.0,7.0
Tb2.67S4,298.0,0.68
Tb2.67S4,1000.0,0.81
Tb2.67S4,873.0,1.42
Tb2.67S4,280.0,1.32
BN,300.0,20.0
Ge3.66Bi2.34Te7,83.0,0.6
Ge3.66Bi2.34Te7,295.0,0.71
Ge3.66Bi2.34Te7,340.0,0.69
GeBi2Te4,298.0,0.8
GeBi2Te4,298.0,0.61
GeBi4Te7,298.0,0.8
GeBi4Te7,85.0,1.1
GeBi4Te7,295.0,0.75
GeBi4Te7,362.0,0.895
Ge5Bi2Te8,83.0,0.785
Ge5Bi2Te8,298.0,1.0
Ge5Bi2Te8,342.0,0.97
PbBi4Te7,298.0,3.9
SnBi2Te4,320.0,0.75
CsBr,5.4,400.0
CsBr,6.7,270.0
CsBr,223.0,1.2
CsBr,273.0,0.94
CsBr,323.0,0.81
CsBr,373.0,0.77
CeRuSi2,298.0,13.1
CeRuSi2,360.0,15.8
Y0.5Ce0.5Si2,300.0,12.7
Ti2InC,,26.6
SrCl2,263.0,20.1
Nd0.1Co4Sb12,298.0,3.28
LaF3,78.0,7.8
LaF3,197.0,5.0
LaF3,274.0,5.4
CsI,5.0,650.0
CsI,223.0,1.4
CsI,273.0,1.2
CsI,323.0,1.0
CsI,373.0,0.95
Ti3SiC2,298.0,37.0
CuEu2O4,200.0,11.7
Eu2O3,298.0,3.0
HgSe,300.0,1.0
VFe2Si,300.0,13.0
VFe2Si,300.0,11.8
LiF,4.2,620.0
LiF,20.0,1800.0
LiF,77.0,150.0
NaF,5.0,1100.0
NaF,50.0,250.0
NaF,100.0,90.0
Ni1.5Ga0.5Sb0.5,298.0,3.2
Ni1.5Ga0.5Sb0.5,330.0,14.0
Gd2Zr2O7,293.0,2.17
Gd2Zr2O7,1073.0,1.39
Gd2Zr2O7,650.0,1.7
Gd0.5Zr0.5O1.75,293.0,2.34
Gd0.5Zr0.5O1.75,473.0,2.03
Gd0.5Zr0.5O1.75,873.0,1.76
GeTe,298.0,21.0
GeTe,308.0,2.66
GeTe,300.0,2.81
GeTe,500.0,2.23
Pb0.5Ge0.5Te,300.0,0.83
Pb0.5Ge0.5Te,500.0,0.91
RuGe0.5Si0.5,298.0,8.6
GeSb2Te4,298.0,1.95
Ge0.85Sb0.10Te,323.0,2.33
Sn0.75Ge0.25Te,298.0,6.8
TlI,6.5,50.0
Ni0.5Pd0.5,170.0,21.5
Ni0.5Pd0.5,20.0,13.9
Ti5Re24,300.0,7.2
Y0.2Zr0.8O1.9,373.0,2.15
Y0.2Zr0.8O1.9,463.0,2.0
TiSe2,298.0,4.39
TiSe2,300.0,5.52
TiSe2,700.0,4.77
Ag0.5Bi0.5Se,680.0,0.46
AgGaS2,298.0,11.5
AgGaS2,298.0,13.4
AgInSe2,300.0,3.0
AgInSe2,298.0,3.9
AgInSe2,298.0,6.3
Ag2LaSi2,40.0,24.92
Ni3AlC,70.0,3.41
Ni3AlC,298.0,4.12
Ni3AlC,70.0,2.49
Ni3AlC,298.0,0.45
K1.3Al10.9O17,0.13,0.0076
K1.3Al10.9O17,6.9,60.0
K1.3Al10.9O17,125.0,11.0
NaAl11O17,0.13,0.0027
NaAl11O17,9.8,2.8
NaAl11O17,290.0,4.3
Y3Al5O12,298.0,12.9
Y3Al5O12,298.0,8.7
Y3Al5O12,30.0,640.0
Y3Al5O12,100.0,49.0
Y3Al5O12,300.0,9.8
CdO,1023.0,3.6
CdO,323.0,8.4
CoAs,298.0,4.96
Cr2Se3,500.0,1.9
Cr2Se3,870.0,2.2
Cu3AsSe4,300.0,1.9
BaZrO3,300.0,8.6
DyB12,300.0,61.9
DyB12,,60.0
DyB12,300.0,61.0
DyB12,24.0,20.0
ErB12,300.0,71.5
ErB12,,80.0
ErB12,40.0,100.0
ErB12,10.6,30.0
HoB12,300.0,77.2
HoB12,,80.0
HoB12,190.0,80.0
HoB12,9.5,20.0
Bi2S3,323.0,0.876
Bi2S3,323.0,0.64
Bi2S3,573.0,0.5
Bi2S3,323.0,0.67
BiSeI,295.0,2.1
Bi2SeO2,300.0,0.346
Bi2SeO2,470.0,0.458
SnBi4Te7,300.0,3.5
TbB12,300.0,29.5
TbB12,,30.0
TbB12,300.0,30.0
TbB12,19.0,5.0
KBr,2.0,150.0
KBr,4.2,360.0
KBr,100.0,12.0
KBr,273.0,5.0
KBr,323.0,4.8
KBr,373.0,4.8
RuGa2,373.0,4.6
RuGa3,973.0,3.4
RuGa3,373.0,4.3
CeNi4In,300.0,6.08
CePt3Si,0.1,0.0314
CePt3Si,0.1,0.0693
Yb3Co4Ge13,300.0,11.0
Mo3Sb7,250.0,6.4
Mo3Sb7,297.0,5.46
PrCoO3,20.0,12.0
PrCoO3,300.0,3.14
TiCoSb,330.0,24.0
TiCoSb,300.0,18.9
TiCoSb,300.0,16.7
TiCoSb,298.0,24.3
TiCoSb,298.0,16.6
TiCoSb,298.0,9.0
TiCoSb,350.0,13.0
Cr2S3,500.0,2.2
Cr2S3,870.0,2.0
LaCr2Ni3,298.0,9.5
CrSb2,52.0,30.32
CrSb2,298.0,12.0
CuGaS2,298.0,17.6
CuGaS2,298.0,17.9
CuGd2O4,250.0,18.0
CuGd2O4,250.0,9.6
CuGd2O4,250.0,5.83
CuGd2O4,5.0,7.4
CuGd2O4,35.0,25.5
CuGd2O4,150.0,18.3
CuGd2O4,300.0,16.5
CuGd2O4,6.8,5.75
CuGd2O4,50.0,20.0
CuGd2O4,300.0,5.45
CuGd2O4,300.0,6.75
CuInSe2,300.0,3.7
CuInSe2,298.0,8.5
CuInSe2,298.0,8.0
CuInSe2,80.0,39.0
CuInSe2,560.0,1.9
CuInSe2,298.0,9.0
CuInSe2,298.0,9.8
CuInSe2,300.0,8.0
CuInSe2,400.0,5.0
CuInSe2,510.0,3.0
CuInTe2,300.0,4.9
CuInTe2,298.0,5.0
CuInTe2,298.0,10.0
CuInTe2,298.0,9.4
CuInTe2,300.0,5.4
CuInTe2,298.0,3.99
Cu0.5In0.5Te,298.0,2.7
TmIn3,298.0,23.6
CuLa2O4,40.0,4.2
CuLa2O4,40.0,5.2
CuLa2O4,40.0,6.3
CuLa2O4,250.0,2.96
CuLa2O4,4.2,0.43
CuLa2O4,,4.55
CuLa2O4,2.0,4.0
CuLa2O4,8.0,0.8
CuLa2O4,87.0,4.1
CuLa2O4,50.0,4.3
CuLa2O4,4.2,0.4
CuLa2O4,300.0,1.37
CuLa2O4,150.0,1.05
CuLa2O4,5.0,0.05
CuLa2O4,240.0,2.9
CuLa2O4,31.0,1.75
CuLa2O4,3.6,0.073
CuNd2O4,200.0,10.0
CuNd2O4,250.0,8.6
CuNd2O4,4.2,0.1
CuNd2O4,40.0,0.6
CuNd2O4,4.2,1.9
CuNd2O4,40.0,15.5
CuNd2O4,298.0,20.0
CuPr2O4,250.0,4.3
CuPr2O4,250.0,7.49
CuPr2O4,250.0,10.06
CuPr2O4,5.0,35.0
CuPr2O4,18.0,58.0
CuPr2O4,295.0,10.5
CuPr2O4,5.0,20.5
CuPr2O4,18.0,45.0
CuPr2O4,300.0,4.2
KI,4.2,700.0
KI,80.0,13.0
KI,194.0,4.6
KI,273.0,3.1
Eu2Zr2O7,800.0,1.59
Y3Fe5O12,298.0,7.0
Y3Fe5O12,0.23,0.062
Y3Fe5O12,0.9,0.49
Y3Fe5O12,0.23,0.043
Y3Fe5O12,0.9,0.33
Y3Fe5O12,0.067,0.00072
Y3Fe5O12,0.746,0.07
Y3Fe5O12,0.74,0.017
Y3Fe5O12,0.067,0.00028
Y3Fe5O12,0.076,0.00047
Y3Fe5O12,0.74,0.05
Y3Fe5O12,298.0,6.0
Y3Fe5O12,30.0,180.0
Y3Fe5O12,100.0,26.0
Y3Fe5O12,300.0,7.4
PdGa,2.0,2.0
PdGa,293.0,50.0
Gd3S4,298.0,1.27
YIn3,210.0,90.5
Ge0.85Sb0.10Te,298.0,1.09
In0.2Pb0.8Te,300.0,1.0
In0.2Pb0.8Te,300.0,2.2
La3Sn,6.0,21.3
La3Sn,298.0,45.4
LaRhO3,300.0,1.5
La2Zr2O7,650.0,2.35
La2Zr2O7,463.0,2.2
La2Zr2O7,293.0,2.5
La2Zr2O7,473.0,2.18
La2Zr2O7,873.0,2.09
La2Zr2O7,673.0,1.59
TiS2,300.0,3.09
TiS2,250.0,2.71
TiS2,310.0,3.13
TiS2,663.0,2.8
TiS2,300.0,3.45
TiS2,700.0,2.09
LuMnO3,280.0,470.0
LuMnO3,280.0,830.0
NdMnO3,85.0,4.58
NdMnO3,25.0,7.0
NdMnO3,10.0,5.08
NdMnO3,10.0,16.0
NdMnO3,10.0,5.01
NdMnO3,10.0,3.9
NdMnO3,10.0,3.05
Nd2Zr2O7,298.0,1.83
NiSn0.75Sb2.25,200.0,6.96
NiSn1.4Sb1.6,200.0,2.8
RuO2,298.0,13.0
RuO2,1020.0,23.0
Sm2Zr2O7,800.0,1.63
Pb0.77Sb0.15Te,298.0,2.86
Pb0.77Sb0.15Te,323.0,4.075
SnPS3,350.0,0.5
Tl2ZrTe3,373.0,0.39
Tl2ZrTe3,450.0,0.3
AgBr,292.0,0.685
AgBr,130.0,1.5
AgGa5Te8,298.0,0.54
AgGaTe2,300.0,1.0
AgGaTe2,298.0,1.94
AgGaTe2,298.0,3.1
AgGaTe2,298.0,8.8
Ag0.5Sb0.5Te,300.0,8.6
Ag0.5Sb0.5Te,318.0,0.57
Ag0.5Sb0.5Te,318.0,1.02
Ag0.5Sb0.5Te,325.0,0.591
Ag0.5Sb0.5Te,298.0,1.15
Ag0.5Sb0.5Te,298.0,0.82
Ag0.5Sb0.5Te,325.0,0.59
Ag0.5Sb0.5Te,298.0,0.65
Dy3Al5O12,1.0,1.3
Dy3Al5O12,4.0,30.0
Dy3Al5O12,12.0,300.0
Dy3Al5O12,100.0,6.3
Dy3Al5O12,300.0,6.1
Er3Al5O12,20.0,126.0
Er3Al5O12,100.0,20.0
Er3Al5O12,300.0,7.6
VFe2Al,50.0,38.0
VFe2Al,350.0,22.6
VFe2Al,298.0,15.1
VFe2Al,543.0,15.4
VFe2Al,298.0,16.0
VFe2Al,300.0,27.9
VFe2Al,300.0,23.3
Gd3Al5O12,25.0,560.0
Gd3Al5O12,100.0,43.0
Gd3Al5O12,300.0,9.8
GdAlO3,650.0,6.6
Ho3Al5O12,20.0,410.0
Ho3Al5O12,100.0,29.0
Ho3Al5O12,300.0,9.3
Lu3Al5O12,20.0,300.0
Lu3Al5O12,100.0,31.0
Lu3Al5O12,300.0,9.0
Tb3Al5O12,15.0,360.0
Tb3Al5O12,100.0,14.5
Tb3Al5O12,300.0,6.0
Tm3Al5O12,20.0,250.0
Tm3Al5O12,100.0,13.5
Tm3Al5O12,300.0,6.2
Yb3Al5O12,20.0,900.0
Yb3Al5O12,100.0,38.0
Yb3Al5O12,300.0,6.9
InAs0.5P0.5,80.0,34.0
InAs0.5P0.5,700.0,9.0
RhAs3,300.0,10.0
TiAs,298.0,3.93
VAs,298.0,4.38
BaHfO3,298.0,10.4
BaUO3,1000.0,1.2
BaUO3,500.0,0.8
PbBi2Se4,298.0,1.03
PbBi2Se4,298.0,1.9
SmB6,100.0,12.0
SmB6,7.4,18.0
Ca2Fe2O5,1023.0,1.95
Ca2Fe2O5,373.0,2.75
Sr0.5Ca0.5F2,100.0,9.0
Sr0.5Ca0.5F2,298.0,4.0
Cu4.4CeIn1.6,300.0,8.15
Cu2CeSi2,298.0,11.0
Cu2CeSi2,298.0,8.0
Cu2CeSi2,0.08,0.003
Cu2CeSi2,1.4,0.093
Cu2CeSi2,0.07,0.006
Cu2CeSi2,0.42,0.032
Cu2CeSi2,0.42,0.023
TiC0.5N0.5,298.0,25.0
Cs2[CrO4],300.0,0.28
Cs2[CrO4],800.0,0.4
Cs2[CrO4],1040.0,0.45
Cs2[CrO4],1040.0,0.9
Cr0.11Mn0.21Fe0.68,280.0,15.0
Cr0.11Mn0.21Fe0.68,280.0,15.4
PbF2,151.0,27.7
DyIn3,298.0,60.0
DyIn3,10.0,6.0
DyIn3,10.0,4.12
DyIn3,80.0,18.5
DyIn3,25.5,10.0
HoIn3,298.0,41.5
PrIn3,210.0,42.0
Pr3In,270.0,11.0
CuInS2,298.0,12.1
CuInS2,298.0,12.5
CuInS2,298.0,12.5
CuInS2,300.0,12.5
CuInS2,400.0,6.0
CuInS2,490.0,3.5
TbIn3,80.0,18.5
CuSm2O4,200.0,8.82
CuSm2O4,250.0,8.6
SrCuO2,28.0,830.0
SrCuO2,28.0,210.0
CuSbSe2,5.0,2.0
CuSbSe2,24.0,12.4
CuSbSe2,300.0,2.0
Cu14Sb4S13,300.0,0.4
Dy2Ti2O7,25.0,3.3
Dy2Ti2O7,300.0,2.6
Dy2Ti2O7,250.0,5.0
Dy2Ti2O7,100.0,4.0
Gd3Fe5O12,298.0,6.1
SrF2,262.0,10.4
SrF2,60.0,47.52
SrF2,100.0,28.36
SrF2,140.0,20.08
SrF2,180.0,15.47
SrF2,220.0,12.55
SrF2,260.0,10.56
Gd3Ga5O12,298.0,7.4
Gd3Ga5O12,298.0,9.01
Gd3Ga5O12,0.06,0.0012
Gd3Ga5O12,0.1,0.003
Gd3Ga5O12,1.0,7.0
Gd3Ga5O12,10.0,320.0
Gd3Ga5O12,25.0,370.0
Gd3Ga5O12,100.0,35.0
Gd3Ga5O12,300.0,9.0
Ga0.5In0.5Sb,4.0,25.8
Ga0.5In0.5Sb,10.0,44.9
Sm3Ga5O12,298.0,7.2
Mg2NiH4,373.0,0.83
Mg2NiH4,273.0,1.05
Ho2Ti2O7,17.0,3.93
Ho2Ti2O7,300.0,2.6
Ho2Ti2O7,0.5,0.0304
In4Sn3O12,1175.0,1.93
In4Sn3O12,296.0,1.27
Zn0.04In0.96Sb,298.0,14.3
LiNbO3,5.5,40.0
LiNbO3,20.0,150.0
LiNbO3,90.0,20.0
VO2,300.0,5.0
VO2,298.0,4.5
Lu2Ti2O7,15.0,2.24
Lu2Ti2O7,300.0,2.29
Mo4O11,298.0,21.0
U0.5Pu0.5O2,1000.0,3.1
PbTe0.5Se0.5,300.0,0.95
PbSe0.5S0.5,298.0,1.49
LuAl2,280.0,21.5
LuAl2,90.0,10.0
Eu0.54Co4Sb12,298.0,9.74
Eu0.54Co4Sb12,298.0,4.44
MgCr2O4,298.0,2.1
LiCu2O2,48.0,57.0
DyNiGe,4.2,1.5
DyNiGe,290.0,9.0
TbNiGe,4.2,1.4
TbNiGe,290.0,9.5
YNiGe,4.2,4.0
YNiGe,290.0,22.0
Mg2Sn0.7Si0.3,300.0,1.79
Mg2Sn0.7Si0.3,298.0,3.3
Mg2Sn0.7Si0.3,300.0,2.71
Mg2Sn0.7Si0.3,300.0,1.95
Mg2Sn0.7Si0.3,298.0,2.0
AgTlTe,300.0,0.44
IrAs3,300.0,9.0
Ba0.7La0.3F2.3,0.1,0.00042
Ba0.7La0.3F2.3,2.0,0.1
Y0.25Bi0.75O1.5,1.7,0.042
Y0.25Bi0.75O1.5,30.0,0.3
Bi2Te1.5Se1.5,298.0,0.993
Bi2Te2Se,350.0,0.965
Bi2Te2Se,350.0,0.948
Bi2Te1.5Se1.5,298.0,1.53
Bi2Te2Se,298.0,2.15
Bi2Te2Se,298.0,1.66
Bi2Te2Se,298.0,0.89
Bi2Te1.5Se1.5,298.0,1.285
Bi2Te2S,25.0,3.5
Bi2Te2S,298.0,1.55
Fe0.5Co0.5Si,200.0,10.0
Cr0.0215Sb1.9785Te3,180.0,8.1
CuFeO2,298.0,8.82
CuFeS2,298.0,12.2
CuFeS2,298.0,7.184
Pb5[GeO4][Ge2O7],2.5,9.0
Pb5[GeO4][Ge2O7],9.0,25.0
Pb5[GeO4][Ge2O7],85.0,1.5
Mo6PbS8,873.0,3.65
Mo6PbS8,298.0,2.26
Nd0.2Zr0.8O1.9,298.0,1.7
U0.5Pu0.5N,400.0,0.3
Zr[SiO4],600.0,5.381
Zr[SiO4],1000.0,4.204
Pb0.5Sn0.5Te,298.0,1.85
Pb0.5Sn0.5Te,550.0,1.19
Pb0.5Sn0.5Te,300.0,1.34
Pb0.5Sn0.5Te,500.0,1.25
Pb0.5Sn0.5Te,323.0,3.2
Pb0.5Sn0.5Te,723.0,1.5
Pb0.5Sn0.5Te,300.0,2.75
AgAl11O17,0.08,0.00095
AgAl11O17,10.0,0.75
AgAl11O17,145.0,3.2
Mg32Zn31.9Al17.1,300.0,24.0
NbAs,298.0,12.37
TaAs,298.0,2.43
ZrAs,298.0,12.37
DyCoO3,370.0,1.95
DyCoO3,873.0,0.83
DyCoO3,673.0,0.52
FeCo2Ga,270.0,35.0
Co0.71Ge0.06Te,323.0,1.83
Co0.71Ge0.06Te,675.0,1.88
TbCoO3,370.0,1.77
Co0.73Rh0.27Sb3,310.0,5.0
Cs2[MoO4],400.0,0.24
Cs2[MoO4],873.0,0.36
Cs2[MoO4],873.0,0.3
Eu3Fe5O12,298.0,6.2
Fe2NiGa,298.0,10.9
Fe2NiGa,332.0,12.3
Ga0.7Ge0.6Sb0.7,90.0,40.0
Ga0.7Ge0.6Sb0.7,200.0,28.0
Ga0.7Ge0.6Sb0.7,300.0,0.22
La4.67[SiO4]3O,298.0,1.3
Li2TiO3,298.0,2.2
Nd4.67[SiO4]3O,298.0,1.2
Sr2RuO4,298.0,3.88
Sr2RuO4,298.0,4.0
Y2Ti2O7,21.0,4.22
Y2Ti2O7,300.0,2.44
Y2Ti2O7,298.0,2.7
Y2Ti2O7,250.0,5.0
ZnSiP2,298.0,26.8
Ag0.5Bi0.5S,300.0,0.42
AgBi3S5,300.0,1.57
Ag0.5Sb0.5Se,300.0,1.05
Ag0.5Sb0.5Se,298.0,0.81
Ag0.5Sb0.5Se,298.0,0.6
KMnF3,22.0,19.0
KMnF3,12.0,31.0
KMnF3,5.0,11.4
SrVO3,298.0,12.8
Tm[VO4],16.0,95.0
Tm[VO4],22.0,80.0
Ag5Te2Cl,343.1,0.231
Ag0.02Pb0.98Te,323.0,1.93
Ag0.02Pb0.98Te,298.0,1.8
Ag0.02Pb0.98Te,,0.5
BaSnO3,298.0,9.68
PbSb2Se4,298.0,1000.0
TlBiTe2,125.0,1.9
TlBiTe2,297.0,2.2
TlBiTe2,415.0,3.8
Cu0.28Ga0.57Te,320.0,1.71
Cu0.28Ga0.57Te,940.0,0.67
Gd2Ti2O7,20.0,1.79
Gd2Ti2O7,300.0,2.61
In0.25Ge0.75Te,473.0,1.89
In0.25Ge0.75Te,373.0,1.5
In0.25Ge0.75Te,573.0,2.5
K0.9Mo6O17,298.0,12.0
K0.9Mo6O17,50.0,13.0
K3Mo10O30,0.55,1.0
K3Mo10O30,0.11,0.01
K3Mo10O30,300.0,5.68
K3Mo10O30,200.0,6.4
K3Mo10O30,155.0,5.6
K3Mo10O30,100.0,7.2
K3Mo10O30,40.0,50.0
Tb2Ti2O7,2.0,0.008
Tb2Ti2O7,300.0,2.88
Ba6Al3Ge22,500.0,2.5
Ba6Al3Ge22,373.0,1.73
SrAl2Si2,370.0,5.92
ZnSiAs2,298.0,15.8
ZnSnAs2,300.0,15.0
ZnSnAs2,298.0,7.8
LuB12,300.0,75.0
LuB12,,75.0
LuB12,300.0,73.0
LuB12,30.0,500.0
LuB12,7.0,230.0
Ca[WO4],422.0,11.3
Y0.5Ce0.5O1.75,373.0,4.1
Fe0.2Co0.8Sb3,500.0,3.1
Fe0.2Co0.8Sb3,541.0,2.11
Fe0.2Co0.8Sb3,500.0,4.2
Fe0.2Co0.8Sb3,298.0,4.6
Fe0.2Co0.8Sb3,298.0,6.15
Fe0.2Co0.8Sb3,423.0,4.11
Fe0.2Co0.8Sb3,300.0,3.5
CuGaTe2,300.0,2.7
CuGaTe2,45.0,40.0
CuGaTe2,298.0,6.4
CuGaTe2,298.0,12.0
CuGaTe2,298.0,12.8
CuGaTe2,298.0,3.64
CuGaTe2,950.0,0.89
CuGaTe2,298.0,6.7
CuLa2O4,1.0,0.09
CuLa2O4,1.0,0.004
CuLa2O4,7.5,2.0
CuLa2O4,7.1,0.103
CuLa2O4,5.6,1.1
CuLa2O4,30.0,8.1
CuLa2O4,100.0,5.4
CuLa2O4,300.0,9.0
CuLa2O4,6.2,1.3
CuLa2O4,32.0,6.2
CuLa2O4,300.0,3.6
CuLa2O4,313.0,7.3
Er2Ti2O7,15.0,2.92
Er2Ti2O7,300.0,2.85
Er2Ti2O7,298.0,2.6
Li0.5Ni0.5O,298.0,17.0
Li0.5Ni0.5O,298.0,8.0
Li0.5Ni0.5O,298.0,8.0
Li0.5Ni0.5O,525.0,2.5
SrTiO3,5.0,2.4
SrTiO3,30.0,21.0
SrTiO3,40.0,19.2
SrTiO3,100.0,18.5
SrTiO3,250.0,12.5
SrTiO3,300.0,11.2
SrTiO3,200.0,13.0
SrTiO3,1073.0,3.87
SrTiO3,1073.0,4.65
Sr[WO4],303.15,3.1326
Sr[WO4],303.15,2.9477
Sr[WO4],540.0,2.603
Sr[WO4],540.0,2.47
Mg0.5Al0.5B2,10.0,27.0
Mg0.5Al0.5B2,10.0,14.0
MnAl0.75Si1.25,373.0,3.5
MnAl0.75Si1.25,573.0,4.3
Ba4Cu3Ge20,298.0,1.3
Ce0.1Co4Sb12,600.0,3.13
Ce0.1Co4Sb12,298.0,3.97
CeCrNi4,298.0,8.0
Ce2PdIn8,0.1,0.0325
Ce2PdIn8,0.1,0.085
Ce2Pd3Si5,150.0,4.0
Ce3Te4,298.0,1.9
Ce3Te4,298.0,1.1
V0.5Cr0.5N,298.0,2.2
Gd4.67[SiO4]3O,298.0,1.1
InSb0.33Te0.67,298.0,21.0
Sr4IrO6,303.0,1.65
SrIrO3,295.0,0.98
YbMnO3,280.0,380.0
YbMnO3,280.0,680.0
Nd3Te4,298.0,3.8
Nd3Te4,298.0,1.3
Tl4.5Nd0.5Te3,500.0,0.71
Sm4.67[SiO4]3O,298.0,1.18
Sm0.1Pb0.9Te,300.0,13.0
Si33P13Te6.88,298.0,3.2
Ag2YSi2,40.0,11.7
Cr18Fe15Al120,298.0,5.0
Cr18Fe15Al120,3.0,0.3
Cr18Fe15Al120,298.0,5.0
Cr18Fe15Al120,2.0,0.12
Cr18Fe15Al120,298.0,5.0
Cr18Fe15Al120,2.0,0.2
Y3Ga5O12,298.0,8.6
Y3Ga5O12,30.0,160.0
Y3Ga5O12,100.0,25.0
Y3Ga5O12,300.0,9.0
Ni0.04Pb0.92Te,298.0,2.0
Tl4SnTe3,298.0,0.6
Tl4SnTe3,323.0,0.52
Tl4SnTe3,473.0,0.46
Tl4SnTe3,320.0,0.5
Np,300.0,6.3
Np,300.0,7.7
TmB12,300.0,68.92
TmB12,,70.0
TmB12,300.0,70.0
TmB12,6.5,10.0
B,300.0,60.0
B,1300.0,61.0
B,300.0,200.0
Be12Nb,922.0,30.6
Be12Nb,1366.0,31.5
Be12Nb,1700.0,32.2
Be17Nb2,922.0,31.3
Be17Nb2,1366.0,32.7
Be17Nb2,1700.0,33.7
Be12Ta,922.0,28.9
Be12Ta,1366.0,33.7
Be12Ta,1700.0,38.6
Be17Ta2,922.0,29.2
Be17Ta2,1366.0,33.7
Be17Ta2,1700.0,38.6
Tc,300.0,50.6
Tc,600.0,54.0
Tc,600.0,11.5
Tc,298.0,50.0
Tc,773.0,52.0
HfH1.7,300.0,18.0
HfH2,300.0,36.5
HfH2,300.0,22.0
IrSb3,300.0,16.0
IrSb3,308.0,15.6
La3Te4,298.0,3.1
La3Te4,298.0,1.1
PuN,410.0,4.0
NbSe3,300.0,24.0
NbSe3,200.0,18.0
V3O5,300.0,3.5
V3O5,300.0,3.4
PtP2,298.0,26.0
Pr3Ru,240.0,10.0
Pr2.67Te4,298.0,1.9
RhSb3,305.0,9.6
RhSb3,305.0,9.2
RhSb3,313.0,8.43
RhSb3,533.0,8.8
Pr3Ga,270.0,9.5
[H2],2.5,100.0
[H2],3.0,150.0
[H2],4.0,200.0
[H2],6.0,30.0
[H2],10.0,3.0
[H2],11.02,0.57
[H2],11.6,0.46
[D2],15.4,0.48
[D2],13.3,0.69
[H2],2.0,3.5
[H2],4.0,28.0
Co2Ge3Te3,298.0,2.3
NbCo2Sn,227.0,5.87
NbCo2Sn,227.0,6.89
Co0.7Ni0.3Sb3,298.0,3.4
Co0.7Ni0.3Sb3,303.0,10.8
Co0.7Ni0.3Sb3,773.0,7.1
Y3Co0.6Ni0.4,80.0,3.93
CoSbS,298.0,1.5
CoSb2.99Te0.01,300.0,8.2
CoSb2.99Te0.01,323.0,2.96
CoSb2.99Te0.01,298.0,4.5
CoSb2.99Te0.01,298.0,9.0
CoSb2.99Te0.01,76.0,14.6
CuGaSe2,300.0,4.2
CuGaSe2,298.0,10.9
CuGaSe2,298.0,12.9
Cu2GeSe3,298.0,1.9
Cu4.86La3Te7,350.0,0.7
Cu0.9Mo3S4,298.0,1.5
Cu3SbSe4,300.0,1.46
EuSe,300.0,0.24
LaFe11Si2,300.0,3.4
AgInS2,298.0,6.6
AgInS2,298.0,8.6
RuAs,298.0,1.88
Zr2Al3C4,298.0,15.5
AgAlS2,298.0,12.6
AgAlS2,298.0,13.8
Nd0.09Pb0.86Se,298.0,6.78
ZnSnP2,298.0,12.4
Pr0.09Pb0.86Se,298.0,2.74
Tl4PbTe3,323.0,1.2
Tl4PbTe3,673.0,0.49
PtSn1.2Sb1.8,298.0,1.43
Zn0.5Sn0.5Sb,300.0,7.6
ZnSnSb2,298.0,3.1
Cd0.8Co0.2S,0.35,0.31
Cd0.8Co0.2S,1.0,3.2
Cd0.8Co0.2S,4.0,110.0
Cd0.8Co0.2S,0.35,0.2
Cd0.8Co0.2S,0.35,0.61
Cd0.8Co0.2S,1.0,2.3
Cd0.8Co0.2S,1.0,3.1
Cd0.8Co0.2S,4.0,110.0
CdGeP2,300.0,11.0
CdGeP2,298.0,12.1
CdSnP2,300.0,14.0
Zn0.75Cd2.25P2,298.0,2.4
Zn0.75Cd2.25P2,298.0,2.3
Cd0.5Pb0.5Se,298.0,3.6
CeGeSi,300.0,13.3
Ce5Ni2Si3,298.0,3.65
CeNiSn,4.0,38.0
CeNiSn,67.0,317.0
Fe0.15Ru0.85Al2,300.0,13.73
Fe0.15Ru0.85Al2,973.0,7.5
ScFe4Al8,175.0,5.63
ScFe4Al8,175.0,4.67
YFe4Al8,100.0,9.83
YFe4Al8,100.0,8.16
YMn4Al8,200.0,3.2
CdGeAs2,300.0,4.8
CdGeAs2,298.0,6.6
Cu3AsS4,300.0,3.02
ZnGeAs2,300.0,11.0
ZnGeAs2,298.0,10.0
RuIn3,298.0,5.85
RuIn3,973.0,3.4
RuIn3,373.0,3.0
Zn0.5Sn0.5As,300.0,7.6
BN,298.0,65.0
BN,298.0,2.1
Bi2Se1.5S1.5,323.0,0.62
Bi2Se1.5S1.5,573.0,0.44
Bi1.74Sb0.26Se3,8.0,25.56
Tl4.5Bi0.5Te3,298.0,0.4
InBiSe3,50.0,3.2
InBiSe3,50.0,1.82
ErN,30.0,8.8
ZnGeP2,300.0,18.0
ZnGeP2,298.0,16.5
Tl2GeTe3,323.0,0.31
Tl2GeTe3,473.0,0.26
BN,1047.0,36.2
BN,1475.0,22.7
BN,1928.0,21.9
BN,2111.0,18.5
HoN,30.0,4.0
HoN,30.0,3.8
Zn1.5Cd1.5P2,298.0,2.1
URu2Si2,1.0,0.395
URu2Si2,1.0,0.4015
URu2Si2,1.0,0.407
URu2Si2,3.5,1.0
URu2Si2,1.0,0.1
TiSeS,300.0,2.6
TiSeS,700.0,1.46
SnPS3,200.0,0.7
SnPS3,270.0,0.55
Hf0.84Nb0.16V2,16.8,0.89
Hf0.84Nb0.16V2,10.0,0.51
Hf0.84Nb0.16V2,1.9,0.025
In2TeSe2,298.0,0.24
Cu0.75Sn0.25S,300.0,2.8
Ca3Co2O6,300.0,2.91
Mg0.33Nb0.67PbO3,0.15,0.0011
Mg0.33Nb0.67PbO3,4.0,0.15
Mg0.33Nb0.67PbO3,20.0,0.12
Mg0.33Nb0.67PbO3,90.0,7.0
Ba2Cu3YO7,90.0,2.79
Ba2Cu3YO7,50.0,3.4
Ba2Cu3YO7,298.0,5.44
Ba2Cu3YO7,92.0,14.0
Ba2Cu3YO7,40.0,26.0
Ba2Cu3YO7,40.0,23.0
Ba2Cu3YO7,298.0,3.0
Ba2Cu3YO7,298.0,2.5
Ba2Cu3YO7,50.0,3.5
Ba2Cu3YO7,92.0,5.3
Ba2Cu3YO7,92.0,7.8
Ba2Cu3YO7,92.0,10.5
Ba2Cu3YO7,40.0,6.0
Ba2Cu3YO7,40.0,14.0
Ba2Cu3YO7,40.0,17.5
Ba2Cu3YO7,92.0,1.7
Ba2Cu3YO7,92.0,1.95
Ba2Cu3YO7,50.0,2.1
Ba2Cu3YO7,40.0,2.3
Ba2Cu3YO7,22.0,7.3
Ba2Cu3YO7,22.0,1.8
Ba2Cu3YO7,250.0,6.6
Ba2Cu3YO7,255.0,3.3
Ba2Cu3YO7,283.0,8.6
Ba2Cu3YO7,10.0,8.6
Ba2Cu3YO7,80.0,1.12
Ba2Cu3YO7,300.0,0.93
Ba2Cu3YO7,50.0,12.0
Ba2Cu3YO7,4.2,0.055
Ba2Cu3YO7,40.0,0.315
Ba2Cu3YO7,4.2,1.7
Ba2Cu3YO7,40.0,6.2
Ba2Cu3YO7,2.0,0.08
Ba2Cu3YO7,30.0,4.0
Ba2Cu3YO7,200.0,7.0
Ba2Cu3YO7,0.1,0.0006
Ba2Cu3YO7,100.0,5.0
Ba2Cu3YO7,1.0,0.02
Ba2Cu3YO7,1.0,0.02
Ba2Cu3YO7,0.5,0.008
Ba2Cu3YO7,0.5,0.008
Ba2Cu3YO7,50.0,13.3
Ba2Cu3YO7,200.0,8.9
Ba2Cu3YO7,40.0,19.9
Ba2Cu3YO7,90.0,8.8
Ba2Cu3YO7,40.0,24.9
Ba2Cu3YO7,90.0,11.2
Ba2Cu3YO7,130.0,5.4
Ba2Cu3YO7,130.0,5.4
Ba2Cu3YO7,0.2,0.017
Ba2Cu3YO7,0.2,0.017
Ba2Cu3YO7,,0.52
Ba2Cu3YO7,200.0,3.5
Ba2Cu3YO7,1.0,0.004
Ba2Cu3YO7,,0.3
Ba2Cu3YO7,55.0,0.5
Ba2Cu3YO7,,0.52
Ba2Cu3YO7,3.0,0.005
Ba2Cu3YO7,77.0,6.76
Ba2Cu3YO7,100.0,5.97
Ba2Cu3YO7,100.0,6.12
Ba2Cu3YO7,305.0,5.27
Ba2Cu3YO7,305.0,5.38
Ba2Cu3YO7,77.0,4.1
Ba2Cu3YO7,270.0,5.5
CuAlS2,298.0,23.1
CuAlS2,298.0,19.6
Sr0.16CuLa1.84O4,100.0,5.33
Sr0.16CuLa1.84O4,4.2,0.3
Sr0.16CuLa1.84O4,32.4,2.52
Sr0.16CuLa1.84O4,90.0,3.14
Sr0.16CuLa1.84O4,40.0,2.68
Sr0.16CuLa1.84O4,40.0,2.4
Sr0.16CuLa1.84O4,4.0,0.464
Sr0.16CuLa1.84O4,2.0,0.24
Sr0.16CuLa1.84O4,4.0,0.447
Sr0.16CuLa1.84O4,2.0,0.235
Sr0.16CuLa1.84O4,1.0,0.06
Sr0.16CuLa1.84O4,1.0,0.038
Ba2Cu3TmO7,130.0,6.4
LaAlO3,800.0,2.16
ZnCr2O4,298.0,8.0
BaTiO3,5.0,4.2
BaTiO3,30.0,24.0
BaTiO3,40.0,25.0
BaTiO3,100.0,12.0
BaTiO3,250.0,4.8
BaTiO3,300.0,6.2
BaTiO3,373.0,2.8
Cs[NO3],413.0,0.227
Ba2Cu3YO6,280.0,9.5
Ba2Cu3YO6,10.0,6.3
Ba2Cu3YO6,200.0,10.0
Ba2Cu3YO6,0.2,0.0002
Ba2Cu3YO6,100.0,9.0
Ba2Cu3YO6,0.1,9e-05
Ba2Cu3YO6,40.0,28.5
Ba2Cu3YO6,45.0,24.0
Ba2Cu3YO6,170.0,10.9
Ba2Cu3YO6,170.0,11.7
Ba2Cu3YO6,40.0,21.0
Ba2Cu3YO6,45.0,18.0
Ba2Cu3YO6,170.0,13.05
Ba2Cu3YO6,170.0,13.5
Ba2Cu3YO6,1150.0,0.5
Ba2Cu3YO6,400.0,0.2
Ba2Cu3GdO7,298.0,3.62
Ba2Cu3GdO7,2.2,0.069
Ba2Cu3GdO7,6.0,581.0
Ba2Cu3GdO7,4.41,0.3085
Ba2Cu3GdO7,4.41,0.3142
Ba2Cu3GdO7,,0.53
Ba2Cu3DyO7,,0.83
Ce[PO4],303.0,2.51
Ba2Cu4YO8,300.0,6.25
Ba2Cu4YO8,100.0,8.8
Ba2Cu4YO8,100.0,10.0
Ba2Cu4YO8,298.0,7.4
Ba2Cu4YO8,30.0,5.6
Ba2Cu4YO8,100.0,10.0
Ba2Cu4YO8,300.0,7.6
Sr0.4Ca0.6CuO2,18.0,320.0
Sr0.4Ca0.6CuO2,18.0,50.0
Zn5In2O8,500.0,4.5
Zn5In2O8,1060.0,5.1
Zn5In2O8,750.0,5.05
Zn7In2O10,500.0,3.9
La2Sn2O7,300.0,5.6
La2Sn2O7,1273.0,1.9
La2Sn2O7,320.0,6.5
La2Sn2O7,1273.0,1.5
La2Sn2O7,298.0,5.7
Ba5Cu8Y3O18,300.0,0.7
BaRuO3,298.0,3.58
SrRuO3,298.0,4.48
SrRuO3,298.0,4.5
SrRuO3,300.0,4.46
Sr2LaMn2O7,5.0,0.07
Sr2LaMn2O7,86.0,2.16
Sr2LaMn2O7,180.0,1.8
Sr2LaMn2O7,236.0,2.13
Sr2LaMn2O7,293.0,2.72
Sr2LaMn2O7,347.0,3.37
Ba2Cu3EuO7,50.0,6.6
Ba2Cu3EuO7,298.0,5.2
Ba2Cu3EuO7,300.0,5.1
CaRuO3,298.0,3.48
CaRuO3,298.0,3.5
CaRuO3,300.0,3.39
Ca[CO3],83.0,25.0
Ca[CO3],273.0,5.5
Ca[CO3],83.0,17.0
Ca[CO3],194.0,6.5
Ca[CO3],273.0,4.6
Ca[CO3],373.0,3.6
Ba2YZrO6,90.0,0.19
Ba2YZrO6,190.0,0.33
Ba2YZrO6,300.0,0.4
Cs[NO3],433.0,0.228
Ca2MnO4,298.0,0.82
Cs2Mo4O13,900.0,0.48
Cu0.67Sn0.33Se,300.0,3.5
ZnAl2O4,298.0,6.0
CuAlTe2,298.0,28.2
CuAlTe2,298.0,13.7
[NH4]Cl,77.0,17.0
[NH4]Cl,194.0,23.0
[NH4]Cl,230.0,38.0
[NH4]Cl,273.0,27.0
SrLaCoO4,298.0,3.55
SrLaCoO4,300.0,2.83
CuAlSe2,298.0,13.7
CuAlSe2,298.0,15.6
CuAlSe2,303.0,6.75
YMnO3,280.0,430.0
YMnO3,280.0,810.0
YMnO3,298.0,4.31
YMnO3,50.0,6.18
YMnO3,298.0,8.52
YMnO3,50.0,17.56
YMnO3,110.0,11.0
YMnO3,7.0,13.5
YMnO3,20.0,41.0
YMnO3,305.0,8.5
Mg2[SiO4],298.0,4.32
KLi[SO4],100.0,0.83
KLi[SO4],100.0,0.7
CeRu4Sb12,298.0,5.13
YbRh2Si2,10.0,2.9
YbRh2Si2,200.0,15.6
SmNiC2,298.0,7.9
MnCo2Ge,298.0,20.0
Nb3CrS6,298.0,21.0
CuTlSe2,298.0,3.0
AgAlSe2,298.0,7.6
AgAlSe2,298.0,11.3
AgAlTe2,298.0,4.5
AgAlTe2,298.0,9.8
CdSnAs2,300.0,4.0
CdSnAs2,298.0,5.1
CdSiP2,298.0,18.0
CuUAs2,131.0,6.98
CuUAs2,100.0,0.6
CuUAs2,100.0,5.42
CuUP2,75.0,11.0
CuUP2,40.0,1.2
CuUP2,40.0,6.35
SrIrO3,298.0,7.0
Sr2IrO4,10.0,0.32
Sr2IrO4,92.0,2.55
Sr2IrO4,185.0,2.4
Sr2IrO4,293.0,1.47
Ba2CaCu2Tl2O8,298.0,1.5
EuTiO3,330.0,2.5
H2[NH4][PO4],315.0,0.71
H2[NH4][PO4],339.0,0.71
H2[NH4][PO4],313.0,1.26
H2[NH4][PO4],342.0,1.34
H2[NH4][PO4],293.0,0.967
YNi2B2C,,27.0
YNi2B2C,30.0,24.0
Na0.5Ti0.05Co0.95O2,723.0,2.6
Na0.5Ti0.05Co0.95O2,298.0,2.92
CuCe0.2Nd1.8O4,50.0,17.0
CuCe0.2Nd1.8O4,1.3,0.09
CuCe0.2Nd1.8O4,300.0,12.0
CuCe0.2Nd1.8O4,298.0,13.5
CuCe0.2Nd1.8O4,298.0,15.5
CuCe0.2Nd1.8O4,295.0,8.4
CuCe0.2Nd1.8O4,27.0,23.3
CuCe0.2Nd1.8O4,5.0,3.0
Ba2Cu3EuO6.1,,0.85
K0.5Ba0.5BiO3,100.0,1.5
K0.5Ba0.5BiO3,250.0,1.9
K0.5Ba0.5BiO3,15.2,0.382
K0.5Ba0.5BiO3,2.6,0.036
K0.5Ba0.5BiO3,23.9,0.64
K0.5Ba0.5BiO3,300.0,5.5
K0.5Ba0.5BiO3,17.0,0.12
K0.5Ba0.5BiO3,17.0,0.1
Nd3Ga5O12,298.0,7.1
Mn[CO3],100.0,30.0
BiSbTe1.5Se1.5,415.0,3.57
BiSbTe1.5Se1.5,298.0,1.96
BiSbTe1.5Se1.5,473.0,1.5
BiSbTe1.5Se1.5,303.0,0.79
Rb2CuCl4[H2O]2,1.0,10.0
Rb2CuCl4[H2O]2,1.0,11.0
Rb2CuCl4[H2O]2,0.5,1.5
Rb2CuCl4[H2O]2,0.5,1.5
Er2Sn2O7,300.0,3.6
Er2Sn2O7,1273.0,1.9
Er2Sn2O7,320.0,6.5
Er2Sn2O7,1273.0,1.7
Er2Sn2O7,298.0,3.525
Ag0.16Ge0.67Sb0.17Te,298.0,1.6
Ag0.16Ge0.67Sb0.17Te,310.0,1.4
Ag0.16Ge0.67Sb0.17Te,300.0,2.1
Ag0.16Ge0.67Sb0.17Te,298.0,0.68
V2MnO4,52.0,2.5
V2MnO4,298.0,4.2
Ag0.23Ge0.54Sb0.23Te,514.0,1.67
Ag0.23Ge0.54Sb0.23Te,500.0,1.22
Ag0.23Ge0.54Sb0.23Te,710.0,1.12
CuLa1.5Nd0.5O4,50.0,1.6
CuLa1.5Nd0.5O4,4.2,0.3
CuLa1.5Nd0.5O4,70.0,1.7
CuLa1.5Nd0.5O4,97.0,1.9
CuLa1.5Nd0.5O4,75.0,1.7
NdNiO3,200.0,1.59
YCoO3,70.0,4.3
YCoO3,298.0,2.5
YCoO3,340.0,5.39
YCoO3,660.0,2.04
SrGdCoO4,298.0,2.28
SrEuCoO4,298.0,2.59
SrNdCoO4,298.0,3.11
SrNdCoO4,300.0,2.15
[NH4]2BeF4,300.0,0.445
Dy3Ga5O12,3.0,3.9
Dy3Ga5O12,100.0,2.5
Dy3Ga5O12,300.0,3.1
Dy3Ga5O12,5.0,10.4
Ba2Cu3ErO7,,0.54
Sr0.3La0.7CoO3,298.0,2.75
Ca0.5Nd0.5MnO3,293.0,2.58
Ca0.5Nd0.5MnO3,673.0,2.42
Ca0.5Nd0.5MnO3,973.0,2.385
CuInSeS,300.0,4.5
CuInSeS,400.0,2.5
CuInSeS,500.0,2.0
NdGaO3,50.0,47.8
NdGaO3,190.0,9.6
Sr0.6CuLa1.4O4,50.0,0.15
Sr0.6CuLa1.4O4,300.0,4.8
La0.5MnPb0.5O3,210.0,3.67
La0.5MnPb0.5O3,210.0,4.17
La2.4Nd0.1Lu2.5Ga3O12,298.0,5.1
MgLaAl11O19,1273.0,2.55
MgLaAl11O19,298.0,1.15
Ir0.5Rh0.5Sb3,300.0,9.1
HoNi2B2C,3.6,2.3
HoNi2B2C,4.6,3.0
HoNi2B2C,6.6,3.6
Sr0.5Eu0.5S,20.0,10.0
Sr0.5Eu0.5S,1.65,3.2
Sr0.5Eu0.5S,1.65,2.0
CaLa2S4,1200.0,2.0
CaLa2S4,1200.0,2.4
CdCr2O4,298.0,4.1
Ba0.2CuLa1.8O4,300.0,2.88
Ba0.2CuLa1.8O4,227.0,2.53
Ba2Cu2YCoO7.25,298.0,1.25
Ba2Cu2YCoO7.25,40.0,1.5
Hf0.5Zr0.5V2,16.7,0.82
Hf0.5Zr0.5V2,10.0,0.46
Hf0.5Zr0.5V2,2.4,0.02
Ba2Ca2Cu3Tl2O10,100.0,2.145
Ba2Ca2Cu3Tl2O10,80.0,3.28
Ba2Ca2Cu3Tl2O10,80.0,4.4
Ba2Ca2Cu3Tl2O10,298.0,6.3
Ba2Ca2Cu3Tl2O10,,0.58
Ba2Ca2Cu3Tl2O10,10.0,0.13
Ca0.5La0.5MnO3,250.0,1.48
Ca0.5La0.5MnO3,70.0,0.6
Ca0.5La0.5MnO3,200.0,2.25
Ca0.5La0.5MnO3,200.0,3.3
Ca0.5La0.5MnO3,240.0,19.8
Ca0.5La0.5MnO3,337.0,2.35
Ca0.5La0.5MnO3,298.0,2.23
Ca0.5La0.5MnO3,337.0,2.37
Ca0.5La0.5MnO3,298.0,2.11
Ca0.5La0.5MnO3,210.0,1.67
Ca0.5La0.5MnO3,210.0,2.67
Ca0.5La0.5MnO3,300.0,2.25
Ca0.5La0.5MnO3,16.0,0.28
Ca0.5La0.5MnO3,110.0,1.1
Ca0.5La0.5MnO3,162.0,0.975
Ca0.5La0.5MnO3,352.0,1.7
Ca0.5La0.5MnO3,11.0,3.49
Ca0.5La0.5MnO3,32.0,4.16
Ca0.5La0.5MnO3,240.0,1.61
Ca0.5La0.5MnO3,302.0,1.9
Ca0.5La0.5MnO3,302.0,1.97
Ca0.5La0.5MnO3,240.0,2.31
Ca0.5La0.5MnO3,34.0,4.14
Ca0.5La0.5MnO3,20.0,3.45
Sr0.5La0.5CoO3,200.0,4.5
Sr0.5La0.5CoO3,298.0,0.89
Sr0.5La0.5CoO3,298.0,1.29
Sr0.5La0.5CoO3,298.0,2.12
Sr0.5La0.5CoO3,295.0,5.88
ZrPbO3,,1.0
ScAs,298.0,8.02
Kr,4.2,0.48
Kr,10.0,1.7
Kr,20.0,1.2
Kr,77.0,0.36
H2Cs[PO4],165.0,1.75
H2Cs[PO4],293.0,2.2
H2Cs[PO4],280.0,1.7
H2Cs[PO4],290.0,2.0
H2Cs[PO4],163.0,1.02
H2Cs[PO4],162.0,1.55
KTaO3,10.0,2.0
U0.5Dy0.5O2,300.0,5.7
U0.5Dy0.5O2,1473.0,2.2
Sr0.4La0.6MnO3,250.0,1.45
Sr0.4La0.6MnO3,250.0,1.6
TmMnO3,280.0,380.0
TmMnO3,280.0,500.0
ErMnO3,280.0,470.0
ErMnO3,280.0,610.0
HoMnO3,280.0,360.0
HoMnO3,280.0,480.0
HoMnO3,298.0,3.77
HoMnO3,50.0,2.99
HoMnO3,298.0,4.17
HoMnO3,50.0,3.37
HoMnO3,110.0,5.0
HoMnO3,305.0,4.15
HoMnO3,40.0,3.0
HoMnO3,30.0,3.5
[C60],300.0,0.16
[C60],300.0,0.35
CePd3B,150.0,5.0
CePd3B,15.0,0.8
CePd3B,4.0,0.2
H2[NH4][PO4],99.0,1.89
NdCo0.5Ni0.5O3,480.0,1.944
Ca0.3La0.7CoO3,298.0,2.91
Cu3CeGa2,300.0,8.25
CeNi4Ga,297.0,4.7
Rb3Mo10O30,298.0,5.0
Cu0.67Ge0.33S,300.0,1.2
Sr0.5Ca0.5RuO3,300.0,2.58
H2Cs[PO4],10.0,95.0
H2Cs[PO4],4.7,4.6
H2Cs[PO4],5.6,77.0
H2Cs[PO4],11.0,10.0
H2Cs[PO4],7.0,95.0
H2Cs[PO4],148.0,1.8
H2Cs[PO4],145.0,0.98
H2Cs[PO4],135.0,1.43
Cu6La0.72Ce0.28,50.0,9.0
Cu6La0.72Ce0.28,280.0,18.5
Ba2Cu3Y0.5Pr0.5O7,298.0,4.5
KMnF3,180.0,6.5
KMnF3,110.0,5.5
NbSe3,20.0,1.0
NbSe3,150.0,20.0
NbSe3,150.0,30.0
[CO],68.0,0.23
[CO],93.0,0.238
CrN,150.0,3.3
Na0.5Si17,298.0,5.5
Au2LaSi2,40.0,6.7
VCo2Sn,150.0,4.89
HoNiGe,4.2,1.1
HoNiGe,290.0,12.0
GdNiGe,4.2,1.4
GdNiGe,290.0,10.0
ErNiGe,4.2,1.4
ErNiGe,290.0,8.0
Yb3Co4Sn13,300.0,13.0
ZrCoSb,298.0,21.5
ZrCoSb,340.0,16.5
HfCoSb,298.0,14.3
ErPdSb,600.0,5.5
ErPdSb,600.0,3.6
ErPdSb,298.0,3.3
ErPdSb,45.0,4.95
Nb3Sb2Te5,298.0,5.7
MoRe2Se4,298.0,2.4
Na[BH4],280.0,1.04
Na[BH4],280.0,1.48
Fe1.11Te,50.0,1.0
Fe1.11Te,5.0,0.09
[CO],41.0,0.353
[CO],60.0,0.265
AuCeIn,300.0,5.0
MgSiP2,298.0,19.2
Ba4Pd2Si21,300.0,4.42
Ba4Au3Si20,298.0,1.6
Ba4Au3Si20,700.0,2.34
Ba4Au3Si20,298.0,1.7
Ba4Au3Si20,298.0,4.8
Ba4Pt2Si21,300.0,7.8
Ba4Ni0.9Si22.1,298.0,4.3
Ba4Ni0.9Si22.1,298.0,4.0
Ba4Cu2Si21,298.0,2.6
Ba4Cu2Si21,298.0,2.7
Ba4Ag3Ge20,298.0,1.3
Ba4Au3Ge20,298.0,1.29
Ba4Au3Ge20,298.0,0.8
Ce2Ni3Si5,100.0,5.06
Ce2Co3Si5,298.0,3.45
Ba4Ga8Sn15,298.0,0.71
Ba4Ga8Sn15,600.0,1.29
Sr4Ga8Ge15,450.0,1.48
Sr4Ga8Ge15,50.0,0.74
Sr4Ga8Ge15,300.0,1.5
Sr4Ga8Si15,50.0,2.56
Ba4Al8Si15,11.0,6.6
Ba4Al6Si17,300.0,2.35
Ag0.33Pb0.33Bi0.34Te,320.0,2.2
V0.2Cr0.8N,150.0,2.8
Hf2InC,,26.5
CeRhIn,2.0,0.225
CeRhIn,40.0,2.95
CeRhIn,100.0,2.67
CeRhIn,400.0,8.6
Ba4Zn4Ge19,1000.0,1.96
Ba4Zn4Ge19,298.0,2.28
Ba4Zn4Ge19,250.0,1.4
Ba4Zn4Ge19,298.0,1.4
BaCu2Se2,298.0,1.5
Pr3Ir,240.0,8.5
CuGa0.5In0.5Te2,298.0,1.52
Ca4Gd[BO3]3O,291.0,2.18
Ca4Gd[BO3]3O,291.0,1.32
Ca4Gd[BO3]3O,291.0,2.4
Ca4Gd[BO3]3O,298.0,2.0
Nd2Sn2O7,300.0,4.8
Nd2Sn2O7,1273.0,2.3
Nd2Sn2O7,320.0,6.8
Nd2Sn2O7,1273.0,1.7
Nd2Sn2O7,298.0,4.85
Gd2Sn2O7,300.0,4.3
Gd2Sn2O7,1273.0,2.0
Gd2Sn2O7,320.0,7.1
Gd2Sn2O7,1273.0,1.8
Gd2Sn2O7,298.0,4.4
Sm2Sn2O7,300.0,4.2
Sm2Sn2O7,1273.0,2.3
Sm2Sn2O7,320.0,7.1
Sm2Sn2O7,1273.0,1.9
Sm2Sn2O7,298.0,4.3
Y1.5Er1.5Al5O12,298.0,12.2
Ca3Ga2[GeO4]3,298.0,6.5
KLi[SO4],200.0,1.325
ZnFe0.5NiSb0.5O4,550.0,1.5
ZnFe0.5NiSb0.5O4,400.0,1.22
FeNi1.67Sb0.33O4,625.0,0.87
FeNi1.67Sb0.33O4,400.0,1.17
YMnO3,100.0,7.5
Y3Fe2.5Al2.5O12,298.0,5.1
H2K[PO4],270.0,0.8
H2K[PO4],260.0,2.17
CeGaSi,300.0,14.03
BiSbTe2S,25.0,2.5
BiSbTe2S,298.0,1.45
Dy4.67[SiO4]3O,298.0,0.96
Ba0.3La0.7MnO3,10.0,2.74
Ba0.3La0.7MnO3,298.0,5.38
Er3Ga5O12,15.0,88.0
Er3Ga5O12,100.0,14.8
Er3Ga5O12,300.0,7.0
In0.30Pb0.35Sn0.35Te,323.0,1.7
In0.30Pb0.35Sn0.35Te,723.0,1.6
Ne,2.0,3.0
Ne,3.0,4.6
Ne,4.2,4.2
Ne,10.0,0.8
Ne,20.0,0.3
Ne,21.0,0.314
Ne,18.9,0.328
Ne,0.53,0.88
Ne,3.0,30.0
Ne,10.0,1.4
Sr2Ca1.7Cu3Pb0.3Bi2O10,150.0,1.13
Sr2Ca1.7Cu3Pb0.3Bi2O10,150.0,0.97
Sr2Ca1.7Cu3Pb0.3Bi2O10,70.0,1.06
Sr2Ca1.7Cu3Pb0.3Bi2O10,11.0,0.215
Sr2Ca1.7Cu3Pb0.3Bi2O10,75.0,0.815
Sr2Ca1.7Cu3Pb0.3Bi2O10,110.0,0.75
Sr2Ca1.7Cu3Pb0.3Bi2O10,150.0,0.88
Ba2Cu3Pr0.2Eu0.8O7,300.0,3.95
Ba2Cu3Pr0.5Gd0.5O7,298.0,3.21
Sr0.3Ca0.22Pr0.48MnO3,250.0,1.676
Sr0.3Ca0.22Pr0.48MnO3,250.0,1.722
Sr0.3Ca0.22Pr0.48MnO3,100.0,0.95
Sr0.3Ca0.22Pr0.48MnO3,100.0,1.09
Sr0.3Ca0.22Pr0.48MnO3,100.0,0.98
Sr0.3Ca0.22Pr0.48MnO3,100.0,1.3
Sr0.3Ca0.22Pr0.48MnO3,100.0,0.96
Sr0.3Ca0.22Pr0.48MnO3,300.0,2.6
Sr0.3Ca0.22Pr0.48MnO3,300.0,1.75
Sr0.3Ca0.22Pr0.48MnO3,300.0,1.7
Sr0.3Ca0.22Pr0.48MnO3,120.0,1.05
Sr0.3Ca0.22Pr0.48MnO3,120.0,1.98
Sr0.3Ca0.22Pr0.48MnO3,12.0,0.89
Sr0.3Ca0.22Pr0.48MnO3,10.0,1.08
NbCo2Sn,150.0,4.44
Yb3Ga5O12,298.0,5.57
Yb3Ga5O12,30.0,200.0
Yb3Ga5O12,100.0,30.0
Yb3Ga5O12,300.0,6.5
Tm3Ga5O12,15.0,200.0
Tm3Ga5O12,100.0,8.5
Tm3Ga5O12,300.0,4.9
Ho3Ga5O12,3.0,2.4
Ho3Ga5O12,100.0,12.0
Ho3Ga5O12,300.0,6.5
Ho3Ga5O12,15.0,30.0
Tb3Ga5O12,3.0,0.64
Tb3Ga5O12,100.0,6.7
Tb3Ga5O12,300.0,4.5
Tb3Ga5O12,50.0,8.7
[H2O],298.0,24.8
Ag0.25Pb0.5Sb0.25Te,298.0,1.66
Ag0.25Pb0.5Sb0.25Te,298.0,0.8
Ag0.25Pb0.5Sb0.25Te,120.0,1.8
Ag0.25Pb0.5Sb0.25Te,298.0,1.18
Ag0.25Pb0.5Sb0.25Te,673.0,0.8
Ag0.25Pb0.5Sb0.25Te,725.0,0.81
Ag0.25Pb0.5Sb0.25Te,298.0,0.36
Ag0.25Pb0.5Sb0.25Te,298.0,2.3
Sr2CuCl2O2,250.0,6.9
Li[NH4][SO4],415.0,0.3
Li[NH4][SO4],298.0,0.18
Li[NH4][SO4],490.0,0.23
Ba0.2CuLa1.8O4,85.0,1.663
Ba0.2CuLa1.8O4,65.0,1.526
Ba0.2CuLa1.8O4,186.0,2.33
Ba0.2CuLa1.8O4,94.0,1.79
Ba0.2CuLa1.8O4,53.0,1.29
CsMnCl3[H2O]2,10.0,53.0
CsMnCl3[H2O]2,4.9,78.0
K0.5Na0.5TaO3,10.0,0.8
KTa0.81Nb0.19O3,10.0,1.8
Ca4Mn3O10,50.0,1.3
Y0.5U0.5O2,1573.0,1.0
Dy3Ru4Ge13,300.0,3.0
Dy3Ru4Ge13,300.0,2.17
Ho3Ru4Ge13,300.0,3.1
Ho3Ru4Ge13,300.0,2.31
Lu3Ru4Ge13,300.0,3.45
Lu3Ru4Ge13,300.0,2.31
Fe0.9Ir0.1Si,200.0,6.5
Sr0.15La0.85MnO3,240.0,0.71
Sr0.15La0.85MnO3,70.0,0.43
Sr0.15La0.85MnO3,300.0,2.42
Sr0.15La0.85MnO3,210.0,4.17
Sr0.15La0.85MnO3,210.0,5.17
Co2Ge3S3,320.0,1.9
YB22C2N,298.0,4.0
YB22C2N,975.0,4.5
ErB22C2N,570.0,1.52
ErB22C2N,298.0,1.9
ErB22C2N,975.0,2.2
Ba6In3Ge22,373.0,1.2
Sr14Cu24O41,5.0,91.0
Sr14Cu24O41,300.0,22.0
Sr14Cu24O41,5.0,57.0
Sr14Cu24O41,300.0,12.0
Ca2.96Mn0.04Fe0.05Al1.95[SiO4]3,40.0,73.0
Ca2.96Mn0.04Fe0.05Al1.95[SiO4]3,100.0,18.7
Ca2.96Mn0.04Fe0.05Al1.95[SiO4]3,300.0,7.2
Ti0.15In4Sn2.85O12,1175.0,1.07
Ti0.15In4Sn2.85O12,296.0,0.74
Ca3Fe0.1Al1.9[SiO4]3,2.8,6.0
Ca3Fe0.1Al1.9[SiO4]3,300.0,7.0
Ca3Fe0.1Al1.9[SiO4]3,28.0,70.0
CoCl2[CSN2H4]4,0.35,0.04
CoCl2[CSN2H4]4,0.35,0.1
CoCl2[CSN2H4]4,1.0,0.7
CoCl2[CSN2H4]4,1.0,0.1
CoCl2[CSN2H4]4,7.0,26.0
CoCl2[CSN2H4]4,7.0,26.0
CoCl2[CSN2H4]4,20.0,8.0
CoCl2[CSN2H4]4,20.0,8.0
CoCl2[CSN2H4]4,0.35,0.045
CoCl2[CSN2H4]4,1.0,1.0
CoCl2[CSN2H4]4,7.0,25.0
CoCl2[CSN2H4]4,20.0,8.0
CoCl2[CSN2H4]4,0.35,0.5
CoCl2[CSN2H4]4,0.35,0.6
CoCl2[CSN2H4]4,5.0,30.0
CoCl2[CSN2H4]4,5.0,30.0
CoCl2[CSN2H4]4,11.0,10.0
CoCl2[CSN2H4]4,0.35,0.06
CoCl2[CSN2H4]4,5.0,26.0
CoCl2[CSN2H4]4,5.0,30.0
CoCl2[CSN2H4]4,11.0,10.0
Na0.2Nd0.8MnO3,200.0,1.37
Na0.2Nd0.8MnO3,291.0,1.9
K0.33Sn2.41Bi5.59Se11,298.0,1.5
BaIn2Sb4,,1.7
Cs4Zn2Sn21,300.0,1.4
Sr0.5Nd0.5MnO3,300.0,1.9
CaNb0.5Mn0.5O3,240.0,0.84
CaNb0.5Mn0.5O3,1070.0,0.61
CaMn0.5Ru0.5O3,1000.0,2.88
CaMn0.5Ru0.5O3,500.0,3.65
CaMn0.5Sb0.5O3,50.0,1.4
Sr2Cu2YRuO8,298.0,5.4
Gd0.1Pb0.9Te,298.0,3.75
[NH4]2CuBr4[H2O]2,1.0,12.0
[NH4]2CuBr4[H2O]2,1.0,1.8
[NH4]2CuBr4[H2O]2,0.3,0.43
[NH4]2CuBr4[H2O]2,0.3,0.5
[NH4]2CuBr4[H2O]2,1.0,0.38
[NH4]2CuBr4[H2O]2,0.3,0.33
La0.2Y0.3Zr0.5O1.75,463.0,1.85
ErPdBi,600.0,7.15
ErPdBi,600.0,2.63
KTa0.7Fe0.3O2.7,10.0,1.3
Yb0.1Co4Sb12,298.0,3.97
Yb0.1Co4Sb12,298.0,2.5
Yb0.5Fe2Co2Sb12,298.0,3.11
YbFe4Sb12,298.0,3.36
YbFe4Sb12,670.0,2.87
YbFe4Sb12,298.0,4.0
Po,300.0,20.0
Ba0.6Fe1.6Co2.4Sb12,500.0,1.97
Ba0.35Co4Sb12,500.0,3.53
Ba0.35Co4Sb12,298.0,4.43
Ba0.35Co4Sb12,298.0,4.6
Ba0.35Co4Sb12,298.0,6.61
Ba0.35Co4Sb12,298.0,3.2
U2Ru2Sn,0.2,0.008
U2Ru2Sn,0.2,0.011
U2Ru2Sn,0.2,0.007
U2Ru2Sn,0.2,0.0125
U2Ru2Sn,298.0,6.8
U2Ru2Sn,298.0,5.1
U2Ru2Sn,5.0,0.3
U2Ru2Sn,5.0,1.3
U2Ru2Sn,298.0,0.73
Sr0.5La0.5Mn0.5Ru0.5O3,300.0,2.65
Ba4Cu2.5Ge11.5Si9,298.0,1.7
Tl4.5Gd0.5Te3,500.0,1.0
UNiSb2,50.0,1.24
UNiSb2,50.0,5.69
Na0.2Nd0.8MnO3,24.0,0.49
Na0.2Nd0.8MnO3,31.0,0.66
Na0.2Nd0.8MnO3,24.0,0.65
Na0.2Nd0.8MnO3,31.0,0.95
K4Zn2Sn21,298.0,1.6
ZnLaSbO,311.0,1.47
ZnCeSbO,298.0,0.65
SmFeAsO,131.0,12.0
SmFeAsO,298.0,11.0
PrFeAsO,298.0,3.35
LaFeAsO,300.0,1.4
Be3Al2Si6O18,315.0,6.4
LaFePO,0.5,0.27
LaFePO,300.0,2.4
LaFeAsO0.9F0.1,300.0,1.0
LaFeAsO0.9F0.1,5.0,0.5
TbMnO3,41.0,3.0
TbMnO3,41.0,3.6
TbMnO3,41.0,2.27
TbMnO3,41.0,2.87
Ga0.05SnBi1.95Te4,320.0,1.31
In0.07SnBi1.93Te4,320.0,0.79
Ba3NbFe3[SiO4]2O6,200.0,1.09
Sr0.2La0.5Sm0.3MnO3,300.0,1.85
Sr0.3Pr0.7MnO3,298.0,3.12
CuY0.9Tb0.1,35.0,5.3
CuY0.9Tb0.1,35.0,4.8
Ca0.5La0.5Cr0.08Mn0.92O3,290.0,2.1
Ca0.5La0.5Cr0.08Mn0.92O3,10.0,7.7
Sr0.05Ag0.25La0.7MnO3,40.0,0.85
Sr0.05Ag0.25La0.7MnO3,298.0,1.34
Fe0.05Co0.95Sb2.875Te0.125,423.0,2.88
Ba0.16Sr0.08Pr0.009Nd0.171Yb0.05Fe2.6Ni1.4Sb12,298.0,1.55
Ba0.18Pr0.015Nd0.285Yb0.04Fe3.1Ni0.9Sb12,300.0,1.8
PrCo0.5Ni0.5O3,350.0,1.133
PrCo0.5Ni0.5O3,300.0,1.12
CsBi4Te6,298.0,0.6
CsBi4Te6,298.0,1.94
Sr2YRuO6,400.0,0.4
Cr0.1Mn0.9Al0.67Si1.33,373.0,4.0
Cr0.1Mn0.9Al0.67Si1.33,773.0,5.3
Ce0.5Fe2Co2Sb12,500.0,1.46
Ce0.25Yb0.25Fe1.5Co2.5Sb12,298.0,4.1
Ce0.25Yb0.25Fe1.5Co2.5Sb12,298.0,2.45
CsNa2Ge17,298.0,5.2
BaFe2AsP,1.0,0.248
BaFe2AsP,1.0,0.246
CaMo0.1Mn0.9O3,298.0,2.4
Sr5Nb5O17,298.0,6.0
Sr5Nb5O17,298.0,0.6
Ca4IrO6,298.0,1.08
Ca4IrO6,620.0,0.8
Na0.32CoO2,298.0,21.12
Na0.75CoO2,973.0,2.2
Na0.75CoO2,298.0,3.7
AgLaSb2,298.0,12.0
BaLaMn2O6,210.0,3.0
BaLaMn2O6,210.0,3.4
LaRh0.5Ni0.5O3,300.0,2.0
Ca0.8Mg0.2Mn0.1Fe1.9Al2[SiO4]3,298.0,10.0
Ca3ZnCoO6,300.0,3.25
K2Bi8S13,6.0,2.53
K2Bi8S13,13.0,3.87
K2Bi8S13,287.0,3.11
Al2[SiO4]F2,315.0,17.7
Al2[SiO4]F2,417.0,13.3
Al2[SiO4]F2,358.0,15.6
La0.74Fe2.74Co1.26Sb12,298.0,3.05
La0.74Fe2.74Co1.26Sb12,745.0,2.1
La0.74Fe2.74Co1.26Sb12,300.0,2.8
LiAlO2,0.2,0.0013
LiAlO2,14.0,0.8
LiAlO2,80.0,1.7
Sr2.67Ho1.33Co4O10.8,300.0,0.8
Na0.75CoO2,300.0,3.65
Na0.75CoO2,298.0,1.32
Na0.75CoO2,300.0,3.4
Na0.75CoO2,723.0,2.98
Na0.75CoO2,300.0,3.94
AuCrTe4,298.0,4.0
Ag5Te2Cl,298.0,0.204
Ag5Te2Cl,331.8,0.5954
Sc0.20Ti0.80NiSn,298.0,3.5
EuFe4Sb12,100.0,6.38
EuFe4Sb12,100.0,6.39
Ca2Co2.62O6.24,300.0,2.775
Sn0.5Sb0.5O2,298.0,3.5
Sr0.3Gd0.7CoO3,5.0,0.1
Sr0.3Gd0.7CoO3,100.0,1.61
Sr0.3Gd0.7CoO3,300.0,2.75
Sr0.3Gd0.7CoO3,350.0,3.16
Ag0.5Bi0.5Se0.5S0.5,300.0,0.85
Zn6Pr2Ge3,100.0,1.12
Zn6La2Ge3,100.0,1.56
Zn6Sm2Ge3,100.0,1.56
Zn6Nd2Ge3,100.0,1.87
Ba2Nd2Co4O11,298.0,1.4
Ca0.5Tb0.5MnO3,293.0,1.58
Ca0.5Tb0.5MnO3,673.0,1.72
Ca0.5Tb0.5MnO3,973.0,1.83
CaPtO3,298.0,0.05
Zn1.37Sm6Sb14,298.0,1.35
Zn1.37Sm6Sb14,675.0,1.55
Zn1.71Gd6Sb14,298.0,1.31
Zn1.71Gd6Sb14,675.0,1.46
Zn1.38Dy6Sb14,298.0,1.51
Zn1.38Dy6Sb14,675.0,1.68
Zn1.46Tb6Sb14,298.0,1.41
Zn1.46Tb6Sb14,675.0,1.52
Zn1.30Ho6Sb14,298.0,1.54
Zn1.30Ho6Sb14,675.0,1.92
Co2Sn3Te3,298.0,1.3
BaLuCo4O7,298.0,0.6
Si32.5P10.5Te5.25,298.0,1.42
Yb5Al2Sb6,300.0,3.89
SmGe5,298.0,10.5
NdGe5,298.0,10.5
GdGe5,298.0,10.5
BaIrO3,199.0,0.9
Sr0.85Yb4.15Al2Sb6,298.0,2.5
Y0.25Zr0.75NiSn,373.0,4.8
Cu0.335Si0.645P,298.0,5.37
Cu0.33Ge0.67P,298.0,5.42
Yb14MnGe0.06Sb10.9,298.0,0.98
Yb14MnGe0.06Sb10.9,1200.0,1.19
Ba4Ni1.75Ge21.05,298.0,2.01
Zn11.6Ru4Sn2.9,298.0,3.53
Zn11Ru3Sb,298.0,3.72
Sr0.2Ca0.3La0.5MnO3,260.0,1.07
Sr0.2Ca0.3La0.5MnO3,70.0,1.07
Tl4.7La0.3Te3,375.0,0.47
In2.0Sn8.9As10.85I4,330.0,0.33
In2.0Sn8.9As10.85I4,298.0,0.36
In2.0Sn8.9As10.85I4,298.0,0.36
Zn2EuSb2,298.0,2.6
Zn2EuSb2,314.0,2.48
Zn2EuSb2,713.0,1.31
PrFe0.5Ru0.5AsO,298.0,2.37
PrFe0.5Ru0.5AsO,50.0,1.52
K2Ba2Zn3Ge20,1000.0,1.96
K2Ba2Zn3Ge20,298.0,2.57
K4Zn2Ge21,900.0,2.0
K4Zn2Ge21,298.0,3.08
V2MnO4,52.0,2.5
V2MnO4,17.0,11.5
CuMn0.2In0.8Se2,560.0,1.8
EuTiO3,200.0,2.3
CrN0.9O0.1,265.0,2.7
Cu10Mn2Sb4S13,298.0,0.4
Cu10Fe2Sb4S13,298.0,0.385
ZnCr2O4,12.0,2.5
YB28.5C4,570.0,1.9
Ba4Ga8Sn15,300.0,0.39
Ba4Ga8Sn15,150.0,0.99
Ba4Ga8Sn15,150.0,0.75
Sr2LaCrMnO6.96,13.0,0.42
Sr2LaCrMnO6.96,105.0,1.98
Sr2LaCrMnO6.96,169.0,1.69
Sr2LaCrMnO6.96,232.0,2.12
Sr2LaCrMnO6.96,295.0,2.95
Sr2LaCrMnO6.96,351.0,3.8
CuBiSeO,300.0,0.54
Gd3Yb2Ga3O12,298.0,5.02
La0.9Cr0.1Mn0.9Te0.1O3,200.0,0.85
Na[BH4],180.0,1.59
Na[BH4],180.0,2.59
Cu11NiSb4S13,298.0,0.385
BaLaSi2,298.0,1.2
CaIrO3,298.0,2.7
CaIrO3,800.0,1.2
CaIrO3,1023.0,1.25
CaIrO3,298.0,16.0
Ba2CuTl2O6,0.055,0.00066
Ba2CuTl2O6,0.97,0.066
Ba2AgCo2Bi2O9,300.0,2.36
CuPb0.2Bi0.8SeO,823.0,0.53
Nd0.005Gd0.498Lu0.497[VO4],303.0,6.7
Nd0.005Gd0.498Lu0.497[VO4],303.0,7.3
SrPrCoO4,298.0,3.26
Sr0.05Ca0.45La0.2Nd0.3MnO3,300.0,3.44
Li[BH4],150.0,2.92
CaCoO3,298.0,3.48
CaCoO3,298.0,3.4
CaCoO3,298.0,2.95
CaCoO3,1000.0,2.83
CaCoO3,1078.0,1.69
CaCoO3,300.0,2.35
Ho3MnGa4O12,298.0,7.58
Ho3MnGa4O12,50.0,5.08
K0.54Sn3.54Bi11.46Se21,298.0,0.82
K1.46Pb3.08Bi11.46Se21,298.0,1.6
Rb0.69Pb3.69Bi11.31Se21,298.0,0.89
Cs0.65Pb3.65Bi11.35Se21,298.0,1.0
Ho2B31C2N2,570.0,1.49
Mo3Sb5.4Te1.6,360.0,4.0
Mo3Sb5.4Te1.6,1000.0,2.7
Mo3Sb5.4Te1.6,320.0,4.5
Ca0.8Ho0.2MnO3,293.0,2.04
Ca0.8Ho0.2MnO3,673.0,2.16
Ca0.8Ho0.2MnO3,973.0,2.24
Ca0.5Yb0.5MnO3,293.0,1.74
Ca0.5Yb0.5MnO3,673.0,1.61
Ca0.5Yb0.5MnO3,973.0,1.6
Sr0.6Ca0.4Mo0.04Mn0.96O3,298.0,1.8
Sr0.3Ca0.7Mo0.04Mn0.96O3,298.0,1.62
Rh0.6Te0.4O2,320.0,0.09
Rh0.6Te0.4O2,806.0,0.91
[H2O],298.0,1.85
Ba0.1Pr0.9MnO3,300.0,2.7
VFeSb,298.0,10.8
Ni1.5In0.5Sb0.5,298.0,2.3
Ni1.5In0.5Sb0.5,330.0,11.5
[H2],13.2,0.2
[D2],18.6,0.36
Rb2Sn11,298.0,1.4
Ca0.33La0.57Y0.10MnO3,190.0,0.78
Ca0.33La0.57Y0.10MnO3,70.0,0.81
YbGa6Te10,25.0,0.73
Ag0.5Sb0.5Te0.5Se0.5,325.0,0.586
Ag0.5Sb0.5Te0.5Se0.5,298.0,0.47
LuMnO3,100.0,6.7
Gd2ZrTiO7,293.0,1.63
Gd2ZrTiO7,1073.0,1.45
Fe0.76Ni2.16Ga1.08,50.0,4.3
Fe0.76Ni2.16Ga1.08,250.0,8.8
La0.19Ce0.35Pr0.03Nd0.11Fe3CoSb12,298.0,2.5
La0.21Ce0.39Pr0.04Nd0.12Fe4Sb12,298.0,2.8
La0.21Ce0.39Pr0.04Nd0.12Fe4Sb12,298.0,3.3
Sr2ErRuO6,400.0,0.25
Sr2ErRuO6,833.0,0.24
Sr2ErRuO6,473.0,0.3
Sr2.8Y1.2Co4O10.48,300.0,2.0
Ba2Cu2.98Y0.996Pr0.004Fe0.02O6.9,298.0,3.5
Sr0.9Ce0.1MnO3,6.0,0.27
Sr0.9Ce0.1MnO3,304.0,3.67
Sr0.9Ce0.1MnO3,323.0,4.33
Sr0.9Ce0.1MnO3,353.0,5.6
Sr2Ca2Cu3Bi2O10,100.0,0.86
Sr2Ca2Cu3Bi2O10,200.0,0.9
Sr2Ca2Cu3Bi2O10,4.5,0.09
SmFeAsO0.9F0.1,5.0,0.4
SmFeAsO0.9F0.1,298.0,2.0
BaCu2Te2,297.0,2.2
BaCu2Te2,88.9,2.8
BaCu2Te2,298.0,2.0
LaFeAsO,60.0,2.0
Sr1.9La0.1TiO4,298.0,4.5
Sr2.7La0.3Ti2O7,298.0,4.7
Sr0.5Eu0.5MnO3,150.0,0.82
Sr0.5Eu0.5MnO3,150.0,0.76
K0.5Ba0.5Fe2As2,0.15,0.00053
K0.5Ba0.5Fe2As2,0.1,0.0002
K0.5Ba0.5Fe2As2,0.1,0.00079
K0.5Ba0.5Fe2As2,0.15,0.0015
K0.5Ba0.5Fe2As2,120.0,4.2
Sr0.9Nd0.1MnO3,90.0,1.4
Mg0.05CuCr0.95O2,298.0,7.18
SmFeAsO,131.0,12.0
SmFeAsO,6.0,2.0
Ba4Zn1.5Pd1.5Ge20,298.0,1.38
Ba4Cu1.5Zn1.5Ge20,298.0,1.59
Ba4Zn3.6Ge9.95Si9.45,298.0,3.28
Na5.70Ge24.62,298.0,1.6
LaCo0.9Rh0.1O3,323.0,1.5
LaCo0.5Rh0.5O3,323.0,0.63
CuZr1.86S4,298.0,0.807
CuZr1.86S4,80.0,0.958
Ba3.65Sr0.35Al7Si15.5,300.0,2.3
Ca2Zn0.05Fe1.95O5,373.0,2.2
BaErCo4O7,298.0,0.64
BaTmCo4O7,298.0,0.41
BaDyCo4O7,298.0,0.66
HfTiInC,450.0,19.8
HfTiInC,1350.0,23.4
VFe2Al0.5Si0.5,300.0,13.64
VFe2Al0.5Si0.5,100.0,19.9
VFe2Al0.5Si0.5,298.0,11.7
VFe2Al0.5Si0.5,298.0,6.29
VFe2Al0.5Si0.5,298.0,16.0
VFe2Al0.5Si0.5,300.0,21.3
Ca0.3La0.7Mn0.95Ga0.05O3,13.0,3.35
Ca0.3La0.7Mn0.95Ga0.05O3,21.0,3.81
Ca0.3La0.7Mn0.95Ga0.05O3,88.0,2.3
Ca0.3La0.7Mn0.95Ga0.05O3,303.0,3.42
Ca0.3La0.7Mn0.95Ga0.05O3,12.0,2.18
Ca0.3La0.7Mn0.95Ga0.05O3,48.0,3.14
Ca0.3La0.7Mn0.95Ga0.05O3,90.0,2.4
Ca0.3La0.7Mn0.95Ga0.05O3,302.0,3.76
CsPb3Bi3Te8,298.0,1.5
CsPb4Bi3Te9,298.0,1.5
Sr0.5RhO2,300.0,3.0
Sr0.5RhO2,1000.0,2.0
SrOs4Sb12,120.0,2.7
BaOs4Sb12,120.0,2.4
Mg1.5Fe1.5Al2[SiO4]3,2.7,6.0
Mg1.5Fe1.5Al2[SiO4]3,300.0,4.0
Mg1.5Fe1.5Al2[SiO4]3,27.0,20.0
Fe3Al2[SiO4]3,315.0,35.8
Fe3Al2[SiO4]3,358.0,35.4
Fe3Al2[SiO4]3,377.0,35.6
Ca0.3Nd0.7CoO3,298.0,0.53
In0.1Ge0.8Sb0.033Te,328.0,1.2
Co4In0.2Sb12,298.0,3.09
Co4In0.2Sb12,615.0,2.46
Co4In0.2Sb12,325.0,2.99
Yb2Sn2O7,300.0,2.9
Yb2Sn2O7,1273.0,2.1
Yb2Sn2O7,320.0,6.5
Yb2Sn2O7,1273.0,1.6
Yb2Sn2O7,298.0,3.1
Sr0.5Ca0.5B6,900.0,9.0
Ba2Cu2.94Pr0.05Gd0.95Mn0.06O7,298.0,3.05
Ba2Cu2.94Pr0.05Gd0.95Fe0.06O7,298.0,3.25
Ba2Cu2.94Pr0.05Gd0.95Ni0.06O7,298.0,3.2
Ba2Cu2.94Zn0.06Pr0.05Gd0.95O7,298.0,3.03
Sr0.3Pr0.7Nb0.01Mn0.99O3,298.0,2.5
Zn6.67Sb4.925I0.075,298.0,1.1
La0.8Y0.1MnTe0.1O3,206.0,0.173
La0.8Y0.1MnTe0.1O3,298.0,0.265
La0.8Ho0.1MnTe0.1O3,210.0,0.116
La0.8Ho0.1MnTe0.1O3,298.0,0.235
La0.9MnTe0.1O3,150.0,2.33
La0.9MnTe0.1O3,10.0,1.3
La0.9MnTe0.1O3,193.0,5.45
La0.9MnTe0.1O3,246.0,4.8
La0.9MnTe0.1O3,353.0,8.2
La0.6Co3.6Ni0.4Sb12,303.0,3.1
La0.6Co3.6Ni0.4Sb12,773.0,2.3
TbFeAsO,298.0,8.8
Pr0.67Fe3CoSb12,298.0,2.17
Pr0.71Fe3.5Ni0.5Sb12,298.0,1.85
CaCo2O4,390.0,6.3
Ca0.2Co4Sb12,725.0,3.5
Ca0.2Co4Sb12,298.0,5.7
Ca0.2Co4Sb12,300.0,5.5
Ca0.2Co4Sb12,12.0,2.5
Ca0.2Co4Sb12,70.0,8.4
Ca0.2Co4Sb12,303.0,5.8
Ca0.2Co4Sb12,10.0,1.26
Ca0.2Co4Sb12,800.0,3.26
Ca0.1La0.6Co4Sb12,725.0,3.4
Ca0.1La0.6Co4Sb12,298.0,4.2
BaFe1.92Co0.08As2,1.8,0.23
BaFe1.92Co0.08As2,1.8,0.16
BaFe1.92Co0.08As2,23.0,4.38
BaFe1.92Co0.08As2,100.0,10.0
BaFe1.92Co0.08As2,5.0,-0.0023
BaFe1.92Co0.08As2,30.0,-0.0115
BaFe1.92Co0.08As2,0.2,0.00018
Mg0.05Mn0.15Fe0.84Al1.92Si0.02O4,2.7,1.5
Mg0.05Mn0.15Fe0.84Al1.92Si0.02O4,300.0,4.0
Mg0.05Mn0.15Fe0.84Al1.92Si0.02O4,298.0,30.0
K2CuCl4[H2O]2,0.3,500.0
K2CuCl4[H2O]2,1.0,16.0
K2CuCl4[H2O]2,0.3,0.6
K2CuCl4[H2O]2,1.0,5.0
Hf0.5Zr0.5NiSn,298.0,2.7
LaFe11.44Si1.56H1.6,300.0,8.8
Zr0.9Nb0.1NiSn,320.0,9.76
Hf0.35Zr0.35Ti0.3Ni2Sn,65.0,3.56
Hf0.35Zr0.35Ti0.3Ni2Sn,298.0,3.25
Nd0.01Yb0.99[VO4],298.0,3.9
Nd0.01Yb0.99[VO4],298.0,5.1
Sr2CaCu2Pb0.4Bi1.6O7.8,298.0,2.27
Sr2Ca2Cu3Pb0.5Bi1.3Sb0.2O9.75,150.0,0.64
Sr2Ca2Cu3Pb0.5Bi1.3Sb0.2O9.75,60.0,0.7
Sr2Ca2Cu3Pb0.5Bi1.3Sb0.2O9.75,10.0,0.15
Sr2Ca2Cu3Pb0.5Bi1.3Sb0.2O9.75,63.0,0.58
Sr2Ca2Cu3Pb0.5Bi1.3Sb0.2O9.75,90.0,0.465
Sr2Ca2Cu3Pb0.5Bi1.3Sb0.2O9.75,150.0,0.58
Ba4Ga8Ge8.58Si6.42,298.0,1.3
Ba4Ga8Ge8.58Si6.42,60.0,1.0
Sr2CaCu1.96V0.04Bi2O8,100.0,0.33
Sr2CaCu1.96V0.04Bi2O8,200.0,0.38
Sr2CaCu1.96V0.04Bi2O8,4.5,0.06
Sr0.95Y0.05TiO3,1073.0,4.85
Sr0.95Y0.05TiO3,1073.0,5.35
NbSe2,,2.5
[C60],,0.2
[C60],160.0,0.38
[C60],150.0,111.0
AgSbO3,873.0,0.825
Yb2Pt3Sn5,4.2,1.2
Yb2Pt3Sn5,298.0,10.0
Zn6Ce2Ge3,100.0,2.54
Ru0.5Co2.5O3.87,1073.0,2.0
He,0.03,0.1
He,0.1,1.0
He,0.5,30.0
He,0.6,25.0
He,1.0,2.0
He,1.5,0.57
He,2.0,0.21
He,0.5,42.0
He,0.8,120.0
He,1.0,24.0
He,2.0,0.18
He,1.0,60.0
He,0.76,230.0
He,1.0,2000.0
He,0.8,1300.0
He,0.05,0.03
He,0.5,70.0
Ba6[C60],300.0,3.13
Ba6[C60],1000.0,5.5
Au2YSi2,40.0,8.42
Ni5.66SbTe2,298.0,5.0
Ni5.66SbTe2,80.0,3.2
AgBi2.7Sb0.3S5,300.0,1.61
Zn13Sb10,100.0,3.46
Zn13Sb10,35.0,2.61
Zn13Sb10,5.0,0.31
Zn13Sb10,35.0,2.62
Zn13Sb10,35.0,2.58
Ba2CoO4,20.0,1.03
Sn12P9.65I4,100.0,1.3
Sn12P9.65I4,298.0,0.86
K0.95Li0.05TaO3,10.0,1.0
CeRu4Sn6,20.0,8.6
CeRu4Sn6,90.0,4.5
LaPdBi,298.0,4.1
CeRhAs,298.0,3.4
CeRhAs,235.0,2.4
CeRhAs,235.0,3.0
CeRhAs,298.0,4.1
CeRhAs,235.0,1.5
CeRhAs,298.0,2.7
Ca1.7Nd0.3Al2.3Si0.7O7,298.0,2.2
Ca4.74Ir3O12,298.0,1.08
Ca4.74Ir3O12,620.0,0.8
[NH4]2Mn[SO4]2[H2O]6,0.176,0.0002
Cu0.8Zn0.2La2O4,40.0,2.1
Yb0.4Fe2Ni2Sb12,298.0,2.89
Yb0.4Fe2Ni2Sb12,298.0,1.37
Ce0.5Yb0.5Fe4Sb12,298.0,2.8
Ce0.6Fe2.9Ni1.1Sb12,298.0,2.08
Ce0.6Fe2.9Ni1.1Sb12,800.0,2.98
Na1.72Li0.30Al10.66O17,500.0,2.5
Mg1.5Zn1.5Sb2,298.0,1.16
Zn9In2O12,500.0,3.8
[NH4]2CuCl4[H2O]2,1.0,2.0
[NH4]2CuCl4[H2O]2,1.0,8.0
[NH4]2CuCl4[H2O]2,0.3,0.3
[NH4]2CuCl4[H2O]2,0.3,0.3
SmCo0.5Ni0.5O3,560.0,1.925
BaBi2Se4,298.0,1.2
Rb2Bi8Se13,298.0,1.6
Zn6Sb5,10.0,3.5
Ag0.66Sn0.67Sb0.67Te2,300.0,123.0
Ag1.32Sn1.33Sb1.35Te4,300.0,123.0
Nd0.7Eu0.3NiO3,200.0,1.6
Mn0.125Bi0.75Te1.125,25.0,4.66
Sr0.9La0.1Ti0.9Nb0.1O3,323.0,7.79
Sr0.9La0.1Ti0.9Nb0.1O3,320.0,5.1
Pr0.3CoO2,370.0,1.0
Sr0.025Dy0.975CoO2.95,370.0,0.68
Sr0.025Dy0.975CoO2.95,673.0,0.49
Ca0.03ZnLa0.97SbO,390.0,1.15
Ca0.03ZnCe0.97SbO,390.0,0.78
Sr0.03ZnLa0.97SbO,390.0,0.9
Sr0.04ZnCe0.96SbO,390.0,0.9
Fe0.98Os0.02Si,200.0,6.5
Ba0.95La0.05SnO3,298.0,9.6
Ba0.95La0.05SnO3,1073.0,4.0
Ba0.075Sr0.025Yb0.1Co4Sb12,300.0,2.3
Ba0.075Sr0.025Yb0.1Co4Sb12,300.0,0.64
Ba0.075Sr0.025Yb0.1Co4Sb12,300.0,3.57
Ba0.075Sr0.025Yb0.1Co4Sb12,298.0,3.54
ZnSb2O6,673.0,1.01
ZnSb2O6,298.0,0.83
TiFe0.3Co0.7Sb,300.0,12.6
Cu22Bi12S21Cl16,295.0,0.85
Y0.2Ce0.4Zr0.4O1.9,373.0,3.25
N0.0094O0.9906,8.5,5.0
N0.0094O0.9906,3.2,1.0
La0.72Pr0.18MnTe0.10O3,150.0,1.72
La0.54Pr0.36MnTe0.10O3,150.0,0.85
Pr0.90MnTe0.10O3,150.0,0.53
VFe2Al0.8Ge0.2,300.0,17.4
LaGdZr2O7,293.0,1.52
LaGdZr2O7,473.0,1.44
LaGdZr2O7,873.0,1.41
Ca0.18Co3.94Ni0.06Sb12,15.0,1.9
Ca0.18Co3.94Ni0.06Sb12,800.0,3.92
CsBi4Te4.98Se1.02,298.0,1.3
CsBi3.55Sb0.45Te6,298.0,1.88
Ag3Mo15In2Se19,300.0,0.8
Cu5UIn,298.0,6.31
Cu5UIn,298.0,7.54
Cu5UIn,298.0,5.37
Cu5UIn,298.0,10.61
CoGe0.75Sb1.5Te0.75,298.0,3.85
Co[CO3],100.0,30.0
CoSn0.003Sb2.997,700.0,2.1
Ce2Ni2.5Pd0.5Si5,100.0,4.73
Cu0.5Ce2Ni2.5Si5,100.0,3.81
Ce2Co0.5Ni2.5Si5,100.0,5.21
Np0.5Pu0.5N,1600.0,115.0
U0.50Np0.50N,1600.0,22.0
Sr0.5Ca0.5MnO3,298.0,1.78
Sr0.333La0.333Ti0.667Ta0.333O3,320.0,5.6
Sr0.333La0.333Ti0.667Ta0.333O3,328.0,5.5
Yb5In2Sb6,,1.7
Sr0.67Ti0.33Ta0.67O3,752.0,4.3
Ca8Cu24La6O41,5.0,3.0
Ca8Cu24La6O41,300.0,36.0
Ca8Cu24La6O41,5.0,3.0
Ca8Cu24La6O41,300.0,37.0
Ca8Cu24La6O41,300.0,37.0
Ca8Cu24La6O41,5.0,3.0
Eu4Ga8Ge15,10.0,0.23
KSb5S8,8.0,2.21
Cs0.5Pb0.5Bi1.5Te3,298.0,1.6
CsPb2Bi3Te7,298.0,1.8
TiBi0.10S2,250.0,2.12
TiBi0.10S2,250.0,1.25
Ba6Ga1.5Ge23.5,298.0,1.14
Ba4Ga1.5Ge21.5,298.0,1.81
Ba4Ga1.5Ge21.5,1000.0,1.37
Ba4Ga1.5Ge21.5,300.0,2.8
Ba4Ga1.5Ge21.5,773.0,2.57
Ba4Ga1.5Ge21.5,973.0,3.43
Ca0.18Ce0.12Fe1.45Co2.55Sb12,700.0,0.82
Yb11Ge0.5Sb9.3,298.0,0.846
Hg2Ru2O7,200.0,3.5
Ba0.13Co4In0.14Sb11.75,298.0,2.76
Ba0.13Co4In0.14Sb11.75,673.0,1.14
Ba0.13Co4In0.14Sb11.75,673.0,2.54
Ba0.13Co4In0.14Sb11.75,314.9,2.78
Ba0.2CuLa1.8O4,7.6,0.255
Ba0.2CuLa1.8O4,65.0,1.526
RbMnF4,83.0,23.8
RbMnF4,0.25,0.14
RbMnF4,15.0,200.0
RbMnF4,80.0,15.0
RbMnF4,0.45,0.13
RbMnF4,15.0,180.0
RbMnF4,21.0,115.0
RbMnF4,0.087,0.0107
RbMnF4,0.39,0.55
RbMnF4,0.102,0.016
RbMnF4,0.39,0.6
Cd4Sb3,12.0,4.3
Cd4Sb3,298.0,0.8
LaFeAsO0.9F0.1,60.0,1.3
PrFeAsO,80.0,4.88
Zn6.74Bi0.13Sb4.87,323.0,0.734
Xe4[H2O]23,2.0,0.09
Xe4[H2O]23,50.0,0.7
Cd5.15In0.75Sb5,298.0,0.74
Cu2SnSe3,303.0,3.1
Rb4Cd6.35Sb9,298.0,0.49
Zn83.4Ru13Sb12,298.0,3.65
Zn67Ru26Sb24,298.0,1.6
Zn7Ru9Sb8,298.0,3.0
Pr0.02Nd0.42Fe2.1Co1.9Sb12,298.0,2.0
Pr0.004Nd0.076Co4Sb12,298.0,2.7
Pr0.03Nd0.65Fe3NiSb12,298.0,2.2
Pr0.04Nd0.82Fe4Sb12,298.0,2.33
Pr0.04Nd0.82Fe4Sb12,297.0,3.2
Na0.5Co0.95Pd0.05O2,730.0,2.86
Na0.5Co0.95Pd0.05O2,298.0,3.24
Na0.5Co0.95Rh0.05O2,723.0,2.22
Na0.5Co0.95Rh0.05O2,298.0,2.69
Cs0.38Cu2.62CeTe3,660.0,1.04
Cs0.38Cu2.62CeTe3,298.0,1.43
Cs0.38Cu2.62LaTe3,614.0,1.07
Cs0.38Cu2.62LaTe3,298.0,1.42
Cs0.36Cu2.64PrTe3,660.0,1.14
Cs0.36Cu2.64PrTe3,298.0,1.66
Zn3Ru2Sn2,298.0,7.7
Zn5.85Ru4.15Sn4.96,298.0,4.4
Na2LiCo3O6,300.0,2.0
BaCu5.93Te6Se,340.0,0.5
ZrCoSn0.67Sb0.33,340.0,9.9
ZrNiSn0.48Sb0.52,373.0,8.0
NaCo0.4Ni0.6O2,298.0,14.7
NaCo0.4Ni0.6O2,298.0,1.7
La0.7Yb2.3Co4Ge13,300.0,10.0
CeYb2Co4Ge13,300.0,14.0
Tl4.75Ho0.25Te3,500.0,1.15
Tl4.485Ce0.515Te3,500.0,1.1
Tl4.5Tb0.5Te3,500.0,1.05
Tl4.46Pr0.54Te3,500.0,0.95
Tl4.74Er0.26Te3,500.0,1.28
Tl4.495Sm0.505Te3,500.0,0.7
Mo3Sb7,29.0,2.14
Ca0.3Y0.105Pr0.595CoO3,298.0,2.7
Ca2.5La0.5Mn2O7,298.0,0.669
Ca3Mn2O7,298.0,0.47
Ca3Mn2O7,1073.0,1.14
Ag0.5In0.25Sb0.25Te,300.0,0.42
TbMnO3,27.0,3.0
TbMnO3,27.0,3.83
TbMnO3,27.0,2.38
TbMnO3,27.0,2.77
FeSb2.2Te0.8,298.0,2.18
Y2.30Ce0.05Gd0.65Al5O12,298.0,9.2
Fe0.15Ru0.85Al1.95Si0.05,300.0,10.05
Fe0.15Ru0.85Al1.95Si0.05,973.0,7.95
Mn0.05Fe0.1425Ru0.8075Al2,300.0,12.2
Mn0.05Fe0.1425Ru0.8075Al2,973.0,6.95
Mg2.1Cd0.9Sb2,298.0,1.15
Fe1.10Co0.02Te,293.0,5.5
Fe1.10Co0.02Te,612.0,4.4
Fe1.10Co0.02Te,812.0,5.4
Ca0.5La0.5V0.1Mn0.9O3,225.0,14.3
Ba0.33La0.67Mn0.93Sb0.07O3,298.0,2.76
Ba0.33La0.67Mn0.93Sb0.07O3,273.0,2.66
CaMo0.1Mn0.9O3,50.0,0.48
U0.67Pu0.3Am0.03O2,892.0,4.0
U0.67Pu0.3Am0.03O2,1773.0,2.04
U0.67Pu0.3Am0.03O2,871.0,2.68
Cd2EuSb2,298.0,1.4
Na0.5Y0.475Yb0.025[WO4],303.15,1.062
Na0.5Y0.475Yb0.025[WO4],303.15,1.166
Rb4Sn22,400.0,2.2
Sb2Te2S,298.0,1.4
Rh4In0.1Sb12,305.0,9.6
Rh4In0.1Sb12,305.0,6.7
In2BiSe4I,298.0,0.3
In2.5Sn8.55As10.88I4,298.0,0.36
In4.75Sn7As10.71I4,298.0,0.42
Co0.9875Ni0.0125Ge1.5Se1.5,2.25,0.0717
Co0.9875Ni0.0125Ge1.5Se1.5,10.0,0.865
Co0.9875Ni0.0125Ge1.5Se1.5,80.0,9.28
Co0.9875Ni0.0125Ge1.5Se1.5,315.0,6.3
CaV0.04Mn0.96O3,350.0,2.53
CaV0.04Mn0.96O3,11.0,0.11
Hg2Ru2O7,50.0,3.36
NbCo2Ga0.2Sn0.8,150.0,3.51
NbCo2Ga0.2Sn0.8,35.0,0.615
Nb0.7V0.3Co2Sn,227.0,5.55
Nb0.5V0.5Co2Sn,150.0,4.67
NbCo2Al0.2Sn0.8,167.0,6.0
NbCo2Al0.2Sn0.8,167.0,6.0
Sr0.10Ca0.20La0.20Pr0.50MnO3,300.0,2.49
Ba2Cu2.94Pr0.05Eu0.95Fe0.06O7,300.0,2.5
Ba2Cu2.94Pr0.05Eu0.95Mn0.06O7,300.0,3.8
Ba2Cu2.94Pr0.05Eu0.95Ni0.06O7,300.0,2.5
Ba2Cu2.94Zn0.06Pr0.05Eu0.95O7,300.0,1.9
H2K[PO4],88.0,6.4
H2K[PO4],89.0,1.72
Hf0.25Zr0.25Ti0.50NiSn0.98Sb0.02,298.0,7.7
MgAgSb,298.0,1.1
Ce2NiB10,298.0,15.4
Ce2NiB10,50.0,6.9
Sn12P9.6I2.43Br1.57,100.0,0.5
Lu2Ir3Si5,298.0,9.0
Lu2Ir3Si5,250.0,7.6
Lu2Ir3Si5,298.0,9.0
Lu2Ir3Si5,250.0,8.6
Lu2Ir3Si5,8.0,1.9
Lu2Ir3Si5,100.0,4.8
Lu2Ir3Si5,8.0,1.9
Lu2Ir3Si5,100.0,4.9
Y3Ru4Ge13,300.0,3.74
Y3Ru4Ge13,300.0,2.94
ZrCo0.06Ni0.94Sn,298.0,3.63
Cu0.15CeSb0.85,380.0,20.8
Cu0.15CeSb0.85,380.0,12.1
CuFe0.98Ni0.02O2,298.0,9.0
VFe2Al0.97Sb0.03,298.0,9.3
Nb0.1V0.9Fe2Al,350.0,14.0
Nb0.1V0.9Fe2Al,300.0,13.9
Fe0.5Pd0.5Sb3,300.0,3.79
La0.1Co4Sb12,298.0,4.02
La0.1Co4Sb12,298.0,2.8
Cu4La0.4Ce0.6Al,50.0,2.5
Cu4La0.4Ce0.6Al,298.0,8.3
TiV0.5Ni0.5Sn,298.0,3.5
Sm0.1Co4Sb12,298.0,4.84
Sm0.1Co4Sb12,300.0,4.5
BaFe1.92Co0.08As2,0.2,0.00014
Sr0.8Ca0.2IrO3,298.0,6.0
Sr0.2Ca0.8IrO3,298.0,8.0
Mg2Ga0.008Ge0.397Si0.595,300.0,2.2
Mg2Ga0.004Si0.996,300.0,4.8
La2CeZrO7,1073.0,1.52
La2CeZrO7,298.0,1.75
Cu10Co2Sb4S13,298.0,0.37
Ag0.7Cu0.3TlTe,300.0,0.36
Rb0.5K0.5MnF3,1.15,2.3
Rb0.5K0.5MnF3,14.5,75.0
Rb0.5K0.5MnF3,18.0,63.0
YMn0.9Ga0.1O3,298.0,10.65
YMn0.9Ga0.1O3,50.0,13.58
Ca0.96Mn0.96Bi0.04Si0.04O3,298.0,1.41
Sr0.9Nd0.1TiO3,373.0,5.95
Na0.75Ag0.15Co0.85O2,300.0,2.5
Sr1.6Ca1.3Cu2Bi2.2O8,200.0,1.107
Sr1.6Ca1.3Cu2Bi2.2O8,70.0,1.013
Sr1.6Ca1.3Cu2Bi2.2O8,110.0,0.973
Sr1.6Ca1.3Cu2Bi2.2O8,1.0,0.01
Sr1.6Ca1.3Cu2Bi2.2O8,1.0,0.008
Sr1.6Ca1.3Cu2Bi2.2O8,1.0,0.01
Sr1.6Ca1.3Cu2Bi2.2O8,250.0,5.82
Sr1.6Ca1.3Cu2Bi2.2O8,100.0,5.0
Sr1.6Ca1.3Cu2Bi2.2O8,60.0,5.7
Sr1.6Ca1.3Cu2Bi2.2O8,120.0,0.775
Sr1.6Ca1.3Cu2Bi2.2O8,9.0,1.7
Sr1.6Ca1.3Cu2Bi2.2O8,0.03,-0.006
Fe0.95Co0.05Se,298.0,5.0
Fe0.95Co0.05Se,50.0,7.9
Na0.9Fe0.977Co0.023As,0.07,0.007
Na0.9Fe0.977Co0.023As,0.29,0.027
Na0.9Fe0.977Co0.023As,0.29,0.031
La1.6Y0.4Zr2O7,463.0,1.7
La4Co2.4Ni0.6O10,350.0,1.388
Ti0.92Ta0.08CoSb,300.0,10.0
In0.01Pb0.99Te0.994I0.006,307.0,1.76
In0.01Pb0.99Te0.994I0.006,655.0,1.35
RbCaF3,46.0,1.4
RbCaF3,100.0,2.1
RbCaF3,145.0,2.5
RbCaF3,300.0,3.3
RbCaF3,210.0,2.9
RbCaF3,40.0,1.4
RbCaF3,20.0,1.9
RbCaF3,10.0,1.6
GdCo0.95Ni0.05O3,560.0,1.825
DyCo0.95Ni0.05O3,660.0,0.427
GdPdBi,298.0,4.1
Eu4Ga8Ge15,10.0,4.1
Eu0.63Fe2.4Co1.6Sb12,100.0,2.45
Ti0.9V0.1CoSb,350.0,5.2
CsNa2Cu0.625Ge16.375,298.0,3.4
Co2Sn3Se3,298.0,4.355
TiCoGe0.15Sb0.85,298.0,8.7
Na0.05Pb0.45Sn0.45Sb0.05Te,300.0,1.58
Na0.05Pb0.45Sn0.45Sb0.05Te,550.0,1.08
Na0.05Pb0.9Bi0.05Te,300.0,1.91
Na0.05Pb0.9Bi0.05Te,550.0,1.04
Na0.05Pb0.9Sb0.05Te,300.0,1.85
Na0.05Pb0.9Sb0.05Te,550.0,1.0
Na0.05Pb0.45Sn0.45Bi0.05Te,300.0,2.04
Na0.05Pb0.45Sn0.45Bi0.05Te,300.0,1.57
Na0.05Pb0.45Sn0.45Bi0.05Te,550.0,1.15
Tl4HfTe4,298.0,0.3
TbGe5,298.0,10.5
Sr0.16Yb0.03Co4Sb12,298.0,4.1
Hf0.5Zr0.5RhSn0.01Sb0.99,325.0,3.85
Hf0.5Zr0.5Co0.5Rh0.5Sn0.01Sb0.99,325.0,4.6
Hf0.5Zr0.5CoSn0.01Sb0.99,325.0,6.25
Sr0.87La0.1Dy0.03TiO3,1075.0,2.87
Sr0.87La0.1Dy0.03TiO3,330.0,7.2
Sr0.87La0.1Dy0.03TiO3,1075.0,2.51
Sr0.87La0.1Dy0.03TiO3,330.0,5.53
ZrIr0.2NiSn,298.0,2.5
V0.18Fe0.6Al0.12Si0.1,50.0,17.4
Mn3AlN,298.0,6.3
Hf0.475Zr0.475Nb0.05NiSn,298.0,6.7
Sc0.5Nb0.5PbO3,50.0,0.5
Sc0.5Nb0.5PbO3,0.2,0.00049
SrY0.5Ru0.5O3,1200.0,0.245
Mn0.25Sn0.75Bi2Se4,298.0,0.63
Mn0.25Sn0.75Bi2Se4,575.0,0.7
Mn0.25Sn0.75Bi2Se4,375.0,0.58
ZnCdEuSb2,298.0,1.6
BaBiTe3,298.0,0.63
RuIn2.9Sn0.1,298.0,2.65
Zn0.1RuIn2.9,298.0,2.65
K0.04Pb0.87Sb0.04Te0.96,370.0,1.39
Ba2Ca0.12Nd1.88Co4O11,298.0,1.2
Ba2Ca0.12Nd1.88Co4O11,298.0,1.3
V0.9W0.1Fe2Al,543.0,7.3
V0.9W0.1Fe2Al,298.0,5.0
Mg1.96Bi0.02Si0.98,321.0,7.55
Mg1.96Bi0.02Si0.98,860.0,3.65
Ag0.05Pb0.45Sn0.45Sb0.05Te,320.0,0.9
Ag0.05Pb0.45Sn0.45Sb0.05Te,773.0,1.0
Ag0.05Pb0.45Sn0.45Sb0.05Te,298.0,1.43
CuY0.4Tb0.6,210.0,16.0
CuY0.4Tb0.6,210.0,25.8
CuY0.4Tb0.6,210.0,15.8
CuY0.4Tb0.6,210.0,25.9
CoGe1.5Te1.5,298.0,5.3
LaFePO0.9F0.1,300.0,3.0
Na0.01Pb0.99Se,300.0,4.25
Na0.01Ca0.04Pb0.95Se,300.0,3.0
Na0.01Ba0.04Pb0.95Se,300.0,2.6
Na0.01Sr0.04Pb0.95Se,300.0,3.0
Cd0.995Pr0.005O,1023.0,3.7
Cd0.995Pr0.005O,323.0,7.2
Ca0.5La0.5MnO3,100.0,2.25
Ca0.5La0.5MnO3,100.0,3.42
Ca0.5La0.5MnO3,200.0,3.27
Ca0.5La0.5MnO3,17.0,3.55
Ca0.5La0.5MnO3,17.0,3.46
Ca0.5La0.5MnO3,200.0,3.18
CuEu2O4,100.0,10.0
Hf0.25Zr0.25Ti0.50Ni0.90Pd0.10Sn0.98Sb0.02,300.0,5.64
Hf0.10Zr0.10Ti0.50Nb0.30Ni0.90Pd0.10Sn0.98Sb0.02,300.0,5.53
Sr0.15CuLa1.45Nd0.40O3.87F0.18,4.2,0.7
Sr0.15CuLa1.45Nd0.40O3.87F0.18,100.0,1.3
Sr0.15CuLa1.45Nd0.40O3.87F0.18,230.0,1.7
Sn0.02Bi1.08Sb0.90Te2S,298.0,1.0
Ir0.095Pt0.05Te2,0.3,0.051
Ir0.095Pt0.05Te2,0.3,0.171
CaCoO3,298.0,1.0
Ca0.15La0.7MnTe0.15O3.01,10.0,0.19
Ca0.15La0.7MnTe0.15O3.01,100.0,0.576
Ca0.15La0.7MnTe0.15O3.01,253.0,0.72
Ca0.15La0.7MnTe0.15O3.01,363.0,1.35
CrxGaAs,3.0,11.3
CrxGaAs,10.0,100.0
GaAsTex,3.0,170.0
GaAsTex,2.0,100.0
ZnxGaSb,298.0,24.3
ZnxGaSb,873.0,3.3
Cu0.67Si0.33S,300.0,2.3
Cu0.67Sn0.33Te,300.0,14.4
KBr0.5[CN]0.5,1.0,0.03
KBr0.5[CN]0.5,0.1,0.0017
KBr0.5[CN]0.5,0.5,0.0425
CoC36Cl2,298.0,500.0
CoC36Cl2,10.0,30.0
NixGaP,100.0,400.0
VxGaP,10.0,400.0
NixInP,60.0,900.0
VxInP,60.0,900.0
Sr2Cu2YBi2O8.50,300.0,3.8
Sr2Cu2YBi2O8.50,100.0,2.2
Sr0.05CuLa1.95O4,0.052,2e-05
Sr0.05CuLa1.95O4,1.0,0.01
Gd2.55Er0.45Ga5O12,298.0,7.2
ScGd2.01Er0.99Ga4O12,298.0,7.3
Sc0.988Nd0.066Gd2.934Cr0.024Ga3.988O12,298.0,7.0
Ba2Cu2.97EuMn0.03O7,50.0,4.76
Ba2Cu2.97EuMn0.03O7,298.0,4.82
CoSb2.94Se0.06,300.0,4.9
Sr0.15CuGd1.85O4,300.0,3.58
Ba0.3Co3.95Ni0.05Sb12,500.0,1.96
Y0.035Fe0.7Co3.3Sb12,50.0,1.95
Pb0.0016Bi1.63Sb0.37Se3,8.0,19.95
Cu0.1Bi0.5Sb1.4Te3,390.0,0.63
Cu0.1Bi0.5Sb1.4Te3,441.5,0.43
Cu0.1Bi0.5Sb1.4Te3,318.0,1.26
Cu0.1Bi0.5Sb1.4Te3,500.0,0.89
Ag0.2Bi1.6Te2.82Se0.18,298.0,1.051
Ag0.2Bi1.6Te2.82Se0.18,350.0,0.831
Y0.08Fe0.9408Co0.0192Si1.92O0.12,300.0,3.55
Fe0.9Co0.1Si2,300.0,5.64
Fe0.9Co0.1Si2,763.0,3.58
Fe0.9Co0.1Si2,800.0,3.121
Fe0.9Co0.1Si2,298.0,6.36
Fe0.9Co0.1Si2,400.0,5.7
Fe0.9Co0.1Si2,370.0,4.4
YB66C0.6,578.0,1.5
Ag0.04Bi0.45Sb1.41Te2.8,318.0,0.53
Ag0.04Bi0.45Sb1.41Te2.8,318.0,1.38
Pb0.999Bi0.001Te,298.0,2.86
Pb0.999Bi0.001Te,298.0,2.33
Ba0.5Sr0.5Nb2O6,,0.26
Ba0.5Sr0.5Nb2O6,0.1,0.0005
Ba0.5Sr0.5Nb2O6,1.0,0.02
ErSi2B44,579.0,1.5
Ba2Cu2.97Y0.95Pr0.05Mn0.03O7,298.0,4.3
Cu0.025TiSe2,298.0,1.35
Eu0.05Pb0.95Se,298.0,2.56
Li[BH4],200.0,5.28
Bi1.983Te2.648Se0.283Ox,350.0,0.96
Cu0.01Bi1.99Te2.7Se0.3,350.0,0.881
Cu0.01Bi1.99Te2.7Se0.3,100.0,1.49
Yb0.03Pb0.97Se,298.0,2.9
Pr0.0165Pb0.9835Te,298.0,3.5
Al0.09Bi1.96Te2.69I0.26,300.0,1.71
Bi1.93Sb0.09Te2.72I0.26,300.0,1.61
Cu0.00309Ge0.0125Bi1.9969Te2.9875,300.0,1.71
Y3Ru3.6Co0.4Ge13,300.0,3.68
Y3Ru3.6Co0.4Ge13,300.0,3.22
Ce0.03Pb0.97Se,298.0,7.86
Gd0.05Pb0.95Se,298.0,5.12
Co0.9Ir0.1Sb3,50.0,11.0
Mg0.1Ti0.9S2,300.0,4.82
YbSi2B44,35.0,10.3
Ba3Co2Bi2O9,300.0,2.73
Ba4Ga5In3Ge15,573.0,1.565
Ba4Zn1.4Ga8Ge13.6,650.0,1.237
Cr0.09Mo0.17Mn0.01Fe0.01Ni0.71Al0.01Si0.01,300.0,11.23
Sr0.5Eu0.5Ti0.8Nb0.2O3,298.0,7.5
Hf0.375Zr0.375Ti0.25CoSb,298.0,5.9
Ba0.32Co3.925Pd0.075Sb12,298.0,4.45
NdCoO3,370.0,1.26
Fe0.375Co0.25Ni0.375Sb3,305.0,3.15
Nd1.33Gd1.33S4,298.0,0.972
Nd1.33Gd1.33S4,315.0,0.96
Sr2Ca0.65Cu2Nd0.65Pb0.3Bi3.4O12,298.0,1.435
Mg2Al0.01Sn0.1Si0.89,298.0,3.8
Ca0.05Mg1.95Si,298.0,5.6
Ti0.05Sn0.94Sb0.01O2,298.0,3.5
La0.8Y0.1MnTe0.1O3,206.0,0.173
La0.8Y0.1MnTe0.1O3,180.0,0.173
Co0.955Pd0.045Sb2.955Te0.045,298.0,3.7
Co0.955Pd0.045Sb2.955Te0.045,873.0,3.47
Pb0.25Sn0.25Ge0.5Te,150.0,1.6
Pb0.25Sn0.25Ge0.5Te,430.0,0.45
Pb0.25Sn0.25Ge0.5Te,298.0,2.0
Mg2.1Ag0.15Cd0.75Sb2,298.0,1.75
Ca0.96Nb0.04Mn0.96Bi0.04O3,373.0,2.2
Cr0.97Mn0.03Sb2,51.0,18.6
PbTeBrx,298.0,2.574
Ca1.8MnBi0.2O4,298.0,0.69
Cd0.05Ti0.95S2,310.0,4.75
Zn6.67Sb4.93Te0.07,298.0,0.9
TiNiSn0.998Sb0.002,298.0,6.17
Ba2Cu2.94Zn0.06Y0.95Pr0.05O7,298.0,3.15
Ba2Cu2.94Y0.95Pr0.05Ni0.06O7,298.0,3.25
Zn13.33Sb9.9I0.1,30.0,2.13
Ba0.0625CoPb0.0125Sb2.875Te0.125,298.0,3.5
Al0.2Bi0.45Sb1.35Te3,319.0,0.723
Cu0.01Fe0.83Co0.03Si2.13,298.0,6.64
VFe2Al0.93Sb0.03Si0.04,298.0,9.12
LaGe5,298.0,10.5
Ba0.33Pr0.67Mn0.99Sb0.01O3,300.0,2.33
Sr0.92Y0.08Si2,298.0,5.0
Ba0.18Sr0.11Co4Sb12.09,298.0,4.6
Sr0.28Co4Sb12.88,298.0,4.9
Sr0.28Co4Sb12.88,850.0,3.9
Sr0.28Co4Sb12.88,298.0,5.1
Sr0.28Co4Sb12.88,850.0,1.3
Li0.2CoSb3,700.0,1.6
Tl2SnTe3,420.0,0.24
Tl2SnTe3,500.0,0.2
Sr2.8Dy0.54Er0.66Co4O10.52,300.0,1.77
SrTbCoO4,298.0,1.61
SrCeCoO4,298.0,3.39
SrCeCoO4,300.0,2.79
Sr4Ga7.5In0.5Ge15,300.0,1.45
In0.067Ge0.8Sb0.067Te,635.0,2.1
SbC120Cl5,2.0,9.0
SbC120Cl5,4.5,2.0
SbC120Cl5,4.5,16.5
SbC24Cl5,10.0,0.473
SbC24Cl5,266.0,0.483
SbC16.09C,10.0,0.53
SbC16.09C,275.0,0.65
SbC17.32Cl5,15.0,0.45
SbC17.32Cl5,225.0,0.58
SbC120Cl5,2.0,5.1
SbC120Cl5,300.0,235.0
SbC120Cl5,2.3,7.0
SbC120Cl5,300.0,295.0
SbC120Cl5,4.5,14.0
SbC120Cl5,4.5,6.8
SbC120Cl5,2.0,9.0
SbC120Cl5,290.0,450.0
SbC120Cl5,4.5,4.9
SbC120Cl5,4.5,22.0
Nb0.04Fe0.96Si2,385.0,8.9
Nb0.04Fe0.96Si2,1060.0,7.3
Ti0.04Fe0.96Si2,385.0,10.2
Ti0.04Fe0.96Si2,1070.0,6.9
Zr0.04Fe0.96Si2,385.0,11.45
Zr0.04Fe0.96Si2,1075.0,9.05
Na0.3Ca2.7Co4O9,298.0,4.13
Na0.3Ca2.7Co4O9,1000.0,3.01
Ca3.91Ce0.09Mn3O10,470.0,1.52
Ca3.91Ce0.09Mn3O10,676.0,1.41
YbRh2Ge0.1Si1.9,10.0,3.6
YbRh2Ge0.1Si1.9,200.0,18.2
Sr7.57Ga15.65Ge27.06Si3.72,50.0,1.125
Sr2.7Ca0.3Ti1.8Nb0.2O7,1000.0,2.56
Sr2.7Ca0.3Ti1.8Nb0.2O7,298.0,3.82
Ca0.05Y0.95CoO3,340.0,2.95
Ca0.05Y0.95CoO3,660.0,1.78
Ca1.8Nd0.2Co2.67O6.27,1073.0,1.65
Ca1.8Nd0.2Co2.67O6.27,370.0,1.88
Na0.07Ca1.73Nd0.2Co2.67O6.24,1073.0,1.63
Na0.07Ca1.73Nd0.2Co2.67O6.24,370.0,1.75
Na0.07Ca1.93Co2.67O6.27,1073.0,2.21
Na0.07Ca1.93Co2.67O6.27,370.0,2.34
Cd3.948Bi0.063Sb2.989,15.0,3.1
Cd3.948Bi0.063Sb2.989,298.0,0.7
Cd4.020Sn0.006Sb2.974,17.0,2.3
Cd4.020Sn0.006Sb2.974,298.0,0.6
Zn3.99Sb3Si0.01,298.0,0.91
Zn3.99Sb3Si0.01,5.0,0.29
Zn3.99Sb3Si0.01,32.0,1.78
LiCu1.95Zn0.05O2,48.0,48.0
Co2.8Rh1.2Sb12,325.0,5.2
Co2.8Rh1.2Sb12,754.0,4.98
Mo0.33Rh0.67O2,320.0,0.38
Mo0.33Rh0.67O2,806.0,0.45
W0.33Rh0.67O2,320.0,0.17
W0.33Rh0.67O2,804.0,1.87
MgZn0.1Co0.1Al1.8O4,373.0,0.68
MgZn0.1Co0.1Al1.8O4,298.0,0.59
Ba4Zn0.21Ga7.48Sn15.32,298.0,0.83
Ba4Zn0.21Ga7.48Sn15.32,600.0,1.21
Co4In0.16Ge0.05Sb11.95,673.0,1.93
Co4In0.16Ge0.05Sb11.95,298.0,2.9
Co0.95Ni0.05Sb2.9Te0.05Se0.05,298.0,3.65
Co0.95Ni0.05Sb2.9Te0.05Se0.05,675.0,2.78
CoSb2.9Te0.05Se0.05,298.0,4.03
CoSb2.9Te0.05Se0.05,678.0,2.66
Nb0.4V0.6Fe0.085Co0.015Sb,298.0,5.9
Nb0.4V0.6FeSb,298.0,6.6
Ba4Ga8Ge15,150.0,1.82
Ba4Ga8Ge15,573.0,1.98
Ba4Ga8Ge15,298.0,2.03
Ba4Ga8Ge15,298.0,2.67
Ba4Ga8Ge15,800.0,1.23
Ba4Ga8Ge15,298.0,1.97
Ba4Ga8Ge15,298.0,0.489
Ba4Ga8Ge15,300.0,2.68
Ba4Ga8Ge15,673.0,2.38
Ba4Ga8Ge15,973.0,3.0
Ba0.06Sc0.5Nb0.5Pb0.94O3,50.0,0.38
Ba0.06Sc0.5Nb0.5Pb0.94O3,0.2,0.00025
Cu2Ga0.05Ge0.95Se3,298.0,2.3
Cu0.01Ni0.02Bi1.96Te2.646Se0.294,100.0,1.27
Y0.062Er1.938Ti2O7,298.0,2.37
Sc0.05Ti0.95CoSb,350.0,2.4
Co0.94Ni0.06SbS,320.0,8.0
URu2Si2,0.55,3.77
URu2Si2,2.0,5.1
SnxBiTex,0.0,200.0
Li0.99[NH4]0.99Cu0.01[SO4]0.99,425.0,0.25
Li0.99[NH4]0.99Cu0.01[SO4]0.99,298.0,0.16
Li0.99[NH4]0.99Cu0.01[SO4]0.99,298.0,0.19
Li0.99[NH4]0.99Co0.01[SO4]0.99,424.0,0.23
Bi2SbxTe2.4Se0.6Ix,321.0,1.67
Bi2SbxTe2.4Se0.6Ix,428.0,1.57
Bi2SbxTe2.4Se0.6Ix,571.0,1.66
Bi2SbxTe2.4Se0.6Ix,298.0,1.31
Bi2SbxTe2.4Se0.6Ix,298.0,1.25
Li0.99[NH4]0.99Ni0.01[SO4]0.99,422.0,0.24
Li0.99[NH4]0.99Mn0.01[SO4]0.99,429.0,0.19
Fe0.91Co0.0186Si1.98C0.07,400.0,5.2
Cu0.11Fe0.8Co0.016Si1.76C0.062,400.0,6.2
Ga0.02Ge0.392Si1.568P0.02,300.0,5.37
Ga0.02Ge0.392Si1.568P0.02,773.0,4.57
Sr0.3Nd0.7Cr0.01Mn0.99O3,300.0,2.2
Sr0.3Nd0.7Cr0.01Mn0.99O3,10.0,3.9
Pr3Ge,280.0,11.0
AgPr0.5Nd0.5,10.0,4.0
B6PSix,250.0,5.0
Mg0.125CuBi0.875SeO,300.0,0.48
N0.0094O0.9906,8.0,10.0
N0.0094O0.9906,2.8,1.0
Ar0.005O0.995,10.0,2.8
La98Tb0.85Lu1.15,0.85,0.27
La98Tb0.85Lu1.15,0.85,0.07
AuCe0.5In0.5,300.0,12.0
Cu2Y0.3Sm0.7,280.0,2.1
Cu2Y0.3Sm0.7,5.0,1.5
Ca1.8Yb0.2Co2.67O6,300.0,1.03
EuTi0.98Nb0.02O3,330.0,2.25
EuTi0.98Nb0.02O3,330.0,2.2
Ba0.9Fe3NiSb12,298.0,3.3
Ba0.9Fe3NiSb12,298.0,2.42
Ba0.46Ca0.46Fe4Sb12,298.0,4.3
Cu0.006Ge0.994Bi4Te7,298.0,0.65
Ba0.08La0.05Yb0.05Co4Sb11.92,298.0,2.3
Zn0.032Sm0.008Sb3,300.0,0.71
In4Pb0.01Sn0.03Se3,293.0,1.0
Cu0.95LaNi0.05O2,40.0,2.5
RbMnFexF3,0.35,0.055
RbMnFexF3,18.0,43.0
RbMnFexF3,21.0,40.0
RbMnCoxF3,0.34,0.13
RbMnCoxF3,14.0,99.0
RbMnCoxF3,21.5,78.0
RbMnNixF3,0.34,0.15
RbMnNixF3,15.0,90.0
RbMnNixF3,20.0,78.0
In0.97Pb0.03Te,300.0,1.1
Ge9Bi2Te12,84.0,0.8
Ge9Bi2Te12,295.0,1.1
Ge9Bi2Te12,340.0,1.1
Sr1.97Ca1.13Cu2.07V0.15Bi1.77O8,100.0,0.64
Sr1.97Ca1.13Cu2.07V0.15Bi1.77O8,200.0,0.68
Sr1.97Ca1.13Cu2.07V0.15Bi1.77O8,4.5,0.04
CuTi0.02Sb0.98Se2,5.0,1.6
CuTi0.02Sb0.98Se2,38.0,5.5
CuTi0.02Sb0.98Se2,296.0,2.15
CuTi0.02Sb0.98Se2,310.0,2.23
CuPb0.02Sb0.98Se2,5.0,0.95
CuPb0.02Sb0.98Se2,48.0,3.1
CuPb0.02Sb0.98Se2,150.0,2.1
CuPb0.02Sb0.98Se2,286.0,2.08
Y0.02Zr0.98NiSn0.98Sb0.02,373.0,8.8
FeAl0.06Si1.95,370.0,7.8
Ca0.96V0.04Mn0.96Bi0.04O3,300.0,2.0
Ag0.02Zn3.98Sb3,300.0,0.86
Ag0.02Zn3.98Sb3,57.0,11.18
Hf0.495Zr0.495V0.01Ni0.9Pd0.1Sn0.99Sb0.01,295.0,5.65
Hf0.345Zr0.345Ti0.3V0.01Ni0.9Pd0.1Sn0.99Sb0.01,296.0,5.0
Cu2Sn0.9Ge0.1Se3,303.0,2.9
Mo3Co0.05Sb5.4Te1.6,320.0,5.6
Mo3Co0.05Sb5.4Te1.6,670.0,2.7
Mo3Ni0.05Sb5.4Te1.6,320.0,5.61
Mo3Mn0.05Sb5.4Te1.6,322.0,5.4
Mo3Fe0.05Sb5.4Te1.6,320.0,5.2
Mo3Fe0.05Sb5.4Te1.6,670.0,2.1
Ba0.08La0.022Ce0.041Pr0.004Nd0.013Co4Sb12,303.0,4.6
Ba0.08La0.022Ce0.041Pr0.004Nd0.013Co4Sb12,298.0,4.63
Ca0.07La0.020Ce0.036Pr0.004Nd0.011Co2Ni2Sb12,300.0,4.3
Ca0.07La0.020Ce0.036Pr0.004Nd0.011Co2Ni2Sb12,298.0,4.38
Ca0.1La0.028Ce0.051Pr0.005Nd0.016Co4Sb12,303.0,5.09
Ca0.1La0.028Ce0.051Pr0.005Nd0.016Co4Sb12,298.0,4.7
Sr0.1La0.028Ce0.051Pr0.005Nd0.016Co4Sb12,303.0,5.26
Sr0.1La0.028Ce0.051Pr0.005Nd0.016Co4Sb12,298.0,5.23
Sr0.05Ca0.05La0.03Ce0.05Pr0.01Nd0.01Co4Sb12,303.0,4.31
Sr0.05Ca0.05La0.03Ce0.05Pr0.01Nd0.01Co4Sb12,298.0,4.22
Ba0.05Sr0.05La0.028Ce0.051Pr0.005Nd0.016Co4Sb12,308.0,4.175
Ba0.05Sr0.05La0.028Ce0.051Pr0.005Nd0.016Co4Sb12,298.0,4.16
Ba0.05Ca0.05La0.03Ce0.05Pr0.01Nd0.01Co4Sb12,303.0,4.52
Ba0.05Ca0.05La0.03Ce0.05Pr0.01Nd0.01Co4Sb12,298.0,4.12
Ca2Ti0.2Co2.47O6,300.0,2.255
H2Rb0.5[NH4]0.5[PO4],100.0,0.6
D2Rb0.5[ND4]0.5[PO4],10.0,9.0
Yb1.05Al3B0.05,323.0,19.4
Yb1.05Al3C0.05,323.0,21.0
Ag0.03Bi1.99S3,323.0,0.745
Ca3Cu0.2Co3.8O9,300.0,0.99
Ca3Cu0.2Co3.8O9,373.0,1.74
Ca3Co3.93O9.07,300.0,2.5
Ca3Co3.93O9.07,298.0,1.83
Ca3Co3.93O9.07,300.0,0.73
Ca3Co3.93O9.07,373.0,2.57
Cu23Fe13Al64,300.0,700.0
Cu23Fe13Al64,100.0,0.68
Cu23Fe13Al64,100.0,0.37
CeBiTe3,290.0,2.1
CeBiTe3,592.0,1.77
CeBiTe3,743.0,1.84
VFe2Si,100.0,16.1
VFe2Si,100.0,14.9
PbBiSe2,300.0,0.87
Ca2.01Co2Bi1.74O7.38,870.0,1.16
Ca2.01Co2Bi1.74O7.38,320.0,1.58
CeFe2.4Ru1.2Sb12,298.0,2.32
Ba0.2SrCa3Cu4PbBi3O14.7,298.0,1.09
Ru0.24Co0.02In0.74,973.0,6.3
Ru0.24Co0.02In0.74,373.0,2.6
Cu2GeSe3,300.0,2.4
Cu2GeTe3,300.0,13.0
Sr1.8Ca1.2Cu2Bi2O8,80.0,3.93
Sr1.8Ca1.2Cu2Bi2O8,80.0,3.78
Sr1.8Ca1.2Cu2Bi2O8,130.0,4.5
Sr1.8Ca1.2Cu2Bi2O8,50.0,4.0
Sr1.8Ca1.2Cu2Bi2O8,295.0,6.7
Sr1.8Ca1.2Cu2Bi2O8,100.0,4.2
Sr1.8Ca1.2Cu2Bi2O8,62.0,4.8
Sr1.8Ca1.2Cu2Bi2O8,25.0,3.6
Sr1.8Ca1.2Cu2Bi2O8,286.0,560.0
Sr1.8Ca1.2Cu2Bi2O8,30.0,3.54
Sr1.8Ca1.2Cu2Bi2O8,75.0,5.07
Sr1.8Ca1.2Cu2Bi2O8,100.0,4.7
Sr1.8Ca1.2Cu2Bi2O8,150.0,5.15
Sr2.5Ca0.5Cu2Bi2O8.4,4.2,0.08
Sr2.5Ca0.5Cu2Bi2O8.4,50.0,0.62
Sr2.5Ca0.5Cu2Bi2O8.4,245.0,1.15
Ba2Cu3YO6,77.0,0.65
Ba2Cu3YO6,290.0,0.9
Cu0.02LaCo0.98O3,30.0,1.4
BaIrO3,50.0,1.08
CeRhAs,165.0,1.8
CeRhAs,235.0,2.4
CeRhAs,235.0,3.0
CeRhAs,165.0,2.6
CeRhAs,235.0,1.5
CeRhAs,165.0,1.1
CeRhAs,165.0,1.8
CeRhAs,20.0,9.4
CeRhAs,21.0,12.2
CeRhAs,165.0,2.6
CeRhAs,18.0,5.7
CeRhAs,165.0,1.1
Sr0.5Eu0.5MnO3,45.0,0.47
Sr0.5Eu0.5MnO3,45.0,0.79
CoSn0.2Sb0.8,300.0,2.23
Sr7Cu24La7O41,5.0,2.0
Sr7Cu24La7O41,300.0,53.0
Sr7Cu24La7O41,5.0,2.0
Sr7Cu24La7O41,300.0,54.0
Re0.075Pd0.225Al0.70,600.0,2.71
Re5.4Fe3.6Pd20Al71,600.0,2.4
Sr2Co2Pb0.6Bi1.4O8.3,10.0,0.73
Sr2Co2Pb0.6Bi1.4O8.3,298.0,4.4
Ba6Ge25,500.0,3.79
Ba6Ge25,373.0,3.39
Ba6Ge25,298.0,1.35
Ba6Ge25,298.0,2.8
Ca2.9Ag0.1Co4O9,298.0,2.77
Ca2.9Ag0.1Co4O9,298.0,2.7
Tl8GeTe5,298.0,0.14
La0.8Ho0.1MnTe0.1O3,100.0,0.069
La0.8Ho0.1MnTe0.1O3,156.0,0.089
Sr2ErRuO6,1200.0,0.152
Re0.53Ru0.47Si1.635,298.0,1.36
Re0.73Ru0.24Al0.07Si1.6,298.0,1.73
Ba3NbFe3[SiO4]2O6,20.0,1.35
Mn0.85Ru0.15Si1.71,298.0,1.5
Tl4Zr1.03Te4,298.0,0.3
CrN0.9O0.1,255.0,4.2
Tl4ZrTe4,298.0,0.3
BaHoCo4O7,298.0,0.62
Ca2Zn0.05Fe1.95O5,1023.0,1.7
Ca3Zn0.2Co3.8O9,300.0,2.7
In0.067Ge0.8Sb0.067Te,760.0,2.64
Na0.2Nd0.8MnO3,50.0,0.83
Na0.2Nd0.8MnO3,291.0,1.25
Na0.2Nd0.8MnO3,100.0,1.13
Na0.2Nd0.8MnO3,150.0,1.25
FeC24Cl3,298.0,150.0
FeC24Cl3,298.0,1.3
FeC24Cl3,2.0,0.07
FeC24Cl3,298.0,480.0
FeC24Cl3,298.0,490.0
FeC24Cl3,298.0,90.0
FeC24Cl3,1.7,0.36
FeC24Cl3,20.0,4.6
FeC24Cl3,250.0,1.2
FeC24Cl3,3.0,38.0
FeC24Cl3,300.0,630.0
FeC24Cl3,298.0,570.0
FeC24Cl3,298.0,70.0
MgCe[NO3]4,1.0,1.0
MgCe[NO3]4,0.2,0.02
MgCe[NO3]4,1.0,20.0
MgCe[NO3]4,0.2,0.2
Bi2Te0.85Se0.15,733.0,1.35
Bi2Te0.85Se0.15,298.0,1.06
La0.8Y0.1MnTe0.1O3,5.0,0.008
La0.8Y0.1MnTe0.1O3,100.0,0.118
La0.8Ho0.1MnTe0.1O3,50.0,0.04
La0.8Ho0.1MnTe0.1O3,100.0,0.069
LiCu2O2,14.0,45.0
Ba0.33La0.67Mn0.95Sb0.05O3,10.0,0.45
Ba0.33La0.67Mn0.95Sb0.05O3,273.0,2.66
Ba0.33La0.67MnO3,357.0,4.48
Ba0.33La0.67MnO3,350.0,4.49
Sr2Co2Bi2O8.5,5.0,0.6
Sr2Co2Bi2O8.5,298.0,4.4
Sr2Co2Bi2O8.5,300.0,2.3
Sr2Co2Bi2O8.5,100.0,1.0
Sr1.8La0.2ErRuO6,872.0,0.68
Sr1.8La0.2ErRuO6,473.0,0.89
[HD],4.2,60.0
[HD],7.0,5.0
[HD],4.2,7.0
[HD],7.0,1.2
Co4In0.5Pb0.2Sb12,673.0,1.99
Co4In0.5Pb0.2Sb12,673.0,2.61
Co4In0.5Pb0.2Sb12,314.9,2.84
BaFe3.7Co0.3In0.5Sb12,300.0,3.55
BaFe3.7Co0.3In0.5Sb12,800.0,3.64
Sr1.9Ca0.1Co2Bi2O7.2,300.0,3.6
Sr1.9Ca0.1Co2Bi2O7.2,100.0,1.3
Ca2.95Eu0.05Co4O9.525,298.0,1.57
PbxBi0.48Sb1.56Te2.97Se0.06,315.0,1.88
PbxBi0.48Sb1.56Te2.97Se0.06,426.0,1.66
PbxBi0.48Sb1.56Te2.97Se0.06,517.0,1.64
PbxBi0.48Sb1.56Te2.97Se0.06,298.0,0.915
AgxBi2Te2.4Se0.6Ix,314.0,1.4
AgxBi2Te2.4Se0.6Ix,418.0,1.4
AgxBi2Te2.4Se0.6Ix,573.0,1.57
ZnyVxGaP,10.0,60.0
Tl9DyTe6,500.0,1.1
Ca9Co12O28,300.0,1.93
Ca9Co12O28,973.0,1.73
Ga0.05Bi1.9Te0.05S2.95,298.0,1.13
Sr2CaMgCu2Bi2O9.1,4.2,0.15
Sr2CaMgCu2Bi2O9.1,50.0,0.5
Sr2CaMgCu2Bi2O9.1,250.0,1.1
Sr2CaMgCu2Bi2O9.1,4.2,0.07
Sr2CaMgCu2Bi2O9.1,50.0,0.35
Sr2CaMgCu2Bi2O9.1,250.0,0.87
Sr2CaMgCu2Bi2O9.1,4.2,0.07
Sr2CaMgCu2Bi2O9.1,50.0,0.4
Sr2CaMgCu2Bi2O9.1,250.0,1.1
Sr2MgCu2Bi2O9.1,4.2,0.06
Sr2MgCu2Bi2O9.1,50.0,0.32
Sr2MgCu2Bi2O9.1,245.0,0.88
Tm[VO4],1.4,0.1
Tm[VO4],1.4,0.85
Tm[VO4],1.4,2.6
Cu10Zn2Sb4S13,298.0,0.48
CeBiTe3Clx,290.0,1.9
CeBiTe3Clx,540.0,1.58
CeBiTe3Clx,750.0,1.7
CrPb0.5Te2,298.0,1.75
FePb0.5Te2,298.0,1.6
Cu3Zr35Ti45Ni17,298.0,5.347
Ca2.8Cu0.2La0.2Co3.8O9,343.0,1.51
Ca3Co3.95Ga0.05O9,1078.0,1.5
Ca3Co3.95Ga0.05O9,300.0,2.25
Ge0.01Bi1.99Te2.85Se0.15,298.0,1.065
Sr0.2La0.8Mn0.1Co0.9O3,300.0,3.78
Na0.2Ca2.8Cu0.2Co3.8O9,353.0,2.43
