,formula,target
1371,Li0.04Mg0.98Cu1.98O3,-9.641123288068638
228,CuInS2,-6.907755278982137
572,Li0.5TiO2,-18.12057615150203
1556,Ba0.68Fe6CoPb0.32O11,-8.568486485803788
1580,LaZr3Nb7Pb5O30,-26.25477709066216
286,DyCoO3,-8.294049640102028
1225,La0.8Sm0.2MnO3,-1.2729656758128873
1497,KNb0.995Al0.005O3,-18.420680743952367
1541,K0.32Na0.66Bi3S5,-6.2659013928097425
1561,SmTi0.8TaSn0.2O6,-8.394975558691987
660,Li0.33La0.67MnO3,5.41610040220442
135,Sb4Te3,12.611537753638338
961,Li5.5La3Nb1.75In0.25O12,-6.437751649736401
432,Sr1.9CuBi2.1O6,9.560997243589352
1398,Nb0.5Fe0.5PbO3,-13.41004544985611
211,CaTiO3,-17.38749626060671
1519,Ge7Bi2Te10,11.184421397998193
1459,Co2.8Rh1.2Sb12,9.305650551780507
88,VSe2,14.557447902693651
1431,Pb0.5Sn0.5Te,13.122363377404328
1546,Ag0.25Cd0.5Ga0.05In0.2S,4.605170185988092
298,Ag0.5Bi0.5S,8.556413904569519
799,KBi6.33S10,8.748304912379623
406,In2TeSe2,-6.907755278982137
579,YbN,13.934626038854436
1623,BaFe16Co2O27,-7.600902459542082
1373,MoBi2O6,-8.111728083308073
1026,Ca4.74Ir3O12,4.468204330914934
353,Be12Ta,14.635290389457586
1378,Li0.11Ti0.89N0.72O0.58,7.3777589082278725
1125,Mg1.33La2Ta0.67O6,-16.596131451901318
1266,TiV0.5Ni0.5Sn,11.002099841204238
587,BaFe6CoO11,-6.406979991069647
790,Sr0.5Ce0.5VO3,6.052089168924417
45,Cu9S5,10.043249494911286
724,Ce4Fe2.027Al6.973Si8,13.500799813124575
1201,ScCo0.93Sb,13.444446876573442
1480,Li1.1Hf1.9Cr0.1PO43,-3.270169119255751
634,Li0.5La0.5TiO3,-2.676551534042839
192,Ag3AsS3,-7.5810998322459024
1011,AgCuHgI4,-8.078938260485081
1468,Co4In0.16Ge0.05Sb11.95,10.51867319162636
1017,Ti6FeBi9O27,-12.066310703155015
698,Cu0.39UTe3,10.239959789157341
555,SnCl2H2O2,-9.210340371976182
993,AgBi2.7Sb0.3S5,10.165851817003619
110,Ge2Bi2Te5,11.156250521031495
902,Sr0.2Pr0.8CoO3,11.05089000537367
510,BaBiO3,1.0647107369924282
584,ReO2,7.27931883541462
1082,La2Fe0.05Ni0.95O4,7.90100705199242
984,TlI,-16.11809565095832
730,Li0.18La0.61TiO3,-3.146555163288575
612,NaGdS2,7.02108396428914
321,Na0.5Y0.5F2,29.135098512704822
62,PbSe,7.261927092702751
146,As2Se3,-24.298816605753345
952,W0.5Mo0.5SeS,-5.744604469176456
1070,LaFe0.5Rh0.5O3,-5.115995809754082
1659,LiCu0.4Ni0.6VO4,-7.888584531993863
1343,Mn0.25Sn0.75Bi2Se4,8.45531778769815
512,CuMn2O4,-2.3025850929940455
56,In2S3,-1.1973282616072674
142,SrPbO3,-0.916290731874155
1574,LiCrTeO4,-17.890052492890195
1581,LaZrTi2Nb7Pb5O30,-20.566262088136746
1047,V0.85Ni0.15Bi2O5.225,-1.7660917224794772
1590,K0.5MnO2,6.907755278982137
1400,Sr0.5Eu0.5Ti0.8Nb0.2O3,12.80765263256463
918,In0.2Sn6Bi1.8Se9,7.587817219993427
957,Sr0.95Gd0.05TiO3,11.573550086786664
1631,Ba6Ge25,12.206072645530174
325,TlSbTe2,4.787491742782046
198,FeAl2O4,-6.991136887921188
812,LiUO24VO43,-4.605170185988091
1618,BeSb2,6.565264970035361
159,TiCoSb,7.489970898834801
227,Cu2HgI4,-12.716898269296165
768,SrNdNiO4,-0.916290731874155
757,CdCr1.2Ga0.8Se4,-1.2039728043259361
1060,Cu2.67Sn0.67S4,5.480638923341991
1383,Cu0.1Bi0.5Sb1.4Te3,10.732039370102276
1363,CaCu3Ti3.97Cr0.03O11.985,-10.015537056344751
997,LiN2H5SO4,-15.424948470398375
977,Fe2O3,1.6094379124341003
1234,Hf0.25Zr0.25Ti0.50NiSn0.98Sb0.02,11.156250521031495
597,Sr2N,8.699514748210191
331,CuGaTe2,8.655214489313613
427,Ba2Ti4Fe2O13,-8.473176305999463
289,US,13.122363377404328
1525,Cr0.2Fe0.8B105,0.0
767,Fe2O3,3.912023005428146
525,Ba0.5Sr0.5TiO3,-30.156749760236803
556,Li0.33Mg0.5Sn0.17O,-12.98260143502917
1443,Mo0.005Re0.995Se2,5.521460917862246
1437,B12P0.05C2.95,2.5649493574615367
87,SnSe,-9.688376172919183
401,Cu3PS4,-3.506557897319982
937,K0.1Ca0.2La0.7MnO3,-3.649658740960655
870,Ag0.5Sb0.5PSe3,-4.2336066295556085
154,TlBiSe2,10.791378809888585
1596,CeFe2.4Ru1.2Sb12,12.273731294003989
1242,CaZr0.06Mn0.94O2.93,7.154615356913663
1078,BaCuNdFeO5,0.9162907318741551
823,CdIO32,-11.512925464970229
1555,Cu0.5Dy0.33Ta2O6,-17.800104256227254
1422,K0.27Ru1.02CN4H2O3.56,-0.5638748448558062
1027,BaCuSeF,1.791759469228055
1262,Fe0.5Pd0.5Sb3,11.512925464970229
1575,NbPO4OH2H2O2,-10.41431317630212
559,Sr0.4La0.6MnO3,8.070906088787819
1090,Sr0.95Dy0.05TiO3,11.566466231898259
1435,Na0.25Li0.25La0.5CrO4,-12.02375108873622
537,K4Ge22,4.997212273764115
120,CdS,-7.012660898121076
854,Ba0.5La0.5Mn0.5Sn0.5O3,-2.703062659591171
816,Ag5Te2Cl,-2.5120723178607696
83,V2O3,10.819778284410283
786,MoO3H2O,4.579852378003801
1183,Ca0.25Ho0.75CoO2.89,0.23111172096338664
725,K2.15Pb1.70Sb8.15Se15,-1.3470736479666092
186,SnS,0.8733832308628786
1035,NH42PtCN4Cl0.3H2O3,3.6888794541139363
478,H2KAsO4,-18.158316479484874
859,Ag0.025La0.975MnO3,6.956545443151569
314,Er0.05Sn0.95Se,-13.815510557964274
1397,Cu0.00309Ge0.0125Bi1.9969Te2.9875,11.156250521031495
1637,LiFe0.4Co0.6VO4,-10.319002996497794
1390,Ca12Al14O33,2.1972245773362196
705,Sr0.9La0.1Ti0.9Cr0.1O3,-7.195437351433918
821,CuScO2,2.9444389791664403
1252,Ba0.4Sr0.4La0.2Fe0.2Co0.8O3,9.581903928408666
133,GeSb6Te10,12.429216196844383
426,Ba0.32Ti1.35Fe0.65O4,-8.87386813535497
1432,Cu2Te0.9S0.1,12.611537753638338
1308,Na0.2Ag2.8EuTe4,7.090076835776092
943,Cu0.5Zn0.5FeGaO4,-9.544415483997675
1444,Cu0.5YMn0.5O3,0.1823215567939546
81,Ti6O11,11.608235644774552
596,PbN32,-25.328436022934504
1015,K1.27Na0.23Ga10.77O16.91,0.6931471805599453
1678,Li6ZnTiO6,-16.11809565095832
1313,K0.33Ba0.67AgTe2,2.995732273553991
1605,Cu2PbBr4,-16.34123920227253
422,Ag3VO4,-16.11809565095832
571,SrCu0.3Fe0.3Co0.4O3,6.354370040797351
638,Cu4SnP10,-10.770988120240851
1249,CuFe0.98Ni0.02O2,7.07326971745971
1226,HLi3WMo8S8O13OH8H2O19,-6.119297918617867
1557,Mo3Co0.05Sb5.4Te1.6,11.918390573078392
1364,La0.09Zr0.64Ti0.34Pb0.91O3,-12.591735126342158
335,SrTiO3,-13.766720393794841
1482,Li2.7Hf0.3Cr1.7PO43,-2.9412440882699213
1113,Sr2Ti0.8Nb0.2O4,8.006367567650246
443,BaRuO3,11.156250521031495
1403,Fe0.375Co0.25Ni0.375Sb3,10.626193535337618
375,CuSmS2,-2.7646205525906042
1008,CsCu4I2Cl3,3.367295829986474
941,Na0.001Cu0.999InS2,-4.990832666800076
361,NbSe3,13.287877815881902
1681,Na0.4Dy0.6F2.2,27.274346171989816
693,Ba2Cu3YO6.1F1.1,5.247024072160486
872,CoIn2Se2S2,-5.2030071867437115
1296,NdMn0.5Rh0.5O3,-3.223888366691745
521,MnNiO3,-15.01948336229021
1176,Li2.2Ta0.4Cr1.6PO43,-8.740336742730447
746,Yb0.5Fe2Co2Sb12,11.341662535533008
1599,Ca0.75Ho0.25CoO2.65,1.9572739077056285
750,Ba0.35Co4Sb12,12.278160721924428
558,Er2Si2O7,-11.417615285165903
1283,Zr0.26Ti0.24Nb0.25Fe0.25PbO3,-8.111728083308073
409,K2.5Sb8.5Se14,0.0
12,RuAl2,0.26236426446749106
718,Na0.2La0.8MnO3,8.935903526274423
404,TiNiSn,9.425451751593128
1199,RbLaBi4S8,-4.605170185988091
73,H2O,-11.512925464970229
195,Ag2CdI4,-10.819778284410283
399,Ho2Al3Si2,15.319587954740548
1626,NbAsO4OH2O,-10.819778284410283
534,CaCu3Ti4O12,-5.991464547107982
644,VAsO4OH2O3,-7.824046010856292
1329,Li6PO4ClO,-16.11809565095832
785,W3O9H2O,-4.656463480375642
810,Cr1.33Ga2Se5,-6.776727016575733
215,Zn0.5Cd0.5Se,-15.01948336229021
1608,Dy0.1Ti0.536Pb0.9Sn0.439O3,-11.849097746582443
163,CuInSe2,2.6946271807700692
1657,LiMn0.4Co0.6VO4,-10.126631103850338
1440,Sr0.82Th0.18F2.36,-11.417615285165903
1568,KC24,16.64872390202049
622,Cu0.25Zn0.5In0.25S,1.6094379124341003
702,Sr0.5La0.5Ti0.5Cr0.5O3,-3.7722610630529876
280,InSe,-4.390058806371146
1635,BaY2WO7,-9.811820364010304
496,LaCrO3,-1.4271163556401458
311,Ag3YCl6,-8.517193191416238
131,GeSb2Te4,12.206072645530174
251,PbTe0.5Se0.5,2.2082744135228043
1454,Zn0.9LaZr0.1PO,3.332204510175204
494,CaC6,13.676248490630767
1092,K2Bi8Se13,0.47000362924573563
764,Ga0.05SnBi1.95Te4,11.666504552898529
804,K1.4Sn2.2Bi7.4Se14,12.206072645530174
674,In0.30Pb0.35Sn0.35Te,11.512925464970229
1093,Cs4Bi2P5Se15,-16.379460415092726
654,Cu0.8Ti0.2Fe2O4,-6.868534565828856
1194,Fe1.10Co0.02Te,12.037653993905211
359,NbS2,8.584851839890053
671,LaFe0.5Ni0.5O3,4.605170185988092
890,Mo3Sb5.4Te1.6,12.066810578196666
742,Mn0.3Fe0.7BiO3,0.3038014543316642
1159,Cs0.38Cu2.62LaTe3,10.907789161732996
239,In1.8Sn0.2O3,12.611537753638338
350,EuB6,11.03488966402723
894,Li1.33Mg0.33PS3,-8.947976107508692
916,Mg0.05CuCr0.95O2,6.907755278982137
661,Nb0.5Fe0.5PbO3,-9.210340371976182
959,NaEuTi2Ta2WPbO15,-13.122363377404328
1144,KHf0.12Ti0.88PO4O,-5.9638493800750085
631,Sr2VO4,4.2626798770413155
701,Ba6Sn1.68Ge23.32,12.043553716032399
1065,WMnPb2O6,-15.424948470398375
845,Pb0.35Sn8.65Bi4Se15,6.907755278982137
575,BaEr2NiO5,-7.4524824544238095
955,BaNdCo2O5.85,10.106428396532818
27,TiN,13.928839243271277
425,Ba2Cu3SmO7,10.933106969717286
868,Sr0.9La0.1PbO3,9.92378025580389
839,Rb0.5Pb0.5F1.5,-6.56416557459206
1413,Zn0.5Ce1.5Nb0.5Bi1.5O7,-26.272611958298192
487,Ag0.16Ge0.67Sb0.17Te,11.06663836234181
1134,Li2Rh6Bi0.78O12,8.809862805379057
1003,Re3GeAs6,11.608235644774552
1665,BaFe3.7Co0.3In0.5Sb12,12.535376392672774
1079,BaCuSmFeO5,-1.0498221244986778
495,BaSnF4,-5.298317366548036
1204,CuMo3Cl7,-11.512925464970229
90,SmS,8.216088098632316
1465,W0.8MnRe0.2Pb2O6,-13.815510557964274
262,Mg2Sn0.7Si0.3,6.063785208687608
1518,Ge8Bi2Te11,11.48246625748552
846,Ag0.24Sb10.76Te4,10.981897133886719
148,Bi2S3,1.0303334479148152
1210,Pr2RuCoO6,-0.2231435513142097
390,AgTaS3,4.343805421853684
78,Ti3O5,8.160518247477505
863,Zn2EuSb2,11.641318679738628
1559,Mo3Mn0.05Sb5.4Te1.6,12.013700752882718
1602,RbC24,16.523560759066484
35,CuSe,12.367340793126296
1507,WMo5SnS8,11.77528972943772
802,H4Cs3PO4SO42,-12.850429661920687
892,Tm2Al3Si2,15.201804919084164
1463,LiZr0.6Ti1.4PO43,-6.21410822338054
323,V0.5Rh0.5O2,4.02535169073515
834,Na12Al12Si12O48H2O27,-4.199705077879927
6,Si,-0.5108256237659907
1051,Cu4YbRh0.19In0.81,12.206072645530174
452,AgCd2GaSe4,-15.01948336229021
1675,K0.39V2O5H2O0.6,-2.7630345094349695
1472,Ba4Ga8Ge15,11.517913006481267
216,Zn0.5Cd0.5Se,-13.815510557964274
774,KCaF3,2.6741486494265287
395,TlGaSe2,-5.744604469176488
1310,Cu2Te0.7Se0.3,12.206072645530174
503,LiIO3,-7.487573774235079
383,In0.1As1.9Se2.95,-23.536676553706446
310,TmVO4,-14.413347558719895
900,YbGaGe,12.417143615610113
664,Sr0.2FeBi0.8O3,-12.568478264177891
520,DyOH3,-9.457520501118633
1467,Ba0.99La0.01Ti0.99Co0.01O3,-8.517193191416238
1336,Hf0.5Zr0.5RhSn0.01Sb0.99,9.100525505968976
205,GdN,5.703782474656201
1594,BaNb0.5Bi0.5O3,-7.501057124572366
1264,Ba4Cu3.75Si2Te9,0.6931471805599453
1289,K0.54Sn4.68Bi2.78Se9,11.082142548877775
636,Cu0.5Fe2Ni0.5O4,-8.394975558691987
991,RbKBi8Se13,11.198214720130528
640,La0.08Zr0.55Ti0.45Pb0.92O3,-12.000685815805223
574,BaCu3LaYO7,2.1972245773362196
726,K1.6Pb2.3Bi8.0Se14,11.05089000537367
315,PbSb2Se4,18.60300230074632
1141,ZnV0.1Cr1.9Se4,-2.900422093749666
1489,Mg0.02Zn0.98SO4CSN2H43,-23.38252587387919
1409,Cs0.8Sn4.3Bi10.6Se21,9.740968623038354
1347,K7.5Ag13.5Ce6Te27,7.9724660159745655
851,Er0.15Nb0.1Bi0.75O1.6,-8.947976107508692
948,NH42PtC2O42H2O2,-6.907755278982137
825,Ag5Te1.8S0.2Cl,0.6418538861723947
994,Ag5Te1.6Se0.4Cl,-3.582719258285546
1636,Tl4ZrTe4,6.309918278226516
1340,SrCo0.95Si0.05O2.79,10.46310334047155
188,ZrSe2,8.006367567650246
189,TlSe0.5S0.5,-3.5267606046375013
683,Ho2Mo2O7,9.698920386794853
242,La2NiO4,8.716044050161402
1512,KLa0.005NbAl0.005O3,-12.206072645530174
498,KNbO3,-15.01948336229021
41,PbS,3.2347491740244907
985,TaS2,9.740968623038354
99,Bi0.88Sb0.12,11.630708500626612
1043,Ce0.6Fe2.9Ni1.1Sb12,11.669929213779893
953,Yb8Ge3Sb5,11.49272275765271
1441,MoRe0.01S2,5.308267697401205
484,Cu0.5Mn0.5Fe2O4,0.3364722366212129
1619,CsC24,16.64872390202049
250,TiPbO3,-10.809827953557114
436,CdIn2O4,12.206072645530174
76,NiSe2,13.217673557208654
1178,Cu0.9Zn0.2In0.9S2,-9.115030192171858
516,Ca0.5Y0.5MnO3,-1.4271163556401458
1379,BaGdFe2O5.02,1.1631508098056809
1097,CsCe3Te8,0.5877866649021191
1009,Hg2.86AsF6,13.676248490630767
439,LiMgVO4,-8.740399244683653
419,Cu2Er2O5,-18.54851411546225
1322,TiCoGe0.15Sb0.85,9.154827662045925
502,Cu1.1Ti0.1Fe1.8O4,-5.987472525838444
936,CaCe0.7TiNbO6.55,-2.995729873556871
1396,Bi1.93Sb0.09Te2.72I0.26,11.409784706050715
1238,RbUSb0.33Te6,8.294049640102028
1203,K0.6Ba6.4Cu2.58Te14,-6.907755278982137
200,CdSe,-9.720333009438281
349,Tl4SnTe3,10.12755068090972
1089,BaGd0.050Fe0.950O2.67,1.1631508098056809
1230,In1.949Ge0.051O3.026,7.787382026484701
635,Li0.33La0.56TiO3,-4.605170185988091
1224,W2BiCl8O2,4.0943445622221
1177,LiTaCrPO43,-7.385791079925137
318,Ca0.88Gd0.12F2.12,-19.806975105072254
807,Rb0.18Sn1.18Bi5.82Se10,11.813030057420567
723,Pr4Fe2.04Al6.96Si8,14.038654109278484
581,UNi2Al3,12.206072645530174
355,Be13U,13.554145793829866
1102,KCuBi2S4,1.1631508098056809
493,PbSnF4,1.1505720275988207
180,NdMnO3,0.7884573603642703
244,LiVO3,-25.328436022934504
1509,V0.2Mo5.8SnS8,12.89921982609012
274,LaFeO3,-1.0498221244986778
940,NaCoSO4F,-11.827629702981783
392,Er0.62Al0.73B14,3.4011973816621555
220,La2CoO4,3.912023005428146
234,V4O7,12.206072645530174
34,Bi6Cl7,-4.892852258439873
85,ZnO,0.0
156,KBr,-14.951824713816395
1064,AgI,-0.42480084441490673
982,BaBiO3,-5.757183251383316
827,SrCuSF,-4.779523573132869
363,Zr3O,26.203904760288403
824,Ag5Te2Br0.5Cl0.5,-3.0576076772720784
1195,BaPtCN4H2O4,-10.124134223651751
380,Tl2SnTe3,7.208600337960199
1547,AgCd2GaTe0.12S3.88,0.6931471805599453
1167,CuRh5Bi1.4O11,3.4011973816621555
509,V2FeSe4,10.936672035881783
67,InCl,-13.815510557964274
1517,Ge9Bi2Te12,11.451050061252142
1690,Ga0.05Bi1.9Te0.05S2.95,-0.19845093872383832
893,SrMoN0.5O2.5,8.922658299524402
976,Na2Co2TeO6,-7.728735831051967
1533,TiCr0.1Se2,9.903487552536127
471,Cu0.5Cr2Co0.5S4,11.695247021764184
919,Ti0.33Fe0.33Sb0.33O2,-11.330603908176274
393,CeAlO3,-6.907755278982137
1198,HgNb6Br16H2O18,0.0
1548,Ag0.25Cd0.5Ga0.25Te0.9S0.1,-2.3025850929940455
819,Ba0.996Y0.004TiO3,-19.624653548278303
1640,Ag7PO4I4,9.305650551780507
347,Si33P13Te6.88,-1.6094379124341003
74,NbO2,-5.991464547107982
329,LaBO3,-6.502290170873972
1389,Zn0.67TiNb0.83Bi1.5O7,-18.113196044204404
1697,DNH43SO42,-19.018517744707985
913,Cd0.75Cr2Sb0.25Se4,-16.022785471153995
134,Sb2Te,11.918390573078392
103,KCl,-16.62892127472431
9,Ag,17.72753356339242
1127,Mg0.5LaTa0.5N0.5O2.5,-9.47105599619815
543,Sr0.5La0.5CoO3,11.414209492031071
10,FeAl,14.914122846632385
830,SrCuSeF,-1.0216512475319814
639,YMn0.9Al0.1O3,2.079480915904661
833,Ta4BTe8,12.206072645530174
1098,Ba0.5Nd0.5FeO3,-18.708362816404147
1456,Ba2CaMgCuTl0.5Zn2.5O9.9,8.476371196895983
284,CuAlO2,2.397897863704105
1563,Sm0.02Sb1.96Se2.96,-8.600574800355288
616,Ag0.33Pb0.33Bi0.34Te,11.918390573078392
370,Co0.7Ni0.3Sb3,11.56171562913966
777,Ce0.25Yb0.25Fe1.5Co2.5Sb12,11.227906509937931
759,Sr0.27La0.73Mn0.9Ga0.1O3,6.684611727667927
1370,In6Se7,0.0
125,EuO,-13.122363377404328
407,TlInSe2,-0.6931471805599453
852,Sr0.95Sm0.05TiO3,11.559331837784384
1352,MgPtCN6H2O0.5,-7.264430222920869
1338,Hf0.5Zr0.5CoSn0.01Sb0.99,6.214608098422191
909,BaAg2Te2,1.9459101490553132
1615,Na0.04Pb0.98Sn0.98F3.96,1.0367368849500223
748,CuLaSeO,-0.16251892949777494
541,KAg4I5,3.1570004211501135
139,Re2P,12.206072645530174
260,VIn2O5,3.58351893845611
473,Cu0.4NdTe2,4.867534450455582
165,CuLa2O4,10.768484990022733
226,V2O5,-2.6736487743848776
1335,H2NaAsO40.52PO40.48H2O,-4.537511537514277
692,NaTaWO6,-11.000101838541564
191,Tl2ZrTe3,7.9724660159745655
306,K2SbF5,-20.540944280152456
1059,CsBi3.67Se6,4.605170185988092
1298,AgCd2Ga0.9In0.1S4,-16.11809565095832
1487,Ag3Ga5Te9,-3.146555163288575
482,BiSbTe1.5Se1.5,10.308952660644293
1368,Zr6O0.96,-1.8971199848858813
970,Cr0.1Fe0.9BiO3,-19.103877593659142
1604,K1.6PtC2O42H2O1.2,9.210340371976184
1274,Ba0.8La0.2Ti0.9Co0.1O3,-7.385791079925137
320,Dy2Mo3O12,-4.710530701645918
1351,Ag0.05Pb0.45Sn0.45Sb0.05Te,10.181119289134408
1461,Sr0.5Ca0.5Ti4Bi4O15,-9.210300372776162
754,Li7La3Zr2O12,-8.691546578561015
17,Li3B14,-9.315700887634009
1668,K0.46Nb2Pb0.77O6,-13.866803852351824
430,Cu0.3Cr2Fe0.7S4,8.85366542803745
1660,SbBr3CSN2H42,-12.716898269296165
1434,Na0.5La0.5CrO4,-14.73180128983843
1499,Cu0.5La2Ni0.5O4,8.006367567650246
1589,TaS2,12.468436909997665
1184,Cu0.2LaCr0.8O3,0.5877866649021191
207,BiTeI,10.417807065556374
237,GdFeO3,-12.206072645530174
1185,Ag0.5In0.25Sb0.25Te,8.987196820661973
1081,BaCuGdFeO5,-2.2072749131897207
345,Tl4.5Nd0.5Te3,10.858998997563564
906,Sr0.9Ce0.1MnO3,9.287301413112312
1156,Na1.9Fe0.1Ni1.9TeO6,-4.605170185988091
1041,Ba2CaIrO6,-1.1394342831883648
1148,Rb4Cd6.35Sb9,8.273846932784508
340,Ba4Cu3Ge20,6.829793737512425
1146,AlBi2Te2BrCl4,7.600904459540082
457,Cu0.5Sb0.5PSe3,-5.390432655455842
175,Gd3S4,11.002099841204238
549,LiMn1.5Co0.5O4,-1.3470736479666092
300,AgVO3,-1.2729656758128873
459,Ba2Cu3PrO7,-5.035953102080546
1181,Ba0.05Ti0.5Pb4.95Ge2.5O11,-9.648845334162548
1268,FeO,11.512925464970229
1462,AgCd0.74Mn1.26GaSe4,-20.030118656386467
912,Na7In4PO4P2O74,-2.48530672980934
927,CaCu3Ti3.6Sn0.4O12,-5.744604469176456
813,Sr2.67Dy1.33Co4O11.12,5.755742213586912
881,CaIrO3,3.4307561839036995
996,BaPb0.75Bi0.25O3,10.308952660644293
463,TlN3,-27.631021115928547
1086,CsBi4Te4.98Se1.02,10.725467604939041
326,Ag2HgI4,-8.468403027246806
888,BaTiV9O15,6.008813185442595
1074,Ba0.95La0.05SnO3,12.037653993905211
861,La2TiNiO6,-7.600902459542082
1246,BaCuDyFeO5.04,-5.035953102080546
1624,H5VMo11GeO40H2O24,-3.8971343929343956
59,NiS2,9.903487552536127
13,Ge,14.28551418721001
1694,CrPb0.5Te2,0.06765864847381486
841,Yb5Al2Sb6,11.643953727376633
387,CsBiS2,-11.512925464970229
523,Yb0.25Pb0.75Te,8.873650111589516
1085,SrNb2Bi2O9,-14.001840136155767
26,Mg2Si,10.491274217438248
1260,Ce0.9Pb0.1O1.95,-8.679712120914012
603,W0.5Mo0.5Se2,-6.812445099177812
322,K3Mo10O30,13.017002861746503
1005,VPO4OH2O2,-6.907755278982137
1004,BaCuC2O42H2O6,-11.34487187997398
1271,Ba0.4Sr0.4Ca0.2Fe0.2Co0.8O3,3.8066624897703196
441,Li3Fe2PO43,-1.6094379124341003
1647,Cd0.5In0.33PS3,-17.50439001207821
925,Ag6SnS4Br2,0.371563556432483
554,Sr2ErNbO6,-5.843044541989709
256,MgFe2O4,1.5612975371061655
560,Ti0.5Nb0.25Cr0.25O2,-12.716898269296165
887,Cs0.65Pb3.65Bi11.35Se21,9.680344001221918
1384,Fe0.9Co0.1Si2,2.5649493574615367
1012,BaCa0.34Er1.66NiO5,-5.472670753692815
307,In2Se3,1.791759469228055
72,FeSi2,0.6931471805599453
257,SnF2,-11.512925464970229
1162,Ba6Cu31.2Te12.33S10.67,10.126631103850338
2,AgGaSe2,13.815510557964274
1545,K2.5Ag4.5Ce2Te9,7.9724660159745655
1318,Co2Sn3Se3,10.288749953326773
1673,Ba0.5Cu0.5C2O4H2O4,-12.153480195411003
680,SrTi0.8Nb0.2O3,11.462105742640254
860,In2.0Sn8.9As10.85I4,5.568344503761097
367,UTe3,6.907755278982137
694,Sr0.15La0.85MnO3,6.040254711277414
1686,La0.67Nb2O6,-11.74359728270523
1071,LaCr0.5Rh0.5O3,0.6931471805599453
479,D2KAsO4,-18.158316479484874
557,MoCoO4,-12.520783390369873
858,MnRePb2O6,4.382026634673881
1229,Ba0.5Cu0.5La0.5Fe0.5O2.74,7.600902459542082
585,Ba2Cu2.86Y0.89Al0.06O6.18,9.210340371976184
117,SnBi2Te4,11.33857207782545
1118,LaPd3S4,12.793859310432293
1040,Li2.5Ga0.5GeO4,-9.441012189711184
682,BaCuLuFeO5,-5.7763531674910364
5,SrSnO3,-16.11809565095832
1579,LaTi3Nb7Pb5O30,-26.90347250865127
466,FePS3,-7.728735831051967
1307,KCu2EuTe4,9.711115659888671
1142,NaCoSO4FH2O2,-15.923343961026063
1504,BaFe11.5Al0.5O19,-18.931506367718356
842,Pr0.8MnPb0.2O3,-5.296319363885364
445,CuCr1.38In0.62Se4,6.699500340161678
136,SbTe,12.765688433465597
11,NiAl,13.473020249017498
1196,BaNb0.5Fe0.5O3,-12.429216196844383
332,LiNiO2,2.70805020110221
776,Ce0.5Fe2Co2Sb12,11.9891596439666
604,ZnCr1.6Ga0.4Se4,-16.580131110554877
568,BaSrCo2O5,3.912023005428146
972,LiMnCoO4,-4.3428059215206005
1087,CsBi3.55Sb0.45Te6,10.98698620339419
926,Mg0.2LaCo0.8O3,5.58724865840025
1632,Ca0.5Pr0.5MnO3,-12.206072245530255
54,In2O3,-5.991464547107982
1179,Sr0.05Ti0.5Pb4.95Ge2.5O11,-9.77509433776773
233,VO2,7.70210434005105
84,W18O49,10.502324053624832
641,V0.5Re0.5O2,10.596634733096073
415,BaFe4Sn2O11,-12.444329834654432
64,Zn3As2,6.396929655216146
1382,Mo2SI2,-1.6094379124341003
1629,VAsO4OH2O5,-5.809142990314028
187,SnTe0.5Se0.5,2.6390573296152584
755,Tl4.5Gd0.5Te3,11.350406535472453
1163,Ba3Cu15.7Te3.95S7.05,7.600902459542082
151,Pb6.15Bi9.85O21,-25.328436022934504
831,Sr0.2La0.8FeO3,2.533696813957432
1304,Ta2Ni3Se8,6.214608098422191
983,Ru0.5Co2.5O3.87,0.7419373447293773
388,KBi3S5,-8.047189562170502
137,LaMnO3,6.4457198193855785
731,K2Ti6O13,-9.540234293237273
172,Fe0.5Ni0.5O,-9.537456513673371
995,H3NH4Cu2MoO42O2,-10.085009429159518
530,La2MnNiO6,-0.5108256237659907
1667,HNa3SO42,-2.4418471603275536
765,In0.07SnBi1.93Te4,10.532096211958502
455,MnBiO3,-6.907755278982137
735,ZnIn2S4,4.382026634673881
1501,Ca0.45Fe1.60Co2.40Sb12,11.302204433654575
1285,In0.01Pb0.99Te0.994I0.006,11.289781913656018
594,AgN3,-15.01948336229021
1165,Ba2Cu5.64Te3.90Se1.10,6.551080335043404
1166,HKMo2Fe2O10,-10.106828476554158
374,Cu4.86La3Te7,9.615805480084347
1542,NH4Bi3S5,-6.16581793425276
935,Ba2Ti13O22,10.375052462348815
709,Au3YbAl7,15.068273526459642
1528,Li1.8Mg0.1Cu1.1O2.1,-9.641123288068638
160,CuCrO2,-0.916290731874155
1424,Ba0.18Sr0.11Co4Sb12.09,12.901716706288706
50,Bi2Te3,10.643041105910228
1689,Ga2Se,-0.6931471805599453
1205,PrPd2O4,4.941642422609304
670,LaFe0.4Ni0.6O3,9.998797732340453
32,GaAs,-13.490532700768796
769,Sr0.2La0.8Mn0.5Al0.5O3,7.090076835776092
238,GeO2,-18.32537056414804
1066,KNbVO42,-16.11809565095832
354,Be13Th,13.554145793829866
164,CuInTe2,7.749322464660356
486,Li1.3Ti1.6Fe0.1O4,-4.3428059215206005
1145,Fe0.48Pb1.52Sb2Se5,3.295836866004329
1138,BaMn0.60Fe0.40O2.72,19.855765269241687
127,Dy2O3,-9.391862248599573
866,K4Zn2Ge21,10.239959789157341
295,Li2TiO3,-13.345506928718539
1171,Mg0.25LaCr0.75O3,2.468099531471619
474,Sr2IrO4,5.393627546352362
1116,Te0.15Se0.85,-8.247166054203177
472,Cu0.34SmTe2,6.551080335043404
1157,BaTi0.6Co0.4O2.97,-3.2263961442172957
880,Ta2Se8I,10.46310334047155
1231,LaTi0.5Mn0.5O3,3.4011973816621555
1020,Li4.04Al0.4Si0.6S4,-10.680016342035124
942,La4Fe0.9Ni2.1O10,8.070906088787819
1,ScF3,-29.933606208922594
97,Si15B290,4.605170185988092
1297,GdMn0.5Rh0.5O3,-4.605170185988091
815,Na0.75CoO2,10.591873415994362
1215,Tl2.35Sb8.65Se14,-2.8473122684357177
576,MnFeNiO4,-4.2336066295556085
1244,BaCuHoFeO5.05,-0.8209805520698302
89,Sm3S4,4.605170185988092
820,Sc0.20Ti0.80NiSn,7.600902459542082
720,CuSCN,5.634789603169249
449,Na0.67Ti0.67Ni0.33O2,-4.074541934925921
550,Pr0.67Nb2O6,-11.74359728270523
308,In0.5Sn0.5Te,12.611537753638338
1037,LaMo8O14,4.605170185988092
218,Cr2CoS4,4.0943445622221
672,SrV0.5Mo0.5O3,13.997832114758229
178,NbS2,7.8632667240095735
433,Ba2Cu3YO7.3,7.313220387090301
582,Rb3Mo10O30,10.596634733096073
1661,Sc0.5Ta0.5PbO3,-27.161017486682812
1208,SrCu2GeS4,-2.4123999590012524
1503,Cu0.667Ga0.025Sn0.308Se,11.522875795823397
655,Li0.3Zn0.4Fe2O4,-6.812445099177812
448,K3CaV5O15,-6.607650686531799
1696,Li2PtCN4H2O3,-6.492339840020804
567,Ba0.5Sr0.5CoO3,3.912023005428146
619,AuBr,-6.907755278982137
1342,SrMn0.8Si0.2O2.72,3.044522437723423
492,Ta2CrO6,-10.4482147279778
385,Bi0.5Sb1.5Se3,13.081541382884074
741,Fe0.9O,8.556413904569519
281,TlInS2,-19.291759133004973
1080,BaSrCuCO3O2.22,4.382026634673881
745,Ca0.5TiPb0.5O3,-11.169335760580152
1388,Ti0.95Co0.05O2,-0.8915981192837836
483,CeVO3,1.1939224684724346
895,Sr6Co5O15,5.560681631015528
1293,C60,-4.8283137373023015
1648,K10Nd4Si14O39,19.92475814072864
282,V0.5Mo0.5O2,10.596634733096073
1000,NH42SbF5,-16.75297392339429
437,Sr3Fe2O6.75,-0.916290731874155
1407,Pb0.25Sn0.25Ge0.5Te,10.308952660644293
780,BaZr0.07Ti0.93O3,-5.521460917862246
548,LiMn1.5Ni0.5O4,-4.645992180508347
853,Sr0.5La0.5Mn0.5Sn0.5O3,-0.6931471805599453
1048,CaV0.5Mo0.5O3,12.793859310432293
1197,SrTa0.5Fe0.5O3,-8.568486485803788
1515,KSm0.0005NbO3,1.0986122886681098
782,CeMo8O14,6.866933284461882
1223,Bi2Te3,10.343354093625715
1029,CuYSeO,2.6390573296152584
1172,BaZr0.6Fe10.3Co0.6O18.25,-0.7236063880446539
1562,TlGd0.1In0.9Te2,6.56244409369372
1458,BaY0.5Nb0.5O3,-10.596633933096394
1220,In2.5Sn8.55As10.88I4,5.631211781821365
1112,Ba4Ga1.5Ge21.5,11.931635799828413
840,Na0.1Li0.1La0.6TiO3,-7.929406526514119
673,Li0.5La0.5TiO3,-1.8773173575897015
1622,SrPtCN4H2O2,-14.73180128983843
686,Ag0.25Pb0.5Sb0.25Te,11.156250521031495
1132,Li0.5Mn0.5O,-18.882716203548924
1429,Sr4Ga7.5In0.5Ge15,11.532728092266408
817,Li5La3Nb2O12,-7.505592279737757
1610,Tl2In2Se3S,-17.832894079050245
1240,Ag0.37WBr3O,15.913528485217045
1611,BaLaTi4Bi3O15,-8.235780731978052
752,Sr0.5La0.5Mn0.5Ru0.5O3,8.294049640102028
121,Zn0.5Cd0.5Te,-3.473768074496991
1344,Li0.3Y2Cl2D1.3,6.1092475827643655
699,Cu6La5S7O4,14.07795866507072
876,Fe0.8Co0.2BiO3,-10.724468104605958
1671,Na2Nd2Ti4Nb4W2Pb2O30,-15.424948470398375
1691,In1.050Te0.002Se0.949,-2.2633643798407643
899,DND43SeO42,-5.3882420740760235
1044,Sb8Te9,13.304684934198283
16,B,-7.600902459542082
1601,CuHo2ZrO6,-6.645391014514646
1683,Na2.5Yb0.5ZrAl0.5P2.5O12,-4.9733395093525585
778,Ba0.2Fe0.95Co0.05Bi0.8O2.875,-8.679712120914012
578,CuCr2Se3Br,-6.502290170873972
1520,Ge6Bi2Te9,11.225243392518447
924,Pb3Sn3Bi2Se9,10.477287975463508
855,Ca0.2Ce0.8VO3,6.309918278226516
1170,BaCu5.93Te6Se,8.294049640102028
38,Ni3S2,14.22097566607244
293,Li0.57Ti0.86O2,-12.621588089491839
31,AlSb,13.086736199761178
39,NiS,14.22097566607244
106,TiFe2Al,14.180153671552183
23,Fe1.27Sb,11.512925464970229
710,CuLaSO,-1.5371172508544744
69,Co9S8,13.815510557964274
1522,Y0.1In1.84Sn0.06O3,8.987196820661973
1494,BaFe16Co1.2Ni0.8O27,-7.1308988302963465
1257,Na2Mo8C2O4S8O8OH8H2O26,-1.5606477482646683
1537,Cs1.1Sn1.9Bi7.9Se14,9.903487552536127
1571,Mg0.5Ti0.5InO3,-8.468403027246806
265,Bi2Te2Se,11.183726712315513
1104,CsTaTe3,-0.616186139423817
1016,Sr2FeO4,-7.484008708070583
504,Li0.195Ba2Cu2.805YO7,-10.41431317630212
276,Fe2NiO4,-7.794487208614748
809,NdMo8O14,7.979338895262328
339,Mg0.79Al0.80B14,-3.912023005428146
1464,CaEu0.2Fe1.8Sb2PO46,-16.11809565095832
945,Zn4.03Yb9Bi9,9.798127036878302
1291,BaYMnCoO5,-4.605170185988091
185,Sn2S3,-0.8324092478934529
798,KCuUSe3,2.302585092994046
930,Ce0.55Rh2O4,4.0943445622221
744,Ba0.5Sr0.5Fe0.5Co0.5O3,9.450419699996594
978,BaC6,16.11809565095832
61,WO3,-1.2039672376747632
797,CsCuCeS3,4.605170185988092
1147,RbU2Se6,-5.115995809754082
1530,Co1.0B105,1.1939224684724346
1460,La0.05FeBi0.95O3,-6.501383914981257
193,AgI,-4.198905397709363
646,Ba0.5Sr0.5TiO3,-29.933606208922594
33,Be13Zr,15.648092021712584
1269,Sr0.9Ti0.7Nb0.2Ga0.1O3,8.699514748210191
800,K2Bi8S13,9.392661928770137
57,InSb,13.083258657523567
938,Cu0.99Ga0.99Sn0.01O2,-8.804875263868018
1471,Cu0.99In0.01O,3.828641396489095
358,HfTe5,11.918390573078392
1603,Cd3SbO5,5.247024072160486
68,CoS,13.304684934198283
291,Ga0.7Ge0.6Sb0.7,-2.322787800311565
46,Zn6.67Sb5,11.76756768334381
923,Sn6Bi2Se9,9.846917201047734
277,FeVO4,-9.7178382056495
1565,Fe4In2Te11,-13.633189001170319
224,SmCoO3,-5.757183251383316
864,La2Ti0.5Mn0.5NiO6,-4.605170185988091
381,Cd0.5Mn0.5S,-13.290782029029293
1228,Ag0.04Pb0.90Sb0.05Te0.50Se0.50,7.426549072397305
364,UPt3,3.728100167267218
1621,Ag6WO4I4,-0.10536051565782628
1024,Sm0.67Ni2Ga5.94Si0.06,13.071070083016778
773,B,-20.272190217586193
1123,SrMgLaTaO6,-16.43280639579802
66,HfC,14.151982794585487
1055,Cd0.5Fe0.5PS3,-14.246293474056728
867,Li5.5La3Zr2Ga0.5O12,-4.605170185988091
28,TlSe,-2.4017426645272644
294,Li1.33Ti1.67O4,13.122363377404328
113,GeBi4Te7,10.043249494911286
245,LiV2O5,-2.946942109384559
1022,BaCuTmFeO5,-11.687278852115007
980,K6Cu12U2S15,11.918390573078392
411,Ag2HgSnS4,-2.9374633654300153
1423,Tl0.06Bi1.94Se3,12.375815420117268
1213,Gd2RuCoO6,0.09531017980432493
116,PbBi4Te7,11.77528972943772
1577,H3NbPO42OH2O3,-5.521460917862246
1367,KC8,16.213405830762646
247,Li0.9V6O15,-0.843970070294529
665,Zn0.22Cd0.78Te,1.916922612182061
1613,BaY2MoO7,-9.936010744241688
1263,Ba4Au3.69Ge2Te9,5.393627546352362
92,Ag0.5Au0.5,16.454567887579532
114,Ge5Bi2Te8,11.211820372186306
254,Eu0.54Co4Sb12,10.42821608147111
429,LiTi2PO43,-4.135166556742356
588,Sr0.5Ca0.5RuO3,13.087771932634709
1361,SrCaCu2Tl0.5LaPb0.5O7,9.998797732340453
118,SnS2,-10.724468104605958
132,GeSb4Te7,12.742566016044742
1216,H0.9Zr1.9Nb0.1PO43,-12.956848938926756
1592,Li7Ti5O12,-12.507177738314095
246,VO2,1.1314021114911006
1109,Ti3Ge0.57Si0.43C2,15.319587954740548
775,BaTi0.15Mn0.85O3,-1.3823023398503531
552,Zn0.5Cd0.5Te0.5Se0.5,27.49175904859504
1152,BaLaSb2Se6,1.8718021769015913
1676,Ca9Co12O28,2.760009940032921
1473,Li0.99NH40.99Cu0.01SO40.99,-31.012415870294525
1153,Sr0.04La0.92Mn0.2Fe0.32Ni0.48O3,10.499573020252942
651,AgRhO2,-7.208860371766058
1475,Li0.99NH40.99Ni0.01SO40.99,-31.20657188473548
1633,LiMn0.5Fe0.5VO4,-11.618285980628055
533,H2LiPO4,-3.912023005428146
862,FePb0.5Sb1.5O4,-5.06720564558465
1524,Cr0.8Fe0.2B105,3.6109179126442243
1209,H3Cs2PO4SeO4,-6.8589651148127055
897,NH42CuCl4H2O2,-19.80298308380272
1359,Mg0.9Cu0.1Mn0.1Fe1.9O4,-11.042921835724492
1641,Tl0.5WS2,4.564348191467836
676,Cu0.2Zn0.6Fe2Ni0.2O4,-3.6671179623324237
14,Cu,8.684401110400144
500,Dy0.75Mo0.25O1.75,-1.3093333199837622
1385,Sr0.15Cu0.05La0.85Cr0.95O3,3.5263605246161616
1106,BaMn3O6,-6.16581793425276
1426,BaTa0.5Bi0.5O3,-20.72326583694641
600,Cu0.66Zn0.67In0.67Se2,5.799092654460526
875,SrSnO3,-5.809142990314028
273,Na0.5Er0.5F2,29.06610564121787
684,EuCrO4,-7.712951963350705
1267,Zr0.51Ti0.47Pb0.99Sb0.02O3,-5.815831978464824
1133,Sc1.09Rh2.46Bi0.375O6,2.302585092994046
371,CoSb2.99Te0.01,8.909235279192261
271,Cu0.5Fe2.5O4,-4.290359446148058
605,TiFe0.3Se2,10.165851817003619
214,CdPS3,-20.72326583694641
1270,LiBa0.7Sr0.3F3,-19.624653548278303
344,SrIrO3,10.106428396532818
838,CsCuUS3,3.4011973816621555
147,Sc3C4,10.308952660644293
1021,Pt2Pb0.7Bi0.3O4,8.612503371220562
1420,Na0.9Fe1.1Co0.9MoO43,-11.529054846900111
412,AgCd2GaS4,-12.429216196844383
783,PrMo8O14,7.682482446534506
342,InSb0.33Te0.67,14.978661367769956
947,Nb3Se12I,3.912023005428146
747,Cu0.375Cd0.25In0.375S,-6.907755278982137
173,YF3,-20.72326583694641
377,Nd0.09Pb0.86Se,-2.0402208285265546
738,Ag0.25Cd0.5Ga0.25Te,-3.912023005428146
1211,Nd2RuCoO6,-0.6348782724359695
52,GaP,-32.52480714352851
18,TiC,14.077874822431765
221,LaCoO3,-3.116770601931047
1189,Li2.9Y0.1Sc1.8Zr0.1PO43,-7.354042381610556
1284,Ti0.92Ta0.08CoSb,10.392067567354799
1628,H1.5AsPO41.5OH2O0.31,-8.517193191416238
1140,Ba0.3Sr0.66La0.04MnO3,-2.4418471603275536
95,GaSb,13.17874391206915
261,LiMn2O4,-5.057726901630106
1564,Zn0.3La0.7FeO3,2.833213344056216
179,LaMnO3,3.4011973816621555
1126,BaSc0.05Ta0.95N0.9O2.1,-7.688641373850308
716,Sr2FeO3F,-16.11809565095832
1606,Ag3In5Se9,-4.933674252960127
184,TlS,-7.598904456879409
467,MnPS3,-11.59630707390928
903,Sr0.15Cu0.75Zn0.25La1.85O4,10.51867319162636
71,FeSi,11.918390573078392
1169,SrCu3Fe4O12,-6.9485772735023925
1227,TiN0.24O1.88,-18.158316479484874
346,Sm0.1Pb0.9Te,10.799575577092764
29,Ti0.89V0.11,13.710150042306449
796,La0.97Ti0.8V0.2O3,3.4011973816621555
1063,BaCuPrFeO5,5.3471075307174685
157,Cd0.3Sn0.7Se,-8.409236049911145
932,Li0.33AgRh0.67O2,6.802394763324311
658,H2KPO4,-18.420680743952367
1498,Li0.95Mg0.05Ti0.02Nb0.98O3,-26.11589388296569
394,GaInSe2,-3.803168600516064
1076,Li0.5Zn0.15Ti0.15Mn0.05Fe2.15O4,-10.414311842969674
988,Au5Th2Al8Si2,13.199324418540456
1428,K0.115Sm0.115Nb2Pb0.77O6,-12.468736955006667
1688,Sr2Cu0.85Ni0.15O3,-2.7630345094349695
402,Sm3Sb4Se9,1.415853163361435
989,Ba3ZnTa2O9,-17.50439001207821
677,RbCu4I1.8Cl3.2,3.784189633918261
822,Ti3Fe3Bi7O21,29.933606208922594
963,K0.25Li5.5La2.75Nb2O12,-7.156216638280637
835,Cu6.33La5S7O4,-0.7985076962177716
1033,Co0.83PtC2O42H2O6,7.060476365999801
1408,Rb1.9Sn4.8Bi10.3Se21,9.903487552536127
939,K0.05Ca0.25La0.7MnO3,-6.325539659129474
1054,K0.2Na0.8NbO3,-11.090931054910854
1101,Yb5In2Sb6,9.148464968258095
691,Ti0.5PbSn0.5O3,-11.4189798521277
1369,AgI,-4.9062752787720125
334,Mn2NiO4,-2.995732273553991
873,Li3Cr2PO43,-9.965362956254216
805,K0.35Sn1.35Bi5.65Se10,12.043553716032399
7,Pt,15.994797434613826
517,Zn0.5Fe2Co0.5O4,12.66032791780777
197,Ag4Sn3S8,-4.605170185988091
296,Sr2RuO4,8.699514748210191
1245,BaCuTbFeO5.05,-3.611918412977808
1680,Na0.4Tm0.6F2.2,30.16471792988598
122,CeFe4Sb12,12.296827008798639
378,RbSb3Se5,-10.289150033348113
1062,BaCuEuFeO5,-4.755993075722675
1508,Mo5OsSnS8,11.84939770159144
1250,Ba0.2Sr0.4La0.4TiO3,4.0943445622221
162,CuCr2S4,11.695247021764184
1186,K0.8Ti3.6Ni0.4O8,-4.605170185988091
1091,KLi0.5Nb5O13,-17.322068455284256
124,Ti3SiC2,15.319587954740548
551,Nb0.5V0.5O2,12.89921982609012
4,Zr,14.639686000930624
915,Cs2Hg2USe5,-1.2039728043259361
958,H7K9SO48H2O,-9.498022444427964
1450,Ti3Mn3Bi7O21,-8.622553707074063
611,Ag0.25Cd0.5In0.25S,4.605170185988092
287,HoCoO3,-7.138427096717138
956,Mg2Sn0.6Sb0.02Si0.38,3.4011973816621555
1695,FePb0.5Te2,0.16551443847757333
1265,La0.1Co4Sb12,9.468851067127684
1281,Li0.05LaFe0.95O2.95,-2.3025850929940455
908,Ag4PO4I,-12.716898269296165
506,Ba2Cu3YO6F,10.645424897265505
356,CeRh2,13.955272500339433
352,Be13Ce,14.151982794585487
844,Pb5Sn2Bi4Se13,7.265429723253953
1154,Na2Zn2TeO6,-4.710530701645918
836,H4MnPO42,-10.871071578797833
946,SrCu0.5Nb0.5O2.625,-7.824046010856292
667,CuCe0.2Pr1.8O4,15.068273526459642
886,Rb0.69Pb3.69Bi11.31Se21,10.126631103850338
1418,Mn0.67Ni0.33BiO3,-4.268697949366879
333,Li0.5Ni0.5O,11.695247021764184
153,Bi2SeO2,6.595780513961311
787,LaPd2O4,1.0116009116784799
501,CuFeGaO4,-11.378394572012622
721,BaIn2Sb4,9.51044496442652
373,Cu0.40LaTe2,2.3978952727983707
590,Cu1.2Fe1.6Ge0.2O4,-4.803621124711929
312,Ag0.02Pb0.98Te,11.289781913656018
42,SnTe,13.664687668229691
1315,PdSnTe,13.077366011473593
645,VAsO4O,-12.454534004828673
1445,Mg0.04CuSc0.96O2.23,3.970291913552122
971,CaCu3Ti3.5V0.5O12,-10.903159893349335
1484,Ba0.3Sr2.7Fe2O7,-3.6888794541139363
522,Sr0.9La0.1TiO3,11.462368741353076
1375,NiPS3,-17.697974761150874
762,Ti0.8Nb0.1Fe0.1O2,-4.605170185988091
1439,Sr0.82U0.18F2.36,-9.028018815182229
1569,KC36,16.860032995687696
1272,Ba0.4Sr0.4Ca0.1La0.1Fe0.2Co0.8O3,6.013715156042802
704,Sr0.5La0.5Ti0.5Cr0.5O3,-0.6539264674066639
1415,Ca2MnO3.8,-11.417615285165903
1523,Zr0.2Co0.8B105,-3.649658740960655
1331,Ca0.24B0.5C1.5,9.775654181026242
944,CsPb4Bi3Te9,10.621327345686446
168,CuWO4,-3.912023005428146
1481,Li1.7Hf1.3Cr0.7PO43,-4.656463480375642
360,NbS3,7.824445930877619
1018,Sn12P9.65I4,7.408530566894626
1682,Zr0.04Pb0.98Sn0.98F4.08,1.1505720275988207
743,Er0.25Bi0.75O1.5,-5.7763531674910364
272,Mg0.9Cu2.1O3,1.6094379124341003
519,La0.1WO3,11.314474526246391
814,Sr3.2Sm0.8Co4O10.16,2.302585092994046
818,LaMn0.5Rh0.5O3,-0.3078847797693004
734,Cu0.2Mn1.3Co1.4Ni0.1O4,-1.1874435023747254
1598,Fe1.04Pb0.64Bi0.32O2.675,-15.422451590199787
1488,Zr0.5Pb5Ge2.5O11,26.459838134425603
1355,Na0.01Ba0.04Pb0.95Se,12.148443532693538
1684,SnBi4Te4Se4,4.143134726391533
1121,BaCuTeF,6.684611727667927
128,SrFe4Sb12,12.429216196844383
998,MgLa2RhO6,2.70805020110221
1513,KLa0.005NbO3,-9.210340371976182
544,SrCoO3,5.298317366548036
379,RbSbSe2,-9.721165995742174
203,BaFe12O19,-17.289278632461265
343,Sr4IrO6,-3.912023005428146
1453,Cu0.1Zn0.9LaPO,6.253828811575473
1578,Fe1.67CN4H2O4.67,-5.190360225042944
518,CuCr4InSe8,-4.803621124711929
1506,Mo5.5Ir0.5SnS8,10.915088464214607
488,MnFe2O4,0.7030975114131134
1261,Ba4Ag3.97Si2Te9,1.791759469228055
1674,NH4Ba0.5C2O4H2O4,-12.375675429916354
917,InSn2Bi3Se8,8.969414650866176
232,V6O13,4.605170185988092
794,LaRh0.5Ni0.5O3,7.90100705199242
1593,K3NdSi8O19,17.926384422137584
1122,KV3O7,-8.584401941109688
514,Na0.5TiBi0.5O3,-25.328436022934504
1685,Li3.6GeO40.8SO40.2,-6.292569639891903
511,KTiPO4O,-5.757183251383316
112,Ge3Bi2Te6,10.87804719253426
1627,NbAsO4OH2O3,-6.214608098422191
217,Rb4Cu9Cl13,-1.171182981502945
499,USO,-1.8325814637483102
1666,Mn2Fe0.34Ni0.66O4,-10.92513880006811
934,Sr0.25La0.75CrO3,6.4457198193855785
225,Cr2FeS4,6.214608098422191
1042,Ba2SrIrO6,-3.684887432844399
1192,Sr2ZnIrO5.86,-0.2231435513142097
1452,Sr2CoBi2O6.5,-3.0159349808715104
1573,Te,12.323855681186558
397,Hg0.65Mn0.35Te,6.579251212010101
540,Sr0.1CuLa1.9O4,10.555812738575819
328,ZnSnAs2,8.411832675758411
795,Mo1.2Fe0.8N2,2.9856819377004897
848,SrNdCr0.1Ni0.9O4,-5.2030071867437115
1639,CsCu4I2Cl3,-7.542633551418106
1348,K0.65Ag2Eu1.35Te4,8.85366542803745
93,CaB6,12.720840488528788
213,Cd0.5Mn0.5Te,-17.52459271939573
770,CsBi4Te6,10.165851817003619
337,WSe2,-6.2659013928097425
803,K3NdSi6O15,18.59882692933584
212,CdIn2S4,1.247032293786383
618,SrCu2SnS4,3.914021008090819
1139,CoGeTe,8.630521876723241
1182,Ba5SmTi3Nb7O30,-8.095198781356862
1168,SrSmFeO4,-4.55638002181866
1136,BeRh3Bi0.34O6,1.62924053973028
36,Ga2Te5,-0.3871341514234409
105,Cu2FeAl7,9.210340371976184
362,V3O5,4.0943445622221
850,Ca0.8Eu0.2MnO3,5.736572297479192
756,WO3,-10.897739825879995
758,LiCo0.5Ni0.5O2,-2.3025850929940455
365,RhSb3,12.007621706806335
856,CaTa0.5Fe0.5O3,-8.568486485803788
1430,Li0.82PtC4S4CN4H2O2,8.006367567650246
1700,Li4Zn3Sn5O15,-14.707108677248058
565,MgMnFeO4,0.5012297300925437
249,NaV2O5,0.15272108701766393
476,Sr2CaCu2Tl0.5Pb0.5O7,12.254862809699606
1614,In0.04Pb0.98Sn0.98F4.04,0.688134638736401
1188,Li2.8Sc1.8Zr0.2PO43,-6.887952651685957
781,FeSb2O4,-9.210340371976182
454,Mn2BiO5,7.495541943884256
1595,Ba4CaSmTi3Nb7O30,-10.845096092394574
1200,KLa1.28Bi3.72S8,-4.605170185988091
1107,Sm8Ru12Al53Si17,12.89921982609012
230,CuSm2O4,-3.912023005428146
1319,Sr0.85La1.15Cr0.5Co0.5O3.825,5.3598827222061916
652,Cd0.5Fe2Ni0.5O4,-3.280139713472115
70,FeS2,0.6931471805599453
610,Cu0.82Cd0.09InS2,0.0
1174,NaCo0.4Ni0.6O2,10.476724436423515
1634,SrMg2Rh6O12,8.517193191416238
1583,Ba0.92Cu0.06La0.08Ti0.94O3,-14.038654109278484
1653,Zn0.01Cd0.14Hg0.83Mn0.02Te,9.210340371976184
410,LaNi2P2,10.085809109330082
1567,NbTe2,2.995732273553991
1151,H6V15AsO36O24H2O10,-7.824046010856292
338,HgS,11.156250521031495
1025,BaY2Te4,10.596634733096073
43,Cu2S,7.313220387090301
539,Zn0.7CrFe1.2Ni0.1O4,16.285980159954505
601,Nb3Sb2Te5,8.922658299524402
1332,RbNb4Br11,14.73180128983843
965,Cd1.7In0.6Sn0.7O4,12.765688433465597
1672,In1.2Sn0.1Se,10.54006438160768
171,FeTe2,10.184900011974314
417,Sr0.16CuLa1.84O4,11.385092093460344
837,YCo0.88Ga3Ge,12.994530005894443
1600,Ba0.52Mg0.78Nd0.70FeO3.97,-1.6094379124341003
1416,Al0.2Bi0.45Sb1.35Te3,10.839580911706463
806,Cs0.23Sn1.23Bi5.77Se10,10.51867319162636
882,HInSeO42H2O4,-7.1308988302963465
1587,BaMg0.33Nb0.67O3,-10.699997246091227
637,NbBr4,-10.126631103850338
423,CaSnO3,27.631021115928547
727,K1.25Pb3.50Bi7.25Se15,10.165851817003619
967,Ca0.2Co4Sb12,3.5090647525311627
1339,Sr0.5La0.5Fe0.75Ni0.25O2.95,8.34283980427146
376,W0.5Mo0.5S2,-8.047189562170502
524,Sr0.6CuLa1.4O4,12.429216196844383
1588,BeAs2,-1.8971199848858813
438,MgNb2O6,-10.25205261351148
1466,Nb0.25Cr0.75WO4,4.700480365792417
150,Nb0.25Bi0.75O1.75,-10.819778284410283
1703,Ge0.01Bi1.99Te2.85Se0.15,11.55214617812351
1543,Rb2Cu3CeTe5,1.6094379124341003
981,HKCO3,-12.166851932376892
954,Co4In0.2Sb12,11.653556594709974
1534,BaCuYFeO5.04,-1.4271163556401458
143,Sb2Te3,12.20507214519659
717,K0.33Sn2.41Bi5.59Se11,10.714417768752456
526,Ir0.5Rh0.5Sb3,12.337100907936577
583,SmAsO4,-17.242025747610718
975,Na2Ni2TeO6,-6.16581793425276
566,Ba2ScTaO6,-13.9208710736221
1232,Li1.3Y0.15Ti1.7Al0.15PO43,-0.8675005677047231
440,LiVNiO4,-10.724468104605958
1155,Na2Mg2TeO6,-5.06720564558465
1404,Li0.4Zn0.4In0.6Sb,12.736700896592344
174,Sr0.1La0.9F2.9,-3.506557897319982
1294,YMn0.75Ni0.25O3,-4.422848629194137
1438,Zn0.99Ga0.01SiP2,3.2188758248682006
123,LaF3,-7.824046010856292
138,MgO,-15.24262691360442
879,Ca0.5Pr0.5Mn0.95Al0.05O2.98,3.4011973816621555
1075,D3LiND44SO44,-23.942141661814613
732,SrMn0.5Ru0.5O3,8.699514748210191
624,Ag7TaSe6,-2.2072749131897207
1299,Ag0.8Cu0.2Cd2GaS4,-16.11809565095832
784,Ca4IrO6,-7.824046010856292
1366,Cu2P3I2,-7.5810998322459024
1280,Zn0.08Zr0.53Ti0.47Pb0.92O3,-12.24689464005043
182,MoSe2,-3.6082215510964817
617,Ba4Zn4Ge19,12.206072645530174
1324,Na0.05Sn0.9Sb0.05Te,12.98974585278949
690,Sr2MoNiO6,1.9459101490553132
1491,Mg0.125CuBi0.875SeO,8.070906088787819
240,In4Sn3O12,11.661345470088502
1254,HLi3Mo9S8O13OH8H2O26,-5.360192770266124
1350,Nb0.15Cr0.35W0.5O2,5.438079308923196
458,YMnO3,-11.042872461943398
681,Zn0.6Ti0.285Fe1.715Ni0.257O4,-5.521460917862246
465,YbRh2Si2,14.077874822431765
1187,FeSb2.2Te0.8,11.390757830996021
1191,Ti0.07Mn0.93Se,-2.0402208285265546
145,TbAl2.7Ge0.3,13.403020834919145
206,CuI,2.302585092994046
1212,Sm2RuCoO6,-0.05129329438755058
1474,Li0.99NH40.99Co0.01SO40.99,-30.606950762186358
324,Yb0.2Zr0.8O1.9,-10.819778284410283
657,K2PtBr0.3CN4H2O3,1.5260563034950492
1554,Ce0.1Zr0.55Ti0.35PbO3,-10.959040351743791
714,W1.2Fe0.8N2,1.9459101490553132
1570,KC48,16.90655301132259
1642,Tl0.5WSe2,3.713572066704308
79,Ti4O7,11.918390573078392
1550,K2Cu0.1Ti5.9O13,-10.103158747665196
1536,K0.35Pb1.4Bi5.55Se10,11.156250521031495
687,La2NiO4.3,7.27931883541462
166,CuNd2O4,1.9459101490553132
229,Cu4YbIn,13.180632285528304
1645,Mn0.5In0.33PS3,-18.982799662105908
1505,In0.97Pb0.03Te,8.824677891164198
740,Sr0.6La0.4Fe0.4Co0.6O3,8.933268478636418
100,CdSe,4.174387269895637
290,ZnFe2O4,-5.004901762248495
444,SrRuO3,12.611537753638338
878,AgI,-3.4295968561838532
1455,Ba2Ca2CuTl0.5Zn2.5O9.9,5.991464547107982
1077,TiFe0.3Co0.7Sb,8.333270353255308
739,Sr0.6La0.4Fe0.4Co0.6O3,9.47654341275084
391,TaS3,12.691580461311874
86,PbTe,9.287301413112312
1702,SmSb2Se4,1.1786549963416462
666,CsAuI3,1.6094379124341003
1275,Pr0.02Bi0.85Sb0.13,12.644327576461329
1531,V1.0B105,5.135798437050262
475,Ba2CaCu2Tl2O8,9.077951183930438
1295,SmMn0.5Rh0.5O3,-4.448166437178426
44,Cu31S16,8.160518247477505
788,Tl2Nb2O6.11,-14.851148047470996
1002,BaSc2Te4,12.468436909997665
1137,Ba3Cu14.4Te2.7Se8.3,9.472704636443673
24,GaS,-10.501324553291749
1235,H0.27V0.27W0.73O3H2O0.3,-5.8781358618009785
832,HRbSeO40.19SO40.81,-8.468403027246806
1193,Re3Sn0.3As6.7,11.198214720130528
591,Ca0.5TiPb0.5O3,-11.59630707390928
1677,NaTaMoO6,-13.00014574468008
973,Li1.33Rh0.67O2,1.3862943611198906
1056,BaBi2Se4,9.472704636443673
109,FeBiO3,-8.514122909559019
1160,Cs0.36Cu2.64PrTe3,11.255449234575513
1354,Na0.01Ca0.04Pb0.95Se,12.356215303959893
222,LiCoO2,3.4011973816621555
1052,ZnSO4CSN2H43,-20.245790192861975
1311,Sr0.4La0.6Fe0.6Co0.2Ni0.2O3,10.126631103850338
722,Sm4Fe2.162Al6.838Si8,13.38472764187182
55,InP,-12.68766314402783
1679,Li8Zn2TiO8,-16.11809565095832
253,ScN,14.690979295318174
1616,Al0.2Pb0.9Sn0.9F4.2,-13.3580857109254
1072,Mg0.5Zn0.5Fe2Ni0.2O4,-10.519673691959945
1492,Zn0.1La0.9CrO3,2.8154087194227095
642,Na0.05Ba0.9La0.05TiO3,-15.26794472158871
545,Sr0.5La0.5FeO3,8.160518247477505
477,H2NH4PO4,-17.059704190816763
949,CaNdCrO4,4.007333185232471
843,Sr0.85Yb4.15Al2Sb6,10.915088464214607
63,Sb2Se3,-9.190537744680004
413,Ca0.5La0.5Ti0.5Cr0.5O3,4.867534450455582
384,Bi1.74Sb0.26Se3,12.417143615610113
1693,Cu2Ga0.025Sn0.975Se3,10.370361288772935
974,Sr0.95Y0.05TiO3,9.358760377094455
1346,K7.5Ag13.5La6Te27,7.24422751560335
884,K0.54Sn3.54Bi11.46Se21,12.100712129872347
451,Cu0.25Cd0.5In0.25S,-15.01948336229021
1258,Rb2Mo8C2O4S8O8OH8H2O14,-7.902007552326004
656,TlGaSeS,-13.72020037815995
1486,Ca0.85Cu3Gd0.1Ti4O12,-1.3470736479666092
1448,Cu4Cd0.25YbIn0.75,12.542544882151386
1485,Zn0.92Nb1.44Sn0.06Bi1.5O6.89,-18.607010322143857
1327,Na0.05Pb0.45Sn0.45Bi0.05Te,11.813030057420567
369,Pr2Br5,-3.649658740960655
689,GaSe0.75S0.25,-11.250561200502737
219,Pr2I5,-2.7488721956224653
1591,AgCuHgI4,-6.522492878191493
1320,Ag5PO4Te,-10.008848068193954
21,FeO,8.8023721336499
760,ZnLaSbO,6.396929655216146
869,Cu0.5Bi0.5PSe3,-4.226733750267846
420,CuGaO2,-1.1086626245216111
1349,K0.04Pb0.87Sb0.04Te0.96,11.289781913656018
199,VFe2Al,14.180153671552183
450,Na0.67Ti0.67Ni0.33O2,-6.502290170873972
1161,Al0.33In2.33S4,-18.32537056414804
1019,Li3.2Si0.2P0.8S4,-2.7488721956224653
911,BaAgCuTe2,2.995732273553991
696,Cs4Zr3Te16,-2.995732273553991
811,NaUO24VO43,-3.1535563587475584
1236,Li5Al5Si5O20H2O8,-7.195437351433918
1698,Cu3Zr35Ti45Ni17,13.077366011473593
910,BaCu2Te2,9.441452092939569
1521,Sr2CuCO30.96O2.05,2.995732273553991
1049,Hg0.55W2Cl6O2,1.667706820558076
505,Zn0.5Fe2Ni0.5O4,-2.7762755100977765
1540,K0.18Li0.82Bi3S5,-4.947660494934867
1255,K2Mo8C2O4S8O8OH8H2O14,-7.799353398265921
405,Tl3GeTe3,5.703782474656201
317,In0.2Bi1.8Te3,10.045421048424794
183,RuO2,14.151982794585487
1120,H2RbPO4,-24.335184249924218
1576,Ca2.01Co2Bi1.74O7.38,8.732304571033183
609,Cu0.96Cd0.08Al0.96S2,0.5877866649021191
626,SrLaVO4,5.393627546352362
485,LiMn1.5Fe0.5O4,-8.143906981672307
278,Na0.5Lu0.5F2,31.489643344629577
630,BaMgLaTaO6,-14.413347558719895
20,CuO,2.9444389791664403
170,KI,-14.685394917024274
1425,Sr0.28Co4Sb12.88,12.452346614233237
901,V2O5,1.1969481893889715
1039,Sr2Ti0.19Ru0.81O4,7.438383530044307
176,Ge0.85Sb0.10Te,11.127262984158243
327,ZnSiAs2,5.815472914008897
706,ZnLaPO,2.8905828467264607
1222,K2Al2O3F2,-17.322068455284256
470,Ti3GeC2,15.319587954740548
1649,Li2CaCu3O5,0.9162907318741551
266,Bi2Te1.5Se1.5,11.198214720130528
615,Sr4Ga8Ge15,11.184421397998193
1516,HNH43SO42,-16.580131110554877
130,Ni0.75Te,1.9110228900548727
865,K2Ba2Zn3Ge20,12.206072645530174
1638,K0.46Nb2Pb0.77O6,-8.947976107508692
1362,SrCu0.2Ti0.1Fe0.7O2.8,-4.199705077879927
1584,BiOH3,-9.91353788838963
489,LaNiO3,12.061046873479915
606,TaS3,12.206072645530174
1217,Co0.96Bi1.56Sb1.48O7,-11.33897215784679
1164,Ba2Cu5.53Te4S,5.393627546352362
416,Sr0.5Cu2La1.5O5,12.396693005138824
1500,Mn2FeS4,0.26236426446749106
152,Yb2O3,-12.206072645530174
889,BaV10O15,4.787491742782046
849,Ca0.8Eu0.2MnO3,5.3471075307174685
279,Na0.5Yb0.5F2,30.60143558149825
1034,Cs2PtCN4Cl0.30,9.268609280100158
269,CuFe2O4,-4.671539715732619
96,Be12Mo,15.424948470398375
210,MoS2,-6.3771270279199666
1532,Zr1.0B105,-6.767993336606978
569,Ba0.5Sr0.5CoO2.5,4.248495242049359
1646,Fe0.5In0.33PS3,-12.716898269296165
871,Ag0.5Bi0.5PSe3,-2.758291417538957
1572,PbBiSe2,10.770588040219511
1566,Ag3InCl6,-7.600902459542082
532,CrFeNiO4,-5.06720564558465
1643,Fe0.02Ga1.98Te3,-15.424948470398375
1356,Na0.01Sr0.04Pb0.95Se,12.394624752074764
1099,Th3Co3Sb4,12.84792653170257
712,CuNdSO,-2.995732273553991
77,NiSe,14.508657738524219
263,WO3,-9.903487552536127
1699,Li4Mg3Sn5O15,-14.707108677248058
149,Ge2Bi10Te17,11.695247021764184
1538,Rb0.5Pb1.75Bi5.7Se10,11.571194373094205
1650,Li2MgCu3O5.2,-2.2681836662767134
469,TlMo3Se3,14.508657738524219
564,CaTi4Bi4O15,-11.107293704082743
461,Sr8Fe8O23,4.454347296253507
1277,Mn0.5Fe0.5PS3,-12.356895535264757
896,AgCd0.8Mn1.2GaS4,-18.420680743952367
1393,Cu0.01Bi1.99Te2.7Se0.3,11.247656987355347
1345,BaBiTe3,8.34283980427146
695,HCsSO4,-8.940313234763122
1175,Fe0.5Ni0.5PS3,-10.289150033348113
928,Ba0.1Mn2Bi0.9O5,-10.982297213908058
1326,Na0.05Pb0.9Sb0.05Te,11.728036844587175
1214,Eu2RuCoO6,0.1823215567939546
586,Ba2Cu2.95YAl0.05O7,10.819858281210454
1372,Pb5Bi8O17,-27.631021115928547
243,LiNbO3,-25.72147861104411
1111,Li0.93Mn2.07O4,-0.9942522733438669
751,Tl2HfSe3,-0.941608539858445
1625,BaNb0.5Fe0.5O3,-7.600902459542082
1442,W0.004Re0.996Se2,3.295836866004329
1312,K2PtCN4Cl0.3H2O3,13.514405465180353
648,Cu0.6La2Co0.4O4,-5.39482826692888
1190,Gd0.3Mn0.7S,-11.736069016284437
595,CdS,-11.767817714599019
313,BaSnO3,5.093750200806762
933,Cu3P8Se6I3,-4.448166437178426
155,SnBi4Te7,12.554261685818608
1380,La0.05Zr0.536Ti0.439Pb0.9Bi0.05O3,-10.008848068193954
1405,Tl2Sn0.75Ge0.25Te5,8.583542571957771
1303,Li0.5VO2,0.0
1150,Ba2.1TiFe4Pb2.9O13,-5.2476242522325185
999,ZnLa2RhO6,1.0986122886681098
1046,K4Nd2Si8O21,18.51599092375669
1306,NdPd3S4,12.994530005894443
1495,Er0.08Zr0.588Ti0.392Pb0.92O3,-12.000685815805223
1391,Ga0.5In0.5N,10.82774645405946
25,In4Se3,4.605170185988092
196,Ag0.5Sb0.5Te,10.410305154904579
1088,Ag2P3I2,-5.115995809754082
15,Bi2O3,-10.303965119133254
1490,CaCu3Zr0.2Ti3.8O12,-4.017383521085972
1321,Zn0.85Y0.15Fe2O4,-10.680016342035124
883,CaCoO3,8.160518247477505
621,TiCo0.2Se2,8.517193191416238
1360,Mg0.9Cu0.1Mn0.1Fe1.7In0.2O4,-11.50297513411706
1050,Zn1.33Nb1.67Sn2Bi3O14,-16.527568780464023
1612,ZnHo2ZrO6,-10.804889671916532
1067,BaNb0.5Fe0.25Co0.25O3,-10.819778284410283
497,Ti0.5V0.5O2,13.592367006650065
792,Na0.42Li0.69V6O15,-5.206650178022213
964,Zn1.55In0.9Sn0.55O4,3.4011973816621555
515,Zn0.5Mn0.5Fe2O4,2.1041341542702074
1663,Nd0.06Co4In0.16Sb11.93,11.440354772135393
1585,DyBiOH6,-9.48609387356269
1478,Ba0.9Sr0.1Ti2Fe4O11,-6.16581793425276
1411,Zn6.67Sb4.93Te0.07,11.429543856031177
1095,KV3Te3O0.42,0.8754687373538999
542,Ca0.5La0.5MnO3,8.656955133791396
456,ZrWO42,-13.815510557964274
633,Gd2Mo2O7,9.457200449907708
431,Li0.5Fe2.5O4,-4.814041078015582
627,SrPrVO4,5.298317366548036
728,K1.46Sn3.09Bi7.45Se15,9.305650551780507
1288,K12Al12Si12O48H2O20,-6.938214486466846
209,SmB6,13.122363377404328
316,Li3As,3.912023005428146
513,BaFe6NiO11,0.5877866649021191
1337,Hf0.5Zr0.5Co0.5Rh0.5Sn0.01Sb0.99,8.492900498847193
1558,Mo3Ni0.05Sb5.4Te1.6,12.100712129872347
829,CuEuSF,5.247024072160486
319,Fe2CoO4,-2.9022419304666522
1031,K2PtCN4H2O3,-14.038654109278484
1417,Li1.27Y0.02Sc0.25Ti1.73PO43,-1.720369473141382
141,ReSe2,0.1823215567939546
1110,AgZn1.5Cd0.5GaS4,-17.322068455284256
1502,Mg0.06GdFe0.94O3,-4.605170185988091
1527,CuNi0.025Ga0.975O2,-0.4307829160924542
753,Li0.95Mn2.05O4,-11.928440908931893
1001,SrSc2Te4,11.918390573078392
1239,K5.70Ba0.30Bi6O18H2O,-6.907755278982137
580,Cu4CdYb,14.978661367769956
562,TlBi0.5Sb0.5Te2,5.493061443340548
398,GdAl2.90Ge0.10,14.914122846632385
668,Ba0.6Bi0.4F2.4,-17.391061326771208
1514,KCe0.005NbO3,-9.210340371976182
252,PbSe0.5S0.5,10.581521095286025
907,CuScO2,2.772588722239781
468,ZnCr2Se4,-6.450330431943262
914,NH4VAsO4F,-5.045226738865875
357,ErTe3,14.077874822431765
1278,La0.032Zr0.588Ti0.392Ga0.048Pb0.92O3,-17.034386382832476
1300,K1.16Ba0.72Ti5.58Fe0.36O13,-9.959000262466386
1202,K2Cu5Te5,14.22097566607244
1305,K2Ag3CeTe4,0.0
1414,TiNiSn0.998Sb0.002,11.512925464970229
508,TiFe2Se4,13.3549026503589
749,LiZr2PO43,-7.824046010856292
1607,V1.5Mo0.5O5,-2.333044300478754
129,GeTe,13.276799730708747
144,TiSe2,11.407564949312402
960,La0.57Nd0.1Ti0.2Mn0.8Pb0.33O3,-1.8734034582685652
847,K4Ga4Sn19,9.350102314351341
1669,CaCe0.5Nb0.5O3,-17.034386382832476
715,BaYFe2O5,-3.4609473860679296
905,Ce0.33Rh2Bi0.67O5,8.699514748210191
1096,KNd3Te8,2.302585092994046
235,V6O11,11.326595886778735
1061,La2RuCoO6,0.6418538861723947
